typename,original,columOpt_prealloc,columOpt_prealloc_V1,fminknap,resOpt,resFmin
uncorr,0.000754,0.000217,0.000215,0.000008,648.577255,648.577255,648.577255
uncorr,0.000733,0.000220,0.000203,0.000004,653.447543,653.447543,653.447543
uncorr,0.000764,0.000331,0.000203,0.000004,584.901617,584.901617,584.901617
uncorr,0.000747,0.000208,0.000209,0.000007,675.987014,675.987014,675.987014
uncorr,0.000760,0.000225,0.000203,0.000007,441.255688,441.255688,441.255688
uncorr,0.000752,0.000202,0.000203,0.000006,616.950094,616.950094,616.950094
uncorr,0.000876,0.000201,0.000201,0.000008,604.618259,604.618259,604.618259
uncorr,0.000788,0.000201,0.000207,0.000003,659.978003,659.978003,659.978003
uncorr,0.000739,0.000203,0.000203,0.000006,451.220892,451.220892,451.220892
uncorr,0.000764,0.000351,0.000205,0.000005,596.014058,596.014058,596.014058
uncorr,0.000746,0.000204,0.000204,0.000005,465.773508,465.773508,465.773508
uncorr,0.000767,0.000256,0.000204,0.000006,727.351061,727.351061,727.351061
uncorr,0.000744,0.000209,0.000205,0.000005,699.647989,699.647989,699.647989
uncorr,0.000739,0.000219,0.000203,0.000003,537.632795,537.632795,537.632795
uncorr,0.000760,0.000204,0.000205,0.000007,527.389116,527.389116,527.389116
uncorr,0.000911,0.000201,0.000202,0.000009,512.327335,512.327335,512.327335
uncorr,0.000742,0.000204,0.000250,0.000004,617.007934,617.007934,617.007934
uncorr,0.000747,0.000203,0.000204,0.000007,431.395687,431.395687,431.395687
uncorr,0.000735,0.000201,0.000203,0.000005,715.268729,715.268729,715.268729
uncorr,0.000745,0.000201,0.000202,0.000004,723.507282,723.507282,723.507282
uncorr,0.000922,0.000202,0.000203,0.000005,541.908599,541.908599,541.908599
uncorr,0.000749,0.000202,0.000203,0.000007,666.809165,666.809165,666.809165
uncorr,0.000739,0.000208,0.000272,0.000004,564.082554,564.082554,564.082554
uncorr,0.000783,0.000204,0.000204,0.000006,486.777310,486.777310,486.777310
uncorr,0.000913,0.000215,0.000215,0.000005,686.434826,686.434826,686.434826
uncorr,0.000732,0.000203,0.000203,0.000006,617.526562,617.526562,617.526562
uncorr,0.000781,0.000203,0.000203,0.000004,619.535074,619.535074,619.535074
uncorr,0.000733,0.000204,0.000204,0.000004,445.717297,445.717297,445.717297
uncorr,0.000744,0.000215,0.000243,0.000008,648.711421,648.711421,648.711421
uncorr,0.000976,0.000202,0.000203,0.000004,424.484870,424.484870,424.484870
uncorr,0.000768,0.000204,0.000204,0.000004,508.541456,508.541456,508.541456
uncorr,0.000733,0.000208,0.000271,0.000006,703.955577,703.955577,703.955577
uncorr,0.000738,0.000204,0.000205,0.000004,677.622192,677.622192,677.622192
uncorr,0.000777,0.000204,0.000205,0.000007,521.556601,521.556601,521.556601
uncorr,0.000746,0.000203,0.000365,0.000006,663.670061,663.670061,663.670061
uncorr,0.000802,0.000204,0.000205,0.000005,588.626329,588.626329,588.626329
uncorr,0.000750,0.000203,0.000203,0.000006,657.388260,657.388260,657.388260
uncorr,0.000889,0.000203,0.000203,0.000005,554.042650,554.042650,554.042650
uncorr,0.001037,0.000202,0.000205,0.000006,623.943023,623.943023,623.943023
uncorr,0.000751,0.000208,0.000205,0.000003,554.573317,554.573317,554.573317
uncorr,0.000753,0.000211,0.000203,0.000005,622.976767,622.976767,622.976767
uncorr,0.000748,0.000208,0.000203,0.000003,749.965250,749.965250,749.965250
uncorr,0.000776,0.000201,0.000202,0.000005,605.440624,605.440624,605.440624
uncorr,0.000749,0.000203,0.000202,0.000016,523.298018,523.298018,523.298018
uncorr,0.000751,0.000202,0.000203,0.000004,692.280768,692.280768,692.280768
uncorr,0.000755,0.000283,0.000243,0.000007,538.610277,538.610277,538.610277
uncorr,0.000741,0.000203,0.000204,0.000005,594.244837,594.244837,594.244837
uncorr,0.000790,0.000202,0.000201,0.000006,578.744676,578.744676,578.744676
uncorr,0.000749,0.000371,0.000202,0.000005,446.895972,446.895972,446.895972
uncorr,0.000772,0.000204,0.000204,0.000006,509.545506,509.545506,509.545506
uncorr,0.000764,0.000205,0.000205,0.000006,562.697223,562.697223,562.697223
uncorr,0.000747,0.000203,0.000204,0.000006,639.105822,639.105822,639.105822
uncorr,0.001313,0.000203,0.000207,0.000009,647.692856,647.692856,647.692856
uncorr,0.000860,0.000209,0.000209,0.000005,519.430433,519.430433,519.430433
uncorr,0.000775,0.000204,0.000204,0.000006,802.315980,802.315980,802.315980
uncorr,0.001024,0.000203,0.000203,0.000006,654.554837,654.554837,654.554837
uncorr,0.001106,0.000202,0.000211,0.000010,525.794627,525.794627,525.794627
uncorr,0.001392,0.000335,0.000333,0.000007,563.987117,563.987117,563.987117
uncorr,0.001064,0.000360,0.000385,0.000008,470.866471,470.866471,470.866471
uncorr,0.001150,0.000324,0.000414,0.000006,650.845331,650.845331,650.845331
uncorr,0.000775,0.000514,0.000230,0.000006,458.139106,458.139106,458.139106
uncorr,0.000747,0.000210,0.000204,0.000005,633.319007,633.319007,633.319007
uncorr,0.000742,0.000202,0.000203,0.000006,630.537224,630.537224,630.537224
uncorr,0.000746,0.000268,0.000208,0.000004,627.396220,627.396220,627.396220
uncorr,0.000770,0.000204,0.000204,0.000005,525.546676,525.546676,525.546676
uncorr,0.000743,0.000202,0.000203,0.000005,691.427610,691.427610,691.427610
uncorr,0.000731,0.000201,0.000203,0.000003,562.273686,562.273686,562.273686
uncorr,0.000774,0.000202,0.000202,0.000007,674.592585,674.592585,674.592585
uncorr,0.000741,0.000291,0.000202,0.000006,666.846018,666.846018,666.846018
uncorr,0.000777,0.000214,0.000204,0.000005,592.994283,592.994283,592.994283
uncorr,0.000741,0.000202,0.000202,0.000005,595.701626,595.701626,595.701626
uncorr,0.000744,0.000201,0.000202,0.000004,775.339439,775.339439,775.339439
uncorr,0.001022,0.000202,0.000204,0.000006,611.636516,611.636516,611.636516
uncorr,0.000753,0.000202,0.000203,0.000005,602.945711,602.945711,602.945711
uncorr,0.000742,0.000208,0.000208,0.000008,630.080593,630.080593,630.080593
uncorr,0.000743,0.000201,0.000202,0.000005,564.418840,564.418840,564.418840
uncorr,0.000781,0.000203,0.000204,0.000004,590.147885,590.147885,590.147885
uncorr,0.000974,0.000201,0.000320,0.000004,492.292262,492.292262,492.292262
uncorr,0.000782,0.000209,0.000209,0.000005,662.928878,662.928878,662.928878
uncorr,0.000753,0.000203,0.000203,0.000006,659.283136,659.283136,659.283136
uncorr,0.000768,0.000202,0.000202,0.000004,646.562047,646.562047,646.562047
uncorr,0.001008,0.000202,0.000203,0.000004,609.017257,609.017257,609.017257
uncorr,0.000753,0.000202,0.000203,0.000004,569.439627,569.439627,569.439627
uncorr,0.000738,0.000201,0.000213,0.000004,739.331522,739.331522,739.331522
uncorr,0.000748,0.000211,0.000204,0.000005,619.552218,619.552218,619.552218
uncorr,0.000800,0.000201,0.000202,0.000005,671.252220,671.252220,671.252220
uncorr,0.000738,0.000203,0.000209,0.000005,629.870455,629.870455,629.870455
uncorr,0.000754,0.000202,0.000203,0.000003,550.655040,550.655040,550.655040
uncorr,0.000742,0.000246,0.000203,0.000005,739.085520,739.085520,739.085520
uncorr,0.000732,0.000214,0.000204,0.000004,655.538388,655.538388,655.538388
uncorr,0.000779,0.000202,0.000202,0.000007,740.855236,740.855236,740.855236
uncorr,0.000755,0.000417,0.000208,0.000005,757.069311,757.069311,757.069311
uncorr,0.001378,0.000203,0.000205,0.000012,512.992534,512.992534,512.992534
uncorr,0.000935,0.000447,0.000421,0.000010,596.380345,596.380345,596.380345
uncorr,0.000747,0.000252,0.000221,0.000005,580.900626,580.900626,580.900626
uncorr,0.000746,0.000205,0.000204,0.000004,665.292343,665.292343,665.292343
uncorr,0.000751,0.000226,0.000206,0.000005,594.468567,594.468567,594.468567
uncorr,0.000743,0.000200,0.000201,0.000004,675.914125,675.914125,675.914125
uncorr,0.000803,0.000201,0.000201,0.000006,537.894471,537.894471,537.894471
uncorr,0.000773,0.000389,0.000306,0.000004,698.438670,698.438670,698.438670
almost,0.000751,0.000207,0.000207,0.000005,542.174135,542.174135,542.174135
almost,0.000756,0.000203,0.000204,0.000006,472.232332,472.232332,472.232332
almost,0.000781,0.000204,0.000204,0.000007,451.131167,451.131167,451.131167
almost,0.000752,0.000205,0.000218,0.000007,446.212845,446.212845,446.212845
almost,0.000746,0.000205,0.000205,0.000005,498.999157,498.999157,498.999157
almost,0.000982,0.000206,0.000207,0.000007,485.047024,485.047024,485.047024
almost,0.000797,0.000217,0.000216,0.000004,482.864852,482.864852,482.864852
almost,0.001092,0.000274,0.000375,0.000012,504.063972,504.063972,504.063972
almost,0.001105,0.000349,0.000341,0.000011,508.626820,508.626820,508.626820
almost,0.001054,0.000210,0.000212,0.000008,498.645782,498.645782,498.645782
almost,0.000939,0.000215,0.000216,0.000004,601.238044,601.238044,601.238044
almost,0.000761,0.000203,0.000204,0.000006,640.943346,640.943346,640.943346
almost,0.000771,0.000203,0.000203,0.000005,737.946106,737.946106,737.946106
almost,0.000755,0.000205,0.000205,0.000006,458.445621,458.445621,458.445621
almost,0.000747,0.000205,0.000206,0.000006,475.590151,475.590151,475.590151
almost,0.000760,0.000307,0.000205,0.000004,530.655939,530.655939,530.655939
almost,0.000745,0.000204,0.000205,0.000005,648.987857,648.987857,648.987857
almost,0.000749,0.000239,0.000204,0.000008,482.807501,482.807501,482.807501
almost,0.000750,0.000204,0.000205,0.000006,590.405976,590.405976,590.405976
almost,0.000754,0.000206,0.000205,0.000004,542.545560,542.545560,542.545560
almost,0.000749,0.000366,0.000204,0.000006,539.393431,539.393431,539.393431
almost,0.000759,0.000204,0.000205,0.000005,579.761760,579.761760,579.761760
almost,0.000765,0.000406,0.000219,0.000004,468.836056,468.836056,468.836056
almost,0.000768,0.000208,0.000204,0.000007,575.016568,575.016568,575.016568
almost,0.000878,0.000204,0.000214,0.000004,519.172495,519.172495,519.172495
almost,0.000748,0.000204,0.000204,0.000003,550.502875,550.502875,550.502875
almost,0.002008,0.000271,0.000236,0.000005,575.621031,575.621031,575.621031
almost,0.000948,0.000217,0.000218,0.000007,519.488733,519.488733,519.488733
almost,0.001693,0.000208,0.000423,0.000007,457.136362,457.136362,457.136362
almost,0.000996,0.000231,0.000231,0.000006,482.653635,482.653635,482.653635
almost,0.000757,0.000211,0.000210,0.000007,497.472676,497.472676,497.472676
almost,0.000952,0.000207,0.000208,0.000010,439.839627,439.839627,439.839627
almost,0.000751,0.000205,0.000207,0.000006,411.785284,411.785284,411.785284
almost,0.000776,0.000211,0.000207,0.000003,473.453930,473.453930,473.453930
almost,0.000940,0.000209,0.000207,0.000007,439.390415,439.390415,439.390415
almost,0.000760,0.000206,0.000207,0.000004,638.269872,638.269872,638.269872
almost,0.000752,0.000204,0.000298,0.000005,493.153436,493.153436,493.153436
almost,0.000792,0.000205,0.000206,0.000006,544.625067,544.625067,544.625067
almost,0.000782,0.000205,0.000205,0.000008,461.820075,461.820075,461.820075
almost,0.000736,0.000204,0.000205,0.000008,582.527942,582.527942,582.527942
almost,0.000979,0.000205,0.000213,0.000002,535.987225,535.987225,535.987225
almost,0.000752,0.000205,0.000210,0.000005,621.666545,621.666545,621.666545
almost,0.000763,0.000423,0.000212,0.000007,567.924574,567.924574,567.924574
almost,0.000752,0.000206,0.000207,0.000006,474.003005,474.003005,474.003005
almost,0.000755,0.000207,0.000207,0.000009,419.325401,419.325401,419.325401
almost,0.000760,0.000212,0.000255,0.000003,478.903414,478.903414,478.903414
almost,0.000781,0.000204,0.000204,0.000004,461.525719,461.525719,461.525719
almost,0.000753,0.000205,0.000205,0.000007,665.487064,665.487064,665.487064
almost,0.000749,0.000204,0.000206,0.000005,560.698329,560.698329,560.698329
almost,0.001019,0.000204,0.000205,0.000006,501.114543,501.114543,501.114543
almost,0.000758,0.000210,0.000210,0.000005,571.358963,571.358963,571.358963
almost,0.000749,0.000210,0.000206,0.000005,557.223595,557.223595,557.223595
almost,0.000750,0.000204,0.000204,0.000007,527.073263,527.073263,527.073263
almost,0.000755,0.000205,0.000205,0.000006,597.473163,597.473163,597.473163
almost,0.000755,0.000207,0.000208,0.000005,572.761013,572.761013,572.761013
almost,0.000750,0.000204,0.000205,0.000006,457.186343,457.186343,457.186343
almost,0.000767,0.000203,0.000210,0.000006,513.610000,513.610000,513.610000
almost,0.000749,0.000204,0.000208,0.000004,614.881229,614.881229,614.881229
almost,0.000903,0.000204,0.000205,0.000004,551.970457,551.970457,551.970457
almost,0.000756,0.000270,0.000210,0.000007,510.044462,510.044462,510.044462
almost,0.000976,0.000204,0.000205,0.000006,525.138447,525.138447,525.138447
almost,0.001319,0.000212,0.000218,0.000008,449.015742,449.015742,449.015742
almost,0.000767,0.000220,0.000253,0.000006,541.257544,541.257544,541.257544
almost,0.000761,0.000212,0.000211,0.000005,497.378412,497.378412,497.378412
almost,0.000753,0.000204,0.000261,0.000004,447.068125,447.068125,447.068125
almost,0.001018,0.000207,0.000207,0.000004,469.995820,469.995820,469.995820
almost,0.001102,0.000213,0.000212,0.000009,513.684787,513.684787,513.684787
almost,0.001402,0.000212,0.000207,0.000009,544.491745,544.491745,544.491745
almost,0.000755,0.000306,0.000210,0.000005,470.605182,470.605182,470.605182
almost,0.000748,0.000204,0.000213,0.000006,538.763992,538.763992,538.763992
almost,0.000883,0.000205,0.000205,0.000004,502.248343,502.248343,502.248343
almost,0.000771,0.000205,0.000206,0.000004,543.599967,543.599967,543.599967
almost,0.000755,0.000206,0.000206,0.000005,604.848468,604.848468,604.848468
almost,0.000747,0.000205,0.000209,0.000006,430.927648,430.927648,430.927648
almost,0.000763,0.000205,0.000205,0.000007,409.388242,409.388242,409.388242
almost,0.000756,0.000205,0.000240,0.000006,383.482781,383.482781,383.482781
almost,0.000798,0.000205,0.000206,0.000005,502.964829,502.964829,502.964829
almost,0.000758,0.000207,0.000207,0.000003,530.965057,530.965057,530.965057
almost,0.000744,0.000204,0.000205,0.000004,522.015633,522.015633,522.015633
almost,0.000821,0.000723,0.000220,0.000006,566.676616,566.676616,566.676616
almost,0.000751,0.000206,0.000206,0.000005,645.845122,645.845122,645.845122
almost,0.000749,0.000203,0.000204,0.000004,519.559744,519.559744,519.559744
almost,0.000744,0.000329,0.000206,0.000006,527.658044,527.658044,527.658044
almost,0.000757,0.000207,0.000207,0.000005,414.219665,414.219665,414.219665
almost,0.000752,0.000204,0.000381,0.000003,546.954931,546.954931,546.954931
almost,0.000808,0.000205,0.000206,0.000008,360.889533,360.889533,360.889533
almost,0.000884,0.000271,0.000205,0.000006,598.674702,598.674702,598.674702
almost,0.000750,0.000204,0.000205,0.000006,563.623632,563.623632,563.623632
almost,0.000943,0.000204,0.000206,0.000006,396.692173,396.692173,396.692173
almost,0.000750,0.000206,0.000214,0.000007,479.840317,479.840317,479.840317
almost,0.000749,0.000205,0.000205,0.000008,460.949053,460.949053,460.949053
almost,0.000749,0.000203,0.000205,0.000006,496.432942,496.432942,496.432942
almost,0.000979,0.000203,0.000204,0.000005,497.047230,497.047230,497.047230
almost,0.000806,0.001144,0.000501,0.000004,575.842710,575.842710,575.842710
almost,0.000750,0.000240,0.000205,0.000006,601.809734,601.809734,601.809734
almost,0.000765,0.000204,0.000205,0.000005,547.759526,547.759526,547.759526
almost,0.001085,0.000207,0.000212,0.000005,590.819442,590.819442,590.819442
almost,0.000746,0.000208,0.000209,0.000010,427.181632,427.181632,427.181632
almost,0.000751,0.000204,0.000205,0.000007,631.432300,631.432300,631.432300
almost,0.000774,0.000205,0.000205,0.000006,590.651365,590.651365,590.651365
inv,0.000995,0.000209,0.000208,0.000006,375.923665,375.923665,375.923665
inv,0.000849,0.000269,0.000206,0.000005,397.450816,397.450816,397.450816
inv,0.000832,0.000204,0.000205,0.000004,356.088237,356.088237,356.088237
inv,0.000849,0.000205,0.000205,0.000004,480.810653,480.810653,480.810653
inv,0.000867,0.000207,0.000206,0.000005,311.640572,311.640572,311.640572
inv,0.000825,0.000290,0.000266,0.000004,335.635178,335.635178,335.635178
inv,0.000866,0.000206,0.000206,0.000005,291.099391,291.099391,291.099391
inv,0.000823,0.000215,0.000204,0.000004,422.873072,422.873072,422.873072
inv,0.000823,0.000204,0.000205,0.000003,468.542822,468.542822,468.542822
inv,0.000886,0.000275,0.000204,0.000006,394.949887,394.949887,394.949887
inv,0.000853,0.000204,0.000205,0.000007,370.520575,370.520575,370.520575
inv,0.000826,0.000207,0.000207,0.000004,351.863972,351.863972,351.863972
inv,0.000836,0.000204,0.000210,0.000004,361.268524,361.268524,361.268524
inv,0.001060,0.000205,0.000214,0.000005,350.918984,350.918984,350.918984
inv,0.004580,0.000208,0.000206,0.000005,371.230100,371.230100,371.230100
inv,0.001346,0.000235,0.000232,0.000008,370.970524,370.970524,370.970524
inv,0.000837,0.000226,0.000224,0.000007,320.511038,320.511038,320.511038
inv,0.000833,0.000232,0.000205,0.000007,435.852128,435.852128,435.852128
inv,0.000963,0.000204,0.000203,0.000006,397.609012,397.609012,397.609012
inv,0.001308,0.000360,0.000359,0.000010,380.468177,380.468177,380.468177
inv,0.001302,0.000338,0.000332,0.000005,326.640726,326.640726,326.640726
inv,0.000854,0.000254,0.000208,0.000005,361.281938,361.281938,361.281938
inv,0.001145,0.000207,0.000206,0.000006,423.164856,423.164856,423.164856
inv,0.000827,0.000222,0.000218,0.000006,384.880820,384.880820,384.880820
inv,0.000846,0.000206,0.000290,0.000005,372.646469,372.646469,372.646469
inv,0.000840,0.000205,0.000205,0.000004,391.022201,391.022201,391.022201
inv,0.001028,0.000240,0.000211,0.000005,378.527907,378.527907,378.527907
inv,0.000833,0.000213,0.000212,0.000005,323.044649,323.044649,323.044649
inv,0.000823,0.000203,0.000203,0.000006,353.073379,353.073379,353.073379
inv,0.000830,0.000204,0.000205,0.000002,383.990621,383.990621,383.990621
inv,0.000832,0.000206,0.000206,0.000006,382.575740,382.575740,382.575740
inv,0.000994,0.000354,0.000206,0.000007,382.618816,382.618816,382.618816
inv,0.000858,0.000210,0.000210,0.000008,333.484800,333.484800,333.484800
inv,0.000826,0.000206,0.000213,0.000007,426.053626,426.053626,426.053626
inv,0.000883,0.000202,0.000203,0.000005,385.661286,385.661286,385.661286
inv,0.000855,0.000424,0.000205,0.000006,388.684110,388.684110,388.684110
inv,0.000834,0.000210,0.000205,0.000007,295.992406,295.992406,295.992406
inv,0.000825,0.000210,0.000211,0.000005,320.277419,320.277419,320.277419
inv,0.000937,0.000207,0.000207,0.000003,361.297192,361.297192,361.297192
inv,0.000824,0.000210,0.000388,0.000006,323.648829,323.648829,323.648829
inv,0.000895,0.000203,0.000204,0.000009,350.253864,350.253864,350.253864
inv,0.000826,0.000205,0.000205,0.000005,414.444735,414.444735,414.444735
inv,0.000830,0.000206,0.000206,0.000004,457.768006,457.768006,457.768006
inv,0.000826,0.000204,0.000204,0.000005,401.730005,401.730005,401.730005
inv,0.000883,0.000211,0.000205,0.000005,437.837884,437.837884,437.837884
inv,0.000856,0.000204,0.000348,0.000005,355.285606,355.285606,355.285606
inv,0.000825,0.000209,0.000203,0.000006,360.057283,360.057283,360.057283
inv,0.000933,0.000202,0.000204,0.000004,343.050388,343.050388,343.050388
inv,0.000827,0.000205,0.000234,0.000004,390.878027,390.878027,390.878027
inv,0.000836,0.000295,0.000205,0.000007,343.786493,343.786493,343.786493
inv,0.000824,0.000203,0.000204,0.000006,412.003338,412.003338,412.003338
inv,0.001303,0.000203,0.000204,0.000004,391.740082,391.740082,391.740082
inv,0.000826,0.000217,0.000217,0.000005,347.996132,347.996132,347.996132
inv,0.000825,0.000205,0.000258,0.000004,385.928693,385.928693,385.928693
inv,0.000831,0.000204,0.000204,0.000005,334.657730,334.657730,334.657730
inv,0.001056,0.000202,0.000203,0.000003,425.887431,425.887431,425.887431
inv,0.000833,0.000204,0.000205,0.000003,307.403675,307.403675,307.403675
inv,0.000824,0.000203,0.000203,0.000005,368.647668,368.647668,368.647668
inv,0.001929,0.000204,0.000204,0.000010,401.941172,401.941172,401.941172
inv,0.000843,0.000228,0.000209,0.000005,315.233790,315.233790,315.233790
inv,0.000835,0.000203,0.000203,0.000003,325.247075,325.247075,325.247075
inv,0.000825,0.000205,0.000272,0.000006,415.338655,415.338655,415.338655
inv,0.000824,0.000210,0.000204,0.000005,399.857599,399.857599,399.857599
inv,0.001015,0.000202,0.000204,0.000006,459.134167,459.134167,459.134167
inv,0.001254,0.000206,0.000206,0.000007,354.430055,354.430055,354.430055
inv,0.000830,0.000216,0.000229,0.000004,392.531654,392.531654,392.531654
inv,0.001076,0.000203,0.000203,0.000004,375.028323,375.028323,375.028323
inv,0.001640,0.000214,0.000268,0.000007,422.028980,422.028980,422.028980
inv,0.000832,0.000398,0.000399,0.000008,384.694055,384.694055,384.694055
inv,0.000827,0.000210,0.000206,0.000007,351.031506,351.031506,351.031506
inv,0.001001,0.000316,0.000311,0.000005,336.531220,336.531220,336.531220
inv,0.000878,0.000569,0.000324,0.000006,346.462875,346.462875,346.462875
inv,0.000827,0.000206,0.000210,0.000005,360.614982,360.614982,360.614982
inv,0.000852,0.000359,0.000390,0.000004,391.121209,391.121209,391.121209
inv,0.000868,0.000205,0.000205,0.000006,335.029335,335.029335,335.029335
inv,0.000825,0.000205,0.000206,0.000009,336.183476,336.183476,336.183476
inv,0.000833,0.000205,0.000204,0.000007,394.662300,394.662300,394.662300
inv,0.000843,0.000205,0.000204,0.000004,453.049916,453.049916,453.049916
inv,0.000866,0.000212,0.000210,0.000004,408.082760,408.082760,408.082760
inv,0.000875,0.000205,0.000204,0.000005,474.833700,474.833700,474.833700
inv,0.000833,0.000215,0.000213,0.000007,364.606705,364.606705,364.606705
inv,0.000854,0.000205,0.000206,0.000005,324.348474,324.348474,324.348474
inv,0.000839,0.000206,0.000205,0.000006,426.655437,426.655437,426.655437
inv,0.000833,0.000204,0.000205,0.000007,472.873572,472.873572,472.873572
inv,0.000825,0.000206,0.000206,0.000007,369.402289,369.402289,369.402289
inv,0.001032,0.000204,0.000256,0.000005,462.589153,462.589153,462.589153
inv,0.001223,0.000212,0.000211,0.000005,371.909796,371.909796,371.909796
inv,0.001276,0.000390,0.000370,0.000005,339.446725,339.446725,339.446725
inv,0.001351,0.000212,0.000211,0.000010,348.623121,348.623121,348.623121
inv,0.001075,0.000348,0.000366,0.000008,442.313535,442.313535,442.313535
inv,0.001647,0.000353,0.000356,0.000007,448.031333,448.031333,448.031333
inv,0.002203,0.001162,0.000423,0.000006,352.867274,352.867274,352.867274
inv,0.001312,0.000370,0.000430,0.000005,342.037420,342.037420,342.037420
inv,0.000830,0.000243,0.000252,0.000005,267.074206,267.074206,267.074206
inv,0.000910,0.000205,0.000206,0.000006,359.382248,359.382248,359.382248
inv,0.000830,0.000207,0.000207,0.000005,350.417356,350.417356,350.417356
inv,0.001043,0.000205,0.000205,0.000006,450.344838,450.344838,450.344838
inv,0.000857,0.000205,0.000205,0.000007,332.427956,332.427956,332.427956
inv,0.000964,0.000211,0.000205,0.000004,398.173620,398.173620,398.173620
inv,0.000851,0.000204,0.000216,0.000002,343.022613,343.022613,343.022613
str,0.000750,0.000208,0.000207,0.000008,544.085369,544.085369,544.085369
str,0.000748,0.000205,0.000280,0.000010,546.669608,546.669608,546.669608
str,0.000797,0.000204,0.000205,0.000006,618.295573,618.295573,618.295573
str,0.000795,0.000205,0.000505,0.000006,483.500214,483.500214,483.500214
str,0.000749,0.000213,0.000215,0.000008,552.561444,552.561444,552.561444
str,0.001069,0.000207,0.000215,0.000004,464.256631,464.256631,464.256631
str,0.000747,0.000210,0.000212,0.000007,506.978435,506.978435,506.978435
str,0.000747,0.000205,0.000206,0.000005,529.750036,529.750036,529.750036
str,0.000743,0.000205,0.000206,0.000010,451.445513,451.445513,451.445513
str,0.000752,0.000206,0.000206,0.000007,561.187365,561.187365,561.187365
str,0.000807,0.000206,0.000206,0.000007,493.414752,493.414752,493.414752
str,0.000820,0.000212,0.000206,0.000006,518.315761,518.315761,518.315761
str,0.000757,0.000204,0.000204,0.000003,532.368972,532.368972,532.368972
str,0.000771,0.000205,0.000206,0.000005,445.746181,445.746181,445.746181
str,0.001085,0.000206,0.000206,0.000004,610.263322,610.263322,610.263322
str,0.000732,0.000228,0.000212,0.000005,489.806989,489.806989,489.806989
str,0.000746,0.000208,0.000208,0.000007,535.150198,535.150198,535.150198
str,0.000798,0.000206,0.000207,0.000004,566.761567,566.761567,566.761567
str,0.000829,0.000207,0.000208,0.000007,490.057218,490.057218,490.057218
str,0.000804,0.000206,0.000207,0.000008,561.804668,561.804668,561.804668
str,0.001818,0.000318,0.000257,0.000012,418.701665,418.701665,418.701665
str,0.000777,0.000425,0.000701,0.000007,536.744196,536.744196,536.744196
str,0.000845,0.000213,0.000207,0.000007,392.491094,392.491094,392.491094
str,0.000735,0.000350,0.000209,0.000007,467.490453,467.490453,467.490453
str,0.000922,0.000206,0.000207,0.000006,523.446664,523.446664,523.446664
str,0.001342,0.000330,0.000343,0.000009,513.541896,513.541896,513.541896
str,0.000954,0.000280,0.000220,0.000006,410.127565,410.127565,410.127565
str,0.000746,0.000206,0.000205,0.000007,475.122821,475.122821,475.122821
str,0.000747,0.000220,0.000214,0.000004,507.344108,507.344108,507.344108
str,0.000754,0.000214,0.000213,0.000007,550.263229,550.263229,550.263229
str,0.000810,0.000339,0.000322,0.000006,611.166090,611.166090,611.166090
str,0.000755,0.000212,0.000421,0.000005,511.038255,511.038255,511.038255
str,0.000795,0.000205,0.000206,0.000005,516.702068,516.702068,516.702068
str,0.000743,0.000207,0.000207,0.000004,458.368132,458.368132,458.368132
str,0.000730,0.000205,0.000206,0.000006,660.989134,660.989134,660.989134
str,0.000880,0.000204,0.000205,0.000003,522.860598,522.860598,522.860598
str,0.000743,0.000205,0.000206,0.000005,524.488363,524.488363,524.488363
str,0.000739,0.000214,0.000206,0.000005,546.350064,546.350064,546.350064
str,0.000748,0.000205,0.000206,0.000006,452.527192,452.527192,452.527192
str,0.000769,0.000214,0.000215,0.000008,435.990638,435.990638,435.990638
str,0.000742,0.000206,0.000206,0.000005,535.399322,535.399322,535.399322
str,0.000748,0.000206,0.000207,0.000005,410.249800,410.249800,410.249800
str,0.000744,0.000222,0.000217,0.000007,477.232845,477.232845,477.232845
str,0.000743,0.000207,0.000207,0.000005,509.141780,509.141780,509.141780
str,0.000793,0.000208,0.000209,0.000006,462.932435,462.932435,462.932435
str,0.000836,0.000347,0.000228,0.000007,510.765023,510.765023,510.765023
str,0.000761,0.000377,0.000212,0.000005,519.914234,519.914234,519.914234
str,0.000745,0.000206,0.000207,0.000006,574.676340,574.676340,574.676340
str,0.000732,0.000206,0.000207,0.000006,580.622451,580.622451,580.622451
str,0.000863,0.000206,0.000206,0.000005,565.418398,565.418398,565.418398
str,0.000831,0.000208,0.000209,0.000006,452.876709,452.876709,452.876709
str,0.000743,0.000205,0.000246,0.000006,581.400570,581.400570,581.400570
str,0.000732,0.000205,0.000207,0.000002,612.172915,612.172915,612.172915
str,0.000748,0.000434,0.000206,0.000007,562.479087,562.479087,562.479087
str,0.000731,0.000272,0.000206,0.000008,605.844830,605.844830,605.844830
str,0.000765,0.000209,0.000209,0.000005,509.074329,509.074329,509.074329
str,0.000743,0.000206,0.000207,0.000003,490.613669,490.613669,490.613669
str,0.000742,0.000207,0.000208,0.000007,469.007567,469.007567,469.007567
str,0.001012,0.000206,0.000249,0.000005,560.300309,560.300309,560.300309
str,0.000733,0.000207,0.000206,0.000005,541.425908,541.425908,541.425908
str,0.000762,0.000205,0.000205,0.000009,544.021179,544.021179,544.021179
str,0.000744,0.000209,0.000292,0.000005,530.279183,530.279183,530.279183
str,0.000747,0.000206,0.000207,0.000006,578.585961,578.585961,578.585961
str,0.000746,0.000390,0.000206,0.000005,429.813963,429.813963,429.813963
str,0.000777,0.000204,0.000205,0.000009,625.194067,625.194067,625.194067
str,0.000731,0.000205,0.000206,0.000004,509.497692,509.497692,509.497692
str,0.000748,0.000208,0.000209,0.000006,467.726651,467.726651,467.726651
str,0.001266,0.000204,0.000215,0.000005,476.712172,476.712172,476.712172
str,0.000745,0.000217,0.000225,0.000005,531.952604,531.952604,531.952604
str,0.000750,0.000204,0.000206,0.000005,549.791337,549.791337,549.791337
str,0.000748,0.000208,0.000208,0.000006,489.879077,489.879077,489.879077
str,0.000767,0.000205,0.000213,0.000006,600.517909,600.517909,600.517909
str,0.000760,0.000207,0.000274,0.000006,467.015766,467.015766,467.015766
str,0.000768,0.000208,0.000208,0.000005,509.763655,509.763655,509.763655
str,0.000888,0.000205,0.000207,0.000004,445.151322,445.151322,445.151322
str,0.000758,0.000205,0.000206,0.000006,539.519492,539.519492,539.519492
str,0.001041,0.000205,0.000206,0.000006,520.602468,520.602468,520.602468
str,0.000772,0.000207,0.000207,0.000004,591.041904,591.041904,591.041904
str,0.000748,0.000204,0.000205,0.000004,540.972628,540.972628,540.972628
str,0.000745,0.000208,0.000208,0.000004,578.104136,578.104136,578.104136
str,0.000741,0.000208,0.000217,0.000005,583.817453,583.817453,583.817453
str,0.000746,0.000208,0.000207,0.000011,643.726653,643.726653,643.726653
str,0.000763,0.000205,0.000218,0.000004,380.301117,380.301117,380.301117
str,0.000745,0.000207,0.000207,0.000006,573.282035,573.282035,573.282035
str,0.000748,0.000213,0.000207,0.000009,483.292470,483.292470,483.292470
str,0.001824,0.000329,0.000356,0.000008,526.805231,526.805231,526.805231
str,0.000785,0.000905,0.000233,0.000004,487.748200,487.748200,487.748200
str,0.000751,0.000211,0.000206,0.000006,501.476085,501.476085,501.476085
str,0.000769,0.000207,0.000205,0.000008,494.519989,494.519989,494.519989
str,0.001096,0.000207,0.000207,0.000012,664.901758,664.901758,664.901758
str,0.001284,0.000352,0.000344,0.000010,538.573707,538.573707,538.573707
str,0.000800,0.000399,0.000377,0.000007,661.313998,661.313998,661.313998
str,0.000771,0.000303,0.000419,0.000006,434.745164,434.745164,434.745164
str,0.000744,0.000207,0.000206,0.000005,612.788950,612.788950,612.788950
str,0.000755,0.000207,0.000206,0.000009,575.494527,575.494527,575.494527
str,0.000741,0.000206,0.000206,0.000005,492.827238,492.827238,492.827238
str,0.000889,0.000205,0.000260,0.000006,523.694201,523.694201,523.694201
str,0.000732,0.000207,0.000208,0.000004,429.549837,429.549837,429.549837
str,0.000738,0.000203,0.000204,0.000005,575.798523,575.798523,575.798523
str,0.000733,0.000207,0.000209,0.000006,526.355321,526.355321,526.355321
weak,0.000923,0.000211,0.000204,0.000007,383.752275,383.752275,383.752275
weak,0.000744,0.000261,0.000212,0.000009,401.068827,401.068827,401.068827
weak,0.000748,0.000207,0.000207,0.000005,419.572636,419.572636,419.572636
weak,0.000753,0.000205,0.000205,0.000004,453.974886,453.974886,453.974886
weak,0.000765,0.000207,0.000206,0.000006,403.438892,403.438892,403.438892
weak,0.000746,0.000207,0.000207,0.000005,523.914770,523.914770,523.914770
weak,0.000749,0.000206,0.000206,0.000010,506.336773,506.336773,506.336773
weak,0.000749,0.000205,0.000204,0.000005,409.503679,409.503679,409.503679
weak,0.000916,0.000206,0.000207,0.000006,515.319830,515.319830,515.319830
weak,0.000942,0.000358,0.000363,0.000008,486.106867,486.106867,486.106867
weak,0.000781,0.000212,0.000212,0.000006,358.112294,358.112294,358.112294
weak,0.000754,0.000204,0.000204,0.000004,474.081227,474.081227,474.081227
weak,0.000764,0.000206,0.000207,0.000004,541.146490,541.146490,541.146490
weak,0.000838,0.000227,0.000207,0.000004,471.077634,471.077634,471.077634
weak,0.000762,0.000207,0.000208,0.000005,368.189314,368.189314,368.189314
weak,0.000865,0.000206,0.000206,0.000008,457.102875,457.102875,457.102875
weak,0.000834,0.000230,0.000231,0.000004,487.900402,487.900402,487.900402
weak,0.000799,0.000231,0.000231,0.000004,410.568243,410.568243,410.568243
weak,0.000775,0.000204,0.000205,0.000005,474.200091,474.200091,474.200091
weak,0.000744,0.000210,0.000204,0.000006,383.780235,383.780235,383.780235
weak,0.000736,0.000206,0.000208,0.000006,442.672400,442.672400,442.672400
weak,0.000755,0.000204,0.000205,0.000004,399.259951,399.259951,399.259951
weak,0.000744,0.000237,0.000204,0.000004,464.703209,464.703209,464.703209
weak,0.000747,0.000206,0.000207,0.000004,408.779523,408.779523,408.779523
weak,0.000744,0.000203,0.000212,0.000005,454.297020,454.297020,454.297020
weak,0.000747,0.000204,0.000204,0.000005,456.780017,456.780017,456.780017
weak,0.000761,0.000204,0.000205,0.000005,418.693255,418.693255,418.693255
weak,0.000738,0.000204,0.000204,0.000008,532.207532,532.207532,532.207532
weak,0.000755,0.000203,0.000210,0.000008,432.850034,432.850034,432.850034
weak,0.000754,0.000204,0.000206,0.000006,417.803810,417.803810,417.803810
weak,0.000733,0.000204,0.000205,0.000005,449.874115,449.874115,449.874115
weak,0.000745,0.000207,0.000208,0.000007,468.533952,468.533952,468.533952
weak,0.000738,0.000204,0.000204,0.000009,401.488056,401.488056,401.488056
weak,0.000814,0.000203,0.000205,0.000007,508.318226,508.318226,508.318226
weak,0.000778,0.000206,0.000206,0.000003,456.307132,456.307132,456.307132
weak,0.000747,0.000204,0.000205,0.000006,366.549299,366.549299,366.549299
weak,0.000746,0.000206,0.000234,0.000008,423.783212,423.783212,423.783212
weak,0.000748,0.000205,0.000215,0.000006,456.267830,456.267830,456.267830
weak,0.000907,0.000205,0.000205,0.000006,471.099649,471.099649,471.099649
weak,0.000836,0.000639,0.000423,0.000007,498.178417,498.178417,498.178417
weak,0.000838,0.000232,0.000390,0.000005,384.038689,384.038689,384.038689
weak,0.001798,0.000229,0.000229,0.000013,451.470938,451.470938,451.470938
weak,0.001611,0.000331,0.000326,0.000007,443.234013,443.234013,443.234013
weak,0.001015,0.000584,0.000392,0.000010,395.425182,395.425182,395.425182
weak,0.001015,0.000313,0.000280,0.000009,416.212818,416.212818,416.212818
weak,0.001599,0.000279,0.000273,0.000007,400.821870,400.821870,400.821870
weak,0.000778,0.000623,0.000255,0.000006,500.283356,500.283356,500.283356
weak,0.000744,0.000205,0.000204,0.000004,471.299036,471.299036,471.299036
weak,0.000757,0.000206,0.000206,0.000005,436.297859,436.297859,436.297859
weak,0.000771,0.000206,0.000206,0.000005,357.877030,357.877030,357.877030
weak,0.000794,0.000203,0.000204,0.000006,485.962158,485.962158,485.962158
weak,0.000739,0.000212,0.000206,0.000006,411.916053,411.916053,411.916053
weak,0.000745,0.000242,0.000207,0.000003,399.141087,399.141087,399.141087
weak,0.000757,0.000209,0.000205,0.000007,340.743759,340.743759,340.743759
weak,0.000818,0.000204,0.000204,0.000008,513.825525,513.825525,513.825525
weak,0.000736,0.000204,0.000205,0.000004,506.999514,506.999514,506.999514
weak,0.000752,0.000204,0.000206,0.000004,492.058316,492.058316,492.058316
weak,0.000743,0.000205,0.000205,0.000004,386.450695,386.450695,386.450695
weak,0.000752,0.000251,0.000212,0.000005,528.949361,528.949361,528.949361
weak,0.000829,0.000252,0.000204,0.000007,468.940649,468.940649,468.940649
weak,0.000743,0.000211,0.000211,0.000004,392.371028,392.371028,392.371028
weak,0.000745,0.000204,0.000248,0.000004,351.527482,351.527482,351.527482
weak,0.000738,0.000203,0.000204,0.000004,404.528846,404.528846,404.528846
weak,0.000775,0.000204,0.000204,0.000007,496.025193,496.025193,496.025193
weak,0.000764,0.000380,0.000206,0.000008,402.839338,402.839338,402.839338
weak,0.000748,0.000204,0.000204,0.000006,415.755374,415.755374,415.755374
weak,0.000746,0.000204,0.000204,0.000003,469.801378,469.801378,469.801378
weak,0.000869,0.000204,0.000205,0.000006,441.080744,441.080744,441.080744
weak,0.001013,0.000206,0.000206,0.000006,474.457123,474.457123,474.457123
weak,0.000785,0.000205,0.000205,0.000005,513.171684,513.171684,513.171684
weak,0.000751,0.000204,0.000205,0.000005,495.427399,495.427399,495.427399
weak,0.000776,0.000206,0.000206,0.000003,375.794714,375.794714,375.794714
weak,0.001353,0.000203,0.000204,0.000008,490.750953,490.750953,490.750953
weak,0.001078,0.000387,0.000337,0.000006,436.281732,436.281732,436.281732
weak,0.000770,0.000401,0.000214,0.000005,421.564021,421.564021,421.564021
weak,0.000745,0.000206,0.000204,0.000004,469.800437,469.800437,469.800437
weak,0.000957,0.000205,0.000205,0.000006,525.673107,525.673107,525.673107
weak,0.000740,0.000204,0.000210,0.000004,530.212116,530.212116,530.212116
weak,0.000757,0.000205,0.000206,0.000005,503.745456,503.745456,503.745456
weak,0.000745,0.000204,0.000206,0.000004,445.030883,445.030883,445.030883
weak,0.000755,0.000206,0.000206,0.000006,382.905976,382.905976,382.905976
weak,0.000770,0.000205,0.000205,0.000004,462.737473,462.737473,462.737473
weak,0.000746,0.000210,0.000211,0.000007,496.157067,496.157067,496.157067
weak,0.000747,0.000215,0.000205,0.000004,360.375738,360.375738,360.375738
weak,0.000756,0.000205,0.000205,0.000008,443.732951,443.732951,443.732951
weak,0.001001,0.000258,0.000348,0.000006,359.012503,359.012503,359.012503
weak,0.000758,0.000210,0.000263,0.000003,367.209743,367.209743,367.209743
weak,0.000745,0.000208,0.000205,0.000005,476.883034,476.883034,476.883034
weak,0.000746,0.000205,0.000213,0.000007,494.492274,494.492274,494.492274
weak,0.000807,0.000205,0.000206,0.000007,478.917022,478.917022,478.917022
weak,0.000764,0.000328,0.000374,0.000008,445.543819,445.543819,445.543819
weak,0.000934,0.000206,0.000206,0.000005,458.524274,458.524274,458.524274
weak,0.001133,0.000341,0.000368,0.000005,371.967853,371.967853,371.967853
weak,0.001403,0.000343,0.000341,0.000008,346.997580,346.997580,346.997580
weak,0.000755,0.000219,0.000220,0.000009,365.619967,365.619967,365.619967
weak,0.000751,0.000205,0.000234,0.000004,394.944108,394.944108,394.944108
weak,0.000737,0.000205,0.000205,0.000008,479.141323,479.141323,479.141323
weak,0.000908,0.000206,0.000206,0.000003,424.793681,424.793681,424.793681
weak,0.000748,0.000211,0.000217,0.000004,429.150903,429.150903,429.150903
weak,0.000746,0.000207,0.000206,0.000006,452.295527,452.295527,452.295527
