typename,s_size_v1,s_size_v2,s_size_v1_1,s_size_v2_1,time_ks2_allocation,time_ks2_v2,time_ks2_v2_allocation_1,time_ks2_v2_1,time_ks2_v1_allocation,time_ks2_v1,time_ks2_v1_allocation_1,time_ks2_v1_1,time_originaluncorr,48543,48620,48543,48620,0.090537,0.108214,0.035279,0.041394,0.021509,0.125406,0.020139,0.117628,0.083998
uncorr,48543,48620,48543,48620,0.017575,0.152381,0.034994,0.078959,0.021056,0.118456,0.021154,0.107232,0.056428
uncorr,48543,48620,48543,48620,0.026892,0.154590,0.031975,0.074937,0.030099,0.156119,0.018329,0.098416,0.052520
uncorr,48543,48620,48543,48620,0.018468,0.121088,0.017504,0.042560,0.027974,0.116039,0.018552,0.100099,0.065526
uncorr,48543,48620,48543,48620,0.035600,0.126345,0.020877,0.066213,0.021809,0.208914,0.036239,0.133193,0.053227
uncorr,48543,48620,48543,48620,0.020213,0.125867,0.032120,0.052079,0.017398,0.120319,0.018643,0.149143,0.092967
uncorr,48543,48620,48543,48620,0.035915,0.132021,0.025577,0.057694,0.022358,0.115699,0.023526,0.125519,0.103162
uncorr,48543,48620,48543,48620,0.021427,0.121793,0.035418,0.058962,0.028140,0.116961,0.022665,0.119866,0.055145
uncorr,48543,48620,48543,48620,0.024163,0.128352,0.021029,0.038118,0.018684,0.108770,0.028858,0.127770,0.117125
uncorr,48543,48620,48543,48620,0.041805,0.150943,0.018253,0.039969,0.020994,0.132474,0.025640,0.162966,0.065035
uncorr,48543,48620,48543,48620,0.019206,0.134136,0.017913,0.043017,0.018489,0.104314,0.017808,0.098816,0.068019
uncorr,48543,48620,48543,48620,0.033394,0.141715,0.020334,0.058705,0.017690,0.129264,0.037147,0.148763,0.061746
uncorr,48543,48620,48543,48620,0.018288,0.137589,0.023502,0.059993,0.027934,0.138843,0.019473,0.140714,0.064727
uncorr,48543,48620,48543,48620,0.026760,0.168942,0.029543,0.067162,0.018434,0.141677,0.019565,0.106654,0.075834
uncorr,48543,48620,48543,48620,0.017528,0.129212,0.018165,0.054307,0.029850,0.118009,0.021561,0.122799,0.052725
uncorr,48543,48620,48543,48620,0.018105,0.118118,0.018681,0.042686,0.018514,0.152570,0.030988,0.123102,0.064648
uncorr,48543,48620,48543,48620,0.020110,0.179622,0.023520,0.048096,0.023237,0.134714,0.018735,0.162298,0.077323
uncorr,48543,48620,48543,48620,0.019809,0.116681,0.028467,0.065673,0.029794,0.113769,0.018496,0.122024,0.058347
uncorr,48543,48620,48543,48620,0.024770,0.111496,0.020057,0.044870,0.017544,0.185433,0.032602,0.110698,0.055175
uncorr,48543,48620,48543,48620,0.017353,0.135807,0.060733,0.040241,0.019075,0.130742,0.024752,0.106922,0.054770
uncorr,48543,48620,48543,48620,0.032223,0.108403,0.022505,0.059911,0.019009,0.145799,0.017748,0.174161,0.095026
uncorr,48543,48620,48543,48620,0.023682,0.096155,0.018213,0.049996,0.028040,0.169822,0.018741,0.113138,0.048928
uncorr,48543,48620,48543,48620,0.017635,0.091363,0.017973,0.037525,0.017840,0.146451,0.018368,0.096350,0.062680
uncorr,48543,48620,48543,48620,0.028995,0.098046,0.025791,0.045387,0.036162,0.170823,0.019551,0.127804,0.051141
uncorr,48543,48620,48543,48620,0.018451,0.155468,0.034113,0.046584,0.018232,0.129414,0.027863,0.127173,0.098314
uncorr,48543,48620,48543,48620,0.020538,0.095866,0.017725,0.041435,0.023609,0.168011,0.035137,0.138691,0.095570
uncorr,48543,48620,48543,48620,0.018880,0.106607,0.018069,0.043759,0.034782,0.107492,0.019618,0.104543,0.065384
uncorr,48543,48620,48543,48620,0.030721,0.107014,0.018746,0.053492,0.035069,0.147289,0.017686,0.122655,0.052687
uncorr,48543,48620,48543,48620,0.031282,0.115728,0.023019,0.051210,0.022809,0.105369,0.017887,0.170709,0.064881
uncorr,48543,48620,48543,48620,0.018320,0.124363,0.022776,0.074924,0.021921,0.132428,0.035773,0.136108,0.053423
uncorr,48543,48620,48543,48620,0.025129,0.126533,0.019654,0.046920,0.020287,0.126885,0.020510,0.098806,0.056353
uncorr,48543,48620,48543,48620,0.032733,0.111094,0.019547,0.044025,0.019461,0.111554,0.032215,0.152116,0.094432
uncorr,48543,48620,48543,48620,0.032881,0.101263,0.028337,0.055264,0.018236,0.123057,0.020283,0.121901,0.053160
uncorr,48543,48620,48543,48620,0.019338,0.150217,0.029403,0.082031,0.028031,0.157543,0.024407,0.121433,0.050382
uncorr,48543,48620,48543,48620,0.017608,0.123377,0.018778,0.044973,0.018672,0.109089,0.017877,0.109525,0.060369
uncorr,48543,48620,48543,48620,0.018074,0.114602,0.023865,0.058446,0.032211,0.146632,0.019107,0.141165,0.082065
uncorr,48543,48620,48543,48620,0.040139,0.186648,0.036150,0.044466,0.019075,0.113187,0.023752,0.096219,0.060667
uncorr,48543,48620,48543,48620,0.017672,0.094782,0.020976,0.038087,0.020821,0.103231,0.018204,0.108525,0.050792
uncorr,48543,48620,48543,48620,0.022030,0.099606,0.024577,0.038533,0.018723,0.132097,0.024648,0.100582,0.064652
uncorr,48543,48620,48543,48620,0.018771,0.112696,0.025470,0.038417,0.019087,0.139240,0.019275,0.127272,0.050232
uncorr,48543,48620,48543,48620,0.019510,0.147856,0.022341,0.052572,0.018395,0.139330,0.018530,0.102759,0.069636
uncorr,48543,48620,48543,48620,0.028872,0.126787,0.020245,0.039136,0.023268,0.112131,0.019285,0.106883,0.059743
uncorr,48543,48620,48543,48620,0.022635,0.110836,0.018770,0.038905,0.018681,0.104725,0.023318,0.100037,0.058308
uncorr,48543,48620,48543,48620,0.021724,0.133411,0.020008,0.071512,0.018679,0.094744,0.018518,0.115125,0.077379
uncorr,48543,48620,48543,48620,0.038627,0.149624,0.020267,0.068656,0.024218,0.138087,0.022145,0.100189,0.049900
uncorr,48543,48620,48543,48620,0.021702,0.154254,0.018840,0.046745,0.028974,0.125425,0.038151,0.122939,0.080606
uncorr,48543,48620,48543,48620,0.026360,0.096959,0.018957,0.038622,0.019235,0.138403,0.021108,0.156568,0.063182
uncorr,48543,48620,48543,48620,0.021567,0.156619,0.032275,0.050260,0.018049,0.127289,0.019963,0.099173,0.055160
uncorr,48543,48620,48543,48620,0.018316,0.160399,0.027994,0.054073,0.029853,0.117570,0.018830,0.107934,0.079481
uncorr,48543,48620,48543,48620,0.019540,0.156979,0.028211,0.075608,0.021115,0.122411,0.018558,0.150881,0.076839
uncorr,48543,48620,48543,48620,0.018903,0.156806,0.019245,0.039019,0.017790,0.141598,0.017808,0.100283,0.060231
uncorr,48543,48620,48543,48620,0.018358,0.098339,0.018874,0.041656,0.017390,0.098959,0.018647,0.115218,0.060582
uncorr,48543,48620,48543,48620,0.022410,0.169421,0.038479,0.082870,0.018894,0.106678,0.021587,0.165535,0.067768
uncorr,48543,48620,48543,48620,0.018232,0.150744,0.019232,0.054774,0.037660,0.108096,0.018090,0.116669,0.058711
uncorr,48543,48620,48543,48620,0.019962,0.104277,0.018480,0.038524,0.019194,0.148654,0.021243,0.185850,0.067897
uncorr,48543,48620,48543,48620,0.020932,0.164782,0.042406,0.056510,0.042518,0.118619,0.042434,0.153010,0.059685
uncorr,48543,48620,48543,48620,0.019338,0.126685,0.036134,0.082136,0.028196,0.094130,0.017748,0.116055,0.071547
uncorr,48543,48620,48543,48620,0.019104,0.143378,0.019040,0.039727,0.018436,0.118449,0.018569,0.123249,0.082292
uncorr,48543,48620,48543,48620,0.040372,0.190390,0.039069,0.056831,0.023046,0.154242,0.035527,0.123351,0.065246
uncorr,48543,48620,48543,48620,0.018374,0.096661,0.032145,0.055113,0.037983,0.136706,0.019348,0.112990,0.057072
uncorr,48543,48620,48543,48620,0.018397,0.103032,0.019562,0.044926,0.020479,0.125818,0.026839,0.094264,0.054463
uncorr,48543,48620,48543,48620,0.032304,0.133147,0.037843,0.073046,0.022435,0.145672,0.026517,0.131170,0.051941
uncorr,48543,48620,48543,48620,0.020091,0.132513,0.032540,0.044471,0.018913,0.141781,0.033251,0.194871,0.051103
uncorr,48543,48620,48543,48620,0.017879,0.091787,0.018115,0.037729,0.018264,0.104358,0.020128,0.099818,0.050583
uncorr,48543,48620,48543,48620,0.019146,0.153798,0.033416,0.071884,0.020955,0.097173,0.020957,0.100207,0.052564
uncorr,48543,48620,48543,48620,0.019728,0.122889,0.019277,0.071784,0.034126,0.134214,0.028435,0.112435,0.054662
uncorr,48543,48620,48543,48620,0.017579,0.099781,0.020266,0.050605,0.021205,0.095967,0.018853,0.099519,0.056409
uncorr,48543,48620,48543,48620,0.018419,0.123478,0.018522,0.045688,0.023949,0.106533,0.031077,0.104426,0.066526
uncorr,48543,48620,48543,48620,0.019989,0.124304,0.037324,0.047074,0.026312,0.151271,0.018934,0.103078,0.057352
uncorr,48543,48620,48543,48620,0.018369,0.116249,0.018750,0.038023,0.017907,0.114402,0.018143,0.113113,0.060660
uncorr,48543,48620,48543,48620,0.036186,0.144958,0.028295,0.055206,0.017834,0.161912,0.021388,0.174011,0.060714
uncorr,48543,48620,48543,48620,0.027400,0.156235,0.023187,0.074353,0.027490,0.125716,0.018280,0.096099,0.066339
uncorr,48543,48620,48543,48620,0.029672,0.142306,0.037222,0.057503,0.019693,0.121966,0.027102,0.121853,0.074207
uncorr,48543,48620,48543,48620,0.043421,0.170250,0.039585,0.077505,0.037078,0.135652,0.026475,0.115507,0.048774
uncorr,48543,48620,48543,48620,0.019054,0.134097,0.030958,0.043635,0.021800,0.125659,0.019667,0.105319,0.057520
uncorr,48543,48620,48543,48620,0.036434,0.157947,0.035257,0.077078,0.019020,0.168015,0.041651,0.103562,0.065356
uncorr,48543,48620,48543,48620,0.024541,0.104233,0.018063,0.088560,0.042881,0.151487,0.033124,0.134341,0.075005
uncorr,48543,48620,48543,48620,0.018621,0.099038,0.031602,0.058057,0.018636,0.106138,0.019586,0.110007,0.051185
uncorr,48543,48620,48543,48620,0.022133,0.154447,0.044333,0.065053,0.018314,0.153498,0.018031,0.126589,0.052489
uncorr,48543,48620,48543,48620,0.017736,0.099526,0.024400,0.041100,0.021237,0.142935,0.019148,0.114204,0.059406
uncorr,48543,48620,48543,48620,0.017852,0.126687,0.022592,0.055477,0.042340,0.154401,0.030303,0.124519,0.051380
uncorr,48543,48620,48543,48620,0.018374,0.124728,0.019596,0.040560,0.037163,0.162909,0.019233,0.108138,0.052963
uncorr,48543,48620,48543,48620,0.018948,0.115768,0.021679,0.042652,0.019355,0.145143,0.020138,0.158781,0.062485
uncorr,48543,48620,48543,48620,0.019095,0.100393,0.024466,0.067052,0.019700,0.164382,0.019847,0.103640,0.052154
uncorr,48543,48620,48543,48620,0.036023,0.171123,0.018507,0.039926,0.017881,0.095659,0.022994,0.114940,0.061608
uncorr,48543,48620,48543,48620,0.020902,0.100273,0.019050,0.040273,0.022231,0.121894,0.020110,0.137443,0.050312
uncorr,48543,48620,48543,48620,0.018223,0.128586,0.030138,0.050008,0.018379,0.125637,0.025441,0.124856,0.052102
uncorr,48543,48620,48543,48620,0.018168,0.150246,0.025586,0.045848,0.027316,0.107626,0.019694,0.157315,0.068697
uncorr,48543,48620,48543,48620,0.019387,0.158207,0.021537,0.058900,0.037607,0.134600,0.019916,0.105033,0.066057
uncorr,48543,48620,48543,48620,0.025059,0.127594,0.023928,0.047380,0.024433,0.122549,0.018827,0.132105,0.052493
uncorr,48543,48620,48543,48620,0.029462,0.139703,0.018432,0.049931,0.028774,0.198134,0.037927,0.127148,0.089562
uncorr,48543,48620,48543,48620,0.040113,0.163713,0.018546,0.041813,0.022729,0.108539,0.041052,0.158181,0.051617
uncorr,48543,48620,48543,48620,0.018190,0.130815,0.017910,0.064223,0.023170,0.154509,0.028352,0.155471,0.078275
uncorr,48543,48620,48543,48620,0.020880,0.166059,0.019484,0.039438,0.021131,0.164422,0.036015,0.177584,0.062593
uncorr,48543,48620,48543,48620,0.023812,0.102930,0.018216,0.048221,0.017950,0.100399,0.018396,0.105996,0.054843
uncorr,48543,48620,48543,48620,0.031786,0.123759,0.018490,0.046754,0.027057,0.183447,0.025202,0.095622,0.054485
uncorr,48543,48620,48543,48620,0.023921,0.141724,0.018164,0.043114,0.018176,0.109486,0.019212,0.113533,0.092845
uncorr,48543,48620,48543,48620,0.028433,0.184854,0.021528,0.040491,0.019969,0.096607,0.018344,0.097256,0.050657
uncorr,48543,48620,48543,48620,0.017612,0.095486,0.019761,0.040620,0.019285,0.096609,0.018540,0.095670,0.049367
uncorr,48543,48620,48543,48620,0.018752,0.100314,0.018892,0.039283,0.018684,0.097914,0.018157,0.096775,0.050413
typename,s_size_v1,s_size_v2,s_size_v1_1,s_size_v2_1,time_ks2_allocation,time_ks2_v2,time_ks2_v2_allocation_1,time_ks2_v2_1,time_ks2_v1_allocation,time_ks2_v1,time_ks2_v1_allocation_1,time_ks2_v1_1,time_originalalmost,49390,49565,49390,49565,0.020776,0.048158,0.019878,0.039889,0.019161,0.047532,0.018639,0.047783,0.052743
almost,49390,49565,49390,49565,0.018942,0.048524,0.019325,0.039374,0.019064,0.046475,0.019671,0.050343,0.054458
almost,49390,49565,49390,49565,0.019826,0.045666,0.019291,0.039798,0.018689,0.046181,0.019752,0.046123,0.051144
almost,49390,49565,49390,49565,0.018122,0.048384,0.019267,0.039622,0.018548,0.047910,0.020834,0.048248,0.054182
almost,49390,49565,49390,49565,0.018279,0.047851,0.018340,0.042606,0.018674,0.048860,0.021562,0.059089,0.051668
almost,49390,49565,49390,49565,0.018449,0.049614,0.018445,0.042031,0.018501,0.047903,0.018317,0.049202,0.050458
almost,49390,49565,49390,49565,0.018383,0.048745,0.020409,0.039611,0.019762,0.048373,0.018414,0.047751,0.051457
almost,49390,49565,49390,49565,0.019403,0.045186,0.020047,0.040226,0.019638,0.048656,0.020616,0.049196,0.050004
almost,49390,49565,49390,49565,0.018640,0.046004,0.020915,0.039331,0.019190,0.046517,0.019156,0.047521,0.050416
almost,49390,49565,49390,49565,0.018919,0.054103,0.022906,0.061743,0.018714,0.049905,0.025052,0.067092,0.058408
almost,49390,49565,49390,49565,0.020957,0.048540,0.018951,0.062373,0.019045,0.049533,0.019249,0.046545,0.057553
almost,49390,49565,49390,49565,0.019720,0.047347,0.019511,0.039193,0.019805,0.046769,0.019788,0.046115,0.050993
almost,49390,49565,49390,49565,0.017955,0.047046,0.018600,0.040808,0.019135,0.048412,0.018838,0.045771,0.054056
almost,49390,49565,49390,49565,0.019540,0.045942,0.018848,0.042068,0.019644,0.050926,0.020300,0.046252,0.052415
almost,49390,49565,49390,49565,0.018763,0.049025,0.019109,0.039732,0.019229,0.046180,0.018738,0.047533,0.054492
almost,49390,49565,49390,49565,0.019250,0.045880,0.018853,0.039403,0.018297,0.048569,0.018519,0.048020,0.054991
almost,49390,49565,49390,49565,0.018747,0.058098,0.019884,0.040693,0.019062,0.057057,0.020466,0.046124,0.051731
almost,49390,49565,49390,49565,0.018178,0.047689,0.018842,0.041950,0.022963,0.046023,0.019204,0.046228,0.050766
almost,49390,49565,49390,49565,0.018302,0.059086,0.031330,0.047581,0.019655,0.047767,0.018773,0.047813,0.060569
almost,49390,49565,49390,49565,0.023999,0.056874,0.019458,0.041846,0.018237,0.043978,0.028649,0.052035,0.056621
almost,49390,49565,49390,49565,0.018535,0.059952,0.026353,0.038532,0.019397,0.044333,0.018109,0.044335,0.065858
almost,49390,49565,49390,49565,0.018710,0.057868,0.018855,0.039588,0.019695,0.048680,0.025647,0.061084,0.049530
almost,49390,49565,49390,49565,0.021352,0.046631,0.019151,0.046983,0.018392,0.045839,0.027635,0.048850,0.050777
almost,49390,49565,49390,49565,0.019168,0.051130,0.019148,0.039715,0.018748,0.047568,0.019097,0.052260,0.049427
almost,49390,49565,49390,49565,0.018541,0.047407,0.018513,0.039596,0.019552,0.046950,0.019584,0.047709,0.050257
almost,49390,49565,49390,49565,0.020363,0.045813,0.022493,0.039938,0.020926,0.047739,0.019505,0.046572,0.050634
almost,49390,49565,49390,49565,0.018213,0.047096,0.020088,0.039883,0.019944,0.046181,0.018812,0.048249,0.050940
almost,49390,49565,49390,49565,0.019625,0.049317,0.020205,0.039425,0.019942,0.064148,0.021553,0.048144,0.053726
almost,49390,49565,49390,49565,0.021305,0.046058,0.019427,0.039650,0.018871,0.048064,0.018707,0.047556,0.050332
almost,49390,49565,49390,49565,0.019122,0.045893,0.019091,0.045301,0.019023,0.047854,0.018862,0.046638,0.052387
almost,49390,49565,49390,49565,0.018454,0.046495,0.019069,0.039809,0.018540,0.048024,0.019074,0.046270,0.052248
almost,49390,49565,49390,49565,0.029861,0.048756,0.023318,0.041191,0.019343,0.048264,0.018703,0.046847,0.051034
almost,49390,49565,49390,49565,0.018462,0.047165,0.018342,0.041797,0.018376,0.046341,0.021413,0.046894,0.051232
almost,49390,49565,49390,49565,0.019635,0.047213,0.019188,0.039439,0.022870,0.049768,0.019448,0.046103,0.050805
almost,49390,49565,49390,49565,0.019651,0.045915,0.019401,0.039509,0.019110,0.048483,0.019094,0.048155,0.054508
almost,49390,49565,49390,49565,0.018673,0.045863,0.019790,0.039107,0.019838,0.046638,0.019291,0.047397,0.053094
almost,49390,49565,49390,49565,0.018345,0.046472,0.018261,0.039675,0.018197,0.047873,0.018277,0.048779,0.053443
almost,49390,49565,49390,49565,0.018849,0.048057,0.020105,0.041204,0.018594,0.048199,0.018563,0.050003,0.050345
almost,49390,49565,49390,49565,0.018715,0.046353,0.018377,0.039351,0.019548,0.048014,0.020015,0.049011,0.050352
almost,49390,49565,49390,49565,0.018986,0.045880,0.019326,0.048552,0.021717,0.050440,0.018542,0.048333,0.064820
almost,49390,49565,49390,49565,0.018449,0.070211,0.021543,0.045944,0.018466,0.053387,0.018281,0.056944,0.051443
almost,49390,49565,49390,49565,0.018359,0.047228,0.018711,0.042341,0.018409,0.047395,0.018529,0.047907,0.052377
almost,49390,49565,49390,49565,0.019370,0.046713,0.022253,0.043593,0.018737,0.047347,0.018581,0.049755,0.052683
almost,49390,49565,49390,49565,0.018809,0.047378,0.020848,0.039874,0.019965,0.048024,0.018463,0.048707,0.051705
almost,49390,49565,49390,49565,0.018940,0.053816,0.019055,0.041239,0.018632,0.047845,0.018791,0.048261,0.050121
almost,49390,49565,49390,49565,0.020147,0.067658,0.019978,0.042723,0.018555,0.044868,0.018513,0.044666,0.049915
almost,49390,49565,49390,49565,0.018368,0.066235,0.024620,0.041127,0.019370,0.050268,0.019115,0.078695,0.051096
almost,49390,49565,49390,49565,0.018561,0.050380,0.021437,0.037654,0.018539,0.087363,0.027003,0.065044,0.063330
almost,49390,49565,49390,49565,0.020801,0.055150,0.027934,0.045422,0.019706,0.047281,0.022048,0.045281,0.051646
almost,49390,49565,49390,49565,0.024849,0.049223,0.018583,0.041465,0.018305,0.049690,0.032655,0.060479,0.056811
almost,49390,49565,49390,49565,0.018676,0.046211,0.018711,0.040012,0.021288,0.056087,0.018663,0.047886,0.061739
almost,49390,49565,49390,49565,0.019646,0.046550,0.020317,0.039917,0.018873,0.048958,0.018413,0.048891,0.056866
almost,49390,49565,49390,49565,0.020099,0.047607,0.021672,0.043404,0.019528,0.050945,0.019977,0.050474,0.082440
almost,49390,49565,49390,49565,0.018580,0.044557,0.018772,0.050074,0.029301,0.046286,0.024534,0.054503,0.053785
almost,49390,49565,49390,49565,0.018573,0.046018,0.019573,0.052444,0.018814,0.046452,0.020160,0.047341,0.050870
almost,49390,49565,49390,49565,0.019143,0.046227,0.018830,0.042177,0.019682,0.046265,0.018880,0.053539,0.057764
almost,49390,49565,49390,49565,0.024464,0.049889,0.023259,0.040112,0.018345,0.048386,0.018302,0.047828,0.049963
almost,49390,49565,49390,49565,0.018999,0.045776,0.018272,0.039312,0.019476,0.045546,0.018794,0.048594,0.050303
almost,49390,49565,49390,49565,0.018844,0.048274,0.019406,0.039733,0.019443,0.047486,0.018966,0.047990,0.051424
almost,49390,49565,49390,49565,0.018578,0.046296,0.019309,0.039076,0.018489,0.047445,0.019556,0.051530,0.052127
almost,49390,49565,49390,49565,0.019575,0.046943,0.018203,0.039657,0.019248,0.046648,0.018336,0.049440,0.049706
almost,49390,49565,49390,49565,0.018785,0.046036,0.019120,0.039863,0.019041,0.047015,0.018946,0.049039,0.060708
almost,49390,49565,49390,49565,0.020220,0.047735,0.018752,0.044712,0.019175,0.043823,0.018849,0.054264,0.062496
almost,49390,49565,49390,49565,0.018640,0.048062,0.019039,0.039735,0.018550,0.047879,0.023061,0.047256,0.050425
almost,49390,49565,49390,49565,0.018108,0.047833,0.018433,0.041095,0.018631,0.048618,0.018385,0.049043,0.050349
almost,49390,49565,49390,49565,0.029883,0.047017,0.018379,0.038060,0.018411,0.045176,0.018434,0.048248,0.090785
almost,49390,49565,49390,49565,0.018795,0.047812,0.018564,0.041614,0.018839,0.047686,0.018719,0.049494,0.050219
almost,49390,49565,49390,49565,0.018111,0.047380,0.019540,0.042743,0.019573,0.049095,0.020236,0.064003,0.051787
almost,49390,49565,49390,49565,0.021054,0.045928,0.018820,0.039864,0.018925,0.046496,0.019308,0.047046,0.051520
almost,49390,49565,49390,49565,0.018183,0.051072,0.019807,0.040517,0.019182,0.047535,0.018827,0.045976,0.052310
almost,49390,49565,49390,49565,0.018120,0.047587,0.018394,0.041166,0.018134,0.048165,0.018759,0.049425,0.053768
almost,49390,49565,49390,49565,0.019407,0.047022,0.018716,0.040913,0.018262,0.047896,0.018653,0.050981,0.051560
almost,49390,49565,49390,49565,0.018456,0.050615,0.019318,0.039275,0.018844,0.047962,0.019514,0.046146,0.052941
almost,49390,49565,49390,49565,0.023109,0.046568,0.018871,0.039892,0.018376,0.060289,0.020449,0.048856,0.050514
almost,49390,49565,49390,49565,0.024234,0.055137,0.024334,0.038768,0.019217,0.044107,0.019168,0.068359,0.056069
almost,49390,49565,49390,49565,0.020174,0.045539,0.019156,0.039398,0.019560,0.046481,0.018996,0.047401,0.050529
almost,49390,49565,49390,49565,0.018433,0.049439,0.018792,0.040475,0.019274,0.049685,0.018444,0.048787,0.051083
almost,49390,49565,49390,49565,0.019042,0.045501,0.019804,0.039653,0.020290,0.046890,0.028554,0.046471,0.052783
almost,49390,49565,49390,49565,0.018682,0.046858,0.019168,0.043254,0.019213,0.047377,0.019226,0.045827,0.050590
almost,49390,49565,49390,49565,0.018207,0.047948,0.018967,0.044017,0.024937,0.050165,0.019193,0.046551,0.052939
almost,49390,49565,49390,49565,0.019270,0.047434,0.020817,0.041193,0.019082,0.046340,0.019371,0.047258,0.050366
almost,49390,49565,49390,49565,0.018412,0.047250,0.018586,0.039893,0.018156,0.046073,0.019207,0.046223,0.050863
almost,49390,49565,49390,49565,0.019245,0.049272,0.019561,0.040398,0.018524,0.048479,0.018352,0.048356,0.051232
almost,49390,49565,49390,49565,0.019886,0.053530,0.019616,0.060841,0.020548,0.068980,0.023035,0.055663,0.049593
almost,49390,49565,49390,49565,0.021647,0.044389,0.021550,0.057883,0.018613,0.047968,0.019247,0.048089,0.058944
almost,49390,49565,49390,49565,0.026117,0.051608,0.018713,0.041202,0.019032,0.052113,0.018378,0.048706,0.053128
almost,49390,49565,49390,49565,0.018208,0.048358,0.018743,0.041551,0.018477,0.047779,0.018536,0.047591,0.050891
almost,49390,49565,49390,49565,0.020846,0.048046,0.018361,0.043738,0.018799,0.047258,0.018814,0.046747,0.052581
almost,49390,49565,49390,49565,0.018229,0.047098,0.019653,0.040497,0.018235,0.048357,0.019391,0.054065,0.051535
almost,49390,49565,49390,49565,0.018655,0.049558,0.029371,0.041192,0.019915,0.046221,0.021513,0.046137,0.052953
almost,49390,49565,49390,49565,0.019009,0.046141,0.020208,0.039573,0.020377,0.046603,0.019141,0.058980,0.056171
almost,49390,49565,49390,49565,0.019085,0.046027,0.019454,0.039459,0.019058,0.045749,0.019465,0.046168,0.053150
almost,49390,49565,49390,49565,0.018642,0.049641,0.018404,0.041123,0.018536,0.047515,0.018938,0.047939,0.052644
almost,49390,49565,49390,49565,0.019176,0.045845,0.018874,0.040786,0.020125,0.049493,0.019007,0.046262,0.051170
almost,49390,49565,49390,49565,0.019664,0.047179,0.020414,0.042991,0.019456,0.046109,0.018836,0.051532,0.050669
almost,49390,49565,49390,49565,0.019489,0.051101,0.018992,0.039226,0.018838,0.049796,0.019181,0.046657,0.051233
almost,49390,49565,49390,49565,0.018641,0.046577,0.019466,0.040458,0.018522,0.043794,0.038663,0.054776,0.056092
almost,49390,49565,49390,49565,0.019621,0.043936,0.018580,0.046554,0.019123,0.055932,0.018970,0.047574,0.051676
almost,49390,49565,49390,49565,0.018680,0.051580,0.019727,0.041387,0.019906,0.048247,0.020891,0.047811,0.051048
almost,49390,49565,49390,49565,0.018242,0.047571,0.018462,0.040936,0.018388,0.048500,0.019160,0.049052,0.050691
typename,s_size_v1,s_size_v2,s_size_v1_1,s_size_v2_1,time_ks2_allocation,time_ks2_v2,time_ks2_v2_allocation_1,time_ks2_v2_1,time_ks2_v1_allocation,time_ks2_v1,time_ks2_v1_allocation_1,time_ks2_v1_1,time_originalinv,44197,44642,44197,44642,0.022543,0.697340,0.015978,0.038849,0.016408,0.711755,0.018783,0.703140,0.049308
inv,44197,44642,44197,44642,0.015532,0.706497,0.020134,0.066624,0.015839,0.724132,0.017209,0.698198,0.052854
inv,44197,44642,44197,44642,0.016128,0.744242,0.017531,0.034866,0.015482,0.695896,0.015840,0.696237,0.065395
inv,44197,44642,44197,44642,0.019025,0.700716,0.017749,0.035807,0.015935,0.698670,0.018110,0.704313,0.056338
inv,44197,44642,44197,44642,0.015855,0.697708,0.018977,0.036480,0.015716,0.705696,0.016898,0.697195,0.054320
inv,44197,44642,44197,44642,0.016533,0.701353,0.016844,0.034786,0.016139,0.716689,0.017046,0.693413,0.054493
inv,44197,44642,44197,44642,0.016566,0.727747,0.021311,0.036318,0.015671,0.725562,0.015948,0.701471,0.049309
inv,44197,44642,44197,44642,0.015953,0.707348,0.017993,0.038497,0.017405,0.695710,0.017894,0.784968,0.070847
inv,44197,44642,44197,44642,0.017487,0.572918,0.012347,0.025709,0.011976,0.726869,0.024736,0.806941,0.069563
inv,44197,44642,44197,44642,0.018634,0.789408,0.016145,0.035131,0.015637,0.732155,0.023079,0.775156,0.054948
inv,44197,44642,44197,44642,0.016332,0.743573,0.028960,0.055389,0.016743,0.748770,0.018623,0.755642,0.056818
inv,44197,44642,44197,44642,0.017388,0.763967,0.020879,0.037445,0.016480,0.760739,0.025472,0.750638,0.060304
inv,44197,44642,44197,44642,0.016921,0.786939,0.017272,0.042641,0.019201,0.797549,0.018993,0.749044,0.053163
inv,44197,44642,44197,44642,0.015840,0.705895,0.016749,0.035640,0.016824,0.715244,0.017161,0.704681,0.075311
inv,44197,44642,44197,44642,0.022820,0.798141,0.020980,0.057696,0.017076,0.863033,0.018681,0.767557,0.062257
inv,44197,44642,44197,44642,0.016773,0.728124,0.016054,0.036976,0.017331,0.760111,0.015928,0.709497,0.059605
inv,44197,44642,44197,44642,0.017406,0.695095,0.015986,0.035453,0.015889,0.708611,0.018106,0.695874,0.050986
inv,44197,44642,44197,44642,0.016093,0.698556,0.017427,0.037002,0.016629,0.704552,0.016414,0.707615,0.051437
inv,44197,44642,44197,44642,0.015709,0.722530,0.029715,0.037112,0.018105,0.724260,0.016430,0.697223,0.053361
inv,44197,44642,44197,44642,0.016550,0.710339,0.018200,0.035388,0.015612,0.696800,0.016538,0.702552,0.051963
inv,44197,44642,44197,44642,0.016083,0.696705,0.017101,0.036535,0.015702,0.702383,0.016758,0.709121,0.054157
inv,44197,44642,44197,44642,0.015821,0.706185,0.016035,0.035099,0.016101,0.728566,0.016468,0.700539,0.052193
inv,44197,44642,44197,44642,0.015503,0.700072,0.016725,0.050392,0.018464,0.752860,0.017684,0.702434,0.053874
inv,44197,44642,44197,44642,0.017004,0.703070,0.018831,0.036483,0.017390,0.694655,0.016673,0.696173,0.064463
inv,44197,44642,44197,44642,0.016289,0.710147,0.018023,0.036882,0.016097,0.697565,0.016419,0.705742,0.050940
inv,44197,44642,44197,44642,0.017028,0.699632,0.016844,0.034832,0.016459,0.697477,0.019459,0.710071,0.056286
inv,44197,44642,44197,44642,0.015896,0.703444,0.016043,0.035083,0.016284,0.782458,0.016634,0.706377,0.049019
inv,44197,44642,44197,44642,0.016155,0.706627,0.016023,0.034922,0.016569,0.702786,0.017601,0.698434,0.051407
inv,44197,44642,44197,44642,0.016494,0.726631,0.016232,0.038562,0.016502,0.695977,0.016029,0.709197,0.052910
inv,44197,44642,44197,44642,0.016026,0.706057,0.017548,0.035203,0.017865,0.699706,0.016598,0.706374,0.052275
inv,44197,44642,44197,44642,0.017313,0.701847,0.018112,0.035452,0.016481,0.722391,0.015886,0.739244,0.055803
inv,44197,44642,44197,44642,0.015781,0.701617,0.016600,0.036504,0.015622,0.706575,0.016585,0.696953,0.056188
inv,44197,44642,44197,44642,0.015474,0.702237,0.016194,0.034749,0.016872,0.716156,0.016675,0.712267,0.053468
inv,44197,44642,44197,44642,0.016729,0.714753,0.017056,0.035085,0.016416,0.699880,0.016752,0.706639,0.053266
inv,44197,44642,44197,44642,0.015961,0.694690,0.017062,0.033754,0.017967,0.698386,0.017205,0.751634,0.053409
inv,44197,44642,44197,44642,0.016471,0.700138,0.018890,0.035114,0.015568,0.715296,0.021166,0.702337,0.057975
inv,44197,44642,44197,44642,0.016964,0.701623,0.016926,0.035225,0.016972,0.740842,0.015951,0.694888,0.055630
inv,44197,44642,44197,44642,0.016352,0.725604,0.016412,0.034948,0.015777,0.734864,0.016948,0.697157,0.053617
inv,44197,44642,44197,44642,0.017425,0.705604,0.016862,0.034968,0.017382,0.699338,0.016494,0.732041,0.052833
inv,44197,44642,44197,44642,0.020322,0.708755,0.017898,0.034902,0.016275,0.699879,0.016294,0.714332,0.053033
inv,44197,44642,44197,44642,0.016252,0.699410,0.017280,0.035571,0.016733,0.705596,0.016693,0.703563,0.059005
inv,44197,44642,44197,44642,0.015984,0.697147,0.016122,0.034991,0.016577,0.704030,0.015927,0.702700,0.050945
inv,44197,44642,44197,44642,0.022025,0.748227,0.017831,0.041247,0.015761,0.696161,0.016466,0.698287,0.052304
inv,44197,44642,44197,44642,0.016442,0.707248,0.016743,0.036139,0.015854,0.699797,0.016304,0.696609,0.052556
inv,44197,44642,44197,44642,0.016916,0.742840,0.017658,0.042384,0.015742,0.696295,0.017115,0.706677,0.051621
inv,44197,44642,44197,44642,0.016491,0.698369,0.017816,0.035386,0.016125,0.699571,0.015968,0.697360,0.058274
inv,44197,44642,44197,44642,0.016728,0.696965,0.016931,0.035454,0.018952,0.702654,0.016629,0.698282,0.053693
inv,44197,44642,44197,44642,0.015828,0.707456,0.017349,0.035277,0.015739,0.699810,0.017867,0.703190,0.055220
inv,44197,44642,44197,44642,0.021338,0.807208,0.016753,0.037998,0.015798,0.697739,0.017231,0.715222,0.053902
inv,44197,44642,44197,44642,0.016014,0.708730,0.018195,0.034995,0.016416,0.705294,0.015939,0.693940,0.053268
inv,44197,44642,44197,44642,0.015534,0.705560,0.017607,0.035830,0.017717,0.710308,0.018033,0.701775,0.057807
inv,44197,44642,44197,44642,0.016046,0.703938,0.016695,0.034384,0.016202,0.692746,0.015829,0.698616,0.051134
inv,44197,44642,44197,44642,0.016312,0.732319,0.016126,0.037093,0.015776,0.754934,0.016525,0.707167,0.056958
inv,44197,44642,44197,44642,0.015655,0.711149,0.016058,0.035527,0.016858,0.709426,0.016685,0.705709,0.048509
inv,44197,44642,44197,44642,0.016685,0.702545,0.017692,0.034979,0.016746,0.709664,0.016369,0.697911,0.058898
inv,44197,44642,44197,44642,0.016770,0.701067,0.018420,0.037158,0.015663,0.739596,0.015856,0.707028,0.050856
inv,44197,44642,44197,44642,0.016253,0.712154,0.016551,0.034875,0.015652,0.696968,0.016307,0.696014,0.052550
inv,44197,44642,44197,44642,0.015735,0.707919,0.017124,0.035823,0.015716,0.696739,0.015715,0.702271,0.050188
inv,44197,44642,44197,44642,0.015618,0.706881,0.016295,0.035815,0.016737,0.696078,0.017095,0.705980,0.053152
inv,44197,44642,44197,44642,0.015828,0.699133,0.015924,0.036013,0.016715,0.704764,0.016511,0.694969,0.057645
inv,44197,44642,44197,44642,0.015616,0.707371,0.018518,0.035239,0.015474,0.704116,0.019166,0.699880,0.049935
inv,44197,44642,44197,44642,0.015879,0.728962,0.033236,0.033382,0.015729,0.721164,0.018472,0.770041,0.079438
inv,44197,44642,44197,44642,0.018946,0.726103,0.017203,0.035195,0.016894,0.714674,0.016037,0.715466,0.054521
inv,44197,44642,44197,44642,0.015593,0.703441,0.016902,0.035379,0.016449,0.704967,0.020456,0.935930,0.057234
inv,44197,44642,44197,44642,0.022471,0.995432,0.018979,0.036299,0.019539,1.015793,0.017010,0.903093,0.122992
inv,44197,44642,44197,44642,0.027339,0.896464,0.030269,0.045084,0.023345,0.865363,0.022927,0.924914,0.110777
inv,44197,44642,44197,44642,0.030934,0.901725,0.018674,0.036472,0.015433,0.896212,0.026006,0.935604,0.095934
inv,44197,44642,44197,44642,0.017751,0.930113,0.018272,0.053582,0.021056,0.869808,0.028613,0.928089,0.083191
inv,44197,44642,44197,44642,0.019350,0.770129,0.025611,0.037323,0.016941,0.876722,0.025482,0.837637,0.082073
inv,44197,44642,44197,44642,0.019334,0.858694,0.020109,0.066912,0.029500,0.879051,0.016749,0.882555,0.067287
inv,44197,44642,44197,44642,0.022876,0.816162,0.016688,0.036042,0.016181,0.940978,0.022964,0.995018,0.055057
inv,44197,44642,44197,44642,0.016670,0.881577,0.020752,0.053350,0.034038,0.894831,0.029537,0.991750,0.062062
inv,44197,44642,44197,44642,0.016725,0.897246,0.022486,0.035168,0.016466,0.875926,0.016703,0.859518,0.060543
inv,44197,44642,44197,44642,0.017965,0.891515,0.019868,0.054653,0.018035,0.840572,0.020610,0.912993,0.059275
inv,44197,44642,44197,44642,0.016106,0.896944,0.020591,0.043402,0.016369,0.959122,0.017643,0.889387,0.064174
inv,44197,44642,44197,44642,0.020406,0.889403,0.023039,0.034169,0.015984,0.839129,0.032202,0.875737,0.088030
inv,44197,44642,44197,44642,0.025137,0.829650,0.016024,0.037139,0.017140,0.860182,0.025719,0.838242,0.056648
inv,44197,44642,44197,44642,0.021564,1.032682,0.016302,0.040117,0.017887,0.853730,0.028347,1.091465,0.057907
inv,44197,44642,44197,44642,0.018752,0.908394,0.030525,0.052339,0.015987,0.924660,0.019186,0.881848,0.052936
inv,44197,44642,44197,44642,0.029899,0.843796,0.016135,0.035607,0.015860,0.942358,0.016628,0.904889,0.081262
inv,44197,44642,44197,44642,0.022463,0.839152,0.020088,0.033768,0.015526,0.817503,0.016593,0.822453,0.049925
inv,44197,44642,44197,44642,0.015518,0.906268,0.022868,0.040852,0.018767,0.871557,0.030627,0.940409,0.063838
inv,44197,44642,44197,44642,0.016170,0.966114,0.020582,0.047751,0.021545,1.014454,0.017255,0.970318,0.062838
inv,44197,44642,44197,44642,0.022394,0.925334,0.021050,0.037022,0.021430,0.717091,0.016064,0.698965,0.059475
inv,44197,44642,44197,44642,0.016235,0.699506,0.018554,0.074771,0.015488,0.712199,0.016533,0.704924,0.055984
inv,44197,44642,44197,44642,0.015535,0.702905,0.016098,0.036353,0.015696,0.705285,0.016403,0.704010,0.050257
inv,44197,44642,44197,44642,0.016260,0.699233,0.016878,0.034713,0.015710,0.727171,0.015806,0.700720,0.053261
inv,44197,44642,44197,44642,0.016567,0.701200,0.019690,0.035371,0.016450,0.701858,0.016194,0.698926,0.057288
inv,44197,44642,44197,44642,0.016543,0.705060,0.016670,0.035776,0.016703,0.694221,0.015642,0.701700,0.056196
inv,44197,44642,44197,44642,0.016642,0.700277,0.018070,0.035090,0.015938,0.697384,0.016076,0.702862,0.054483
inv,44197,44642,44197,44642,0.016590,0.715499,0.017968,0.034772,0.015585,0.745866,0.015934,0.698054,0.057900
inv,44197,44642,44197,44642,0.016564,0.700270,0.016309,0.034981,0.015642,0.711021,0.015774,0.698394,0.056535
inv,44197,44642,44197,44642,0.016093,0.701959,0.016641,0.037126,0.015604,0.697071,0.016964,0.698289,0.050909
inv,44197,44642,44197,44642,0.016507,0.743889,0.016175,0.035169,0.016892,0.698691,0.016311,0.704235,0.054765
inv,44197,44642,44197,44642,0.015355,0.700453,0.018307,0.035414,0.016844,0.695952,0.015717,0.704332,0.050520
inv,44197,44642,44197,44642,0.016491,0.697786,0.018319,0.034834,0.015998,0.699729,0.016105,0.716694,0.054907
inv,44197,44642,44197,44642,0.016727,0.699549,0.016803,0.036792,0.015636,0.706917,0.016151,0.700530,0.054344
inv,44197,44642,44197,44642,0.015463,0.710911,0.016575,0.036388,0.015837,0.704320,0.018447,0.708453,0.050383
inv,44197,44642,44197,44642,0.015871,0.710534,0.016028,0.035237,0.016463,0.698030,0.016537,0.722953,0.051909
inv,44197,44642,44197,44642,0.017859,0.729697,0.017714,0.039319,0.016166,0.699383,0.015933,0.710273,0.053586
typename,s_size_v1,s_size_v2,s_size_v1_1,s_size_v2_1,time_ks2_allocation,time_ks2_v2,time_ks2_v2_allocation_1,time_ks2_v2_1,time_ks2_v1_allocation,time_ks2_v1,time_ks2_v1_allocation_1,time_ks2_v1_1,time_originalstr,48781,49076,48781,49076,0.015521,0.059365,0.024495,0.039074,0.019177,0.060926,0.018261,0.073983,0.050842
str,48781,49076,48781,49076,0.017820,0.061705,0.018667,0.039034,0.019009,0.061892,0.018072,0.061567,0.051448
str,48781,49076,48781,49076,0.018685,0.057885,0.019205,0.039477,0.019451,0.060224,0.017857,0.064019,0.051208
str,48781,49076,48781,49076,0.018707,0.063270,0.019548,0.040107,0.018059,0.061226,0.019145,0.061106,0.050703
str,48781,49076,48781,49076,0.018936,0.058733,0.019293,0.039202,0.019995,0.061118,0.018657,0.058586,0.050529
str,48781,49076,48781,49076,0.018264,0.058745,0.018366,0.039945,0.018639,0.060680,0.018209,0.060641,0.058570
str,48781,49076,48781,49076,0.025551,0.063013,0.019602,0.038664,0.018886,0.059853,0.017879,0.060764,0.049919
str,48781,49076,48781,49076,0.017983,0.062183,0.018638,0.038689,0.018787,0.059147,0.018078,0.062281,0.050045
str,48781,49076,48781,49076,0.018518,0.059359,0.018258,0.039084,0.020596,0.062507,0.019191,0.059927,0.049781
str,48781,49076,48781,49076,0.018924,0.059824,0.017724,0.038388,0.018831,0.062878,0.018643,0.062035,0.051383
str,48781,49076,48781,49076,0.018499,0.058932,0.018072,0.039629,0.018142,0.061783,0.019411,0.061088,0.050549
str,48781,49076,48781,49076,0.018198,0.061953,0.020828,0.052250,0.018871,0.060197,0.017920,0.060298,0.051815
str,48781,49076,48781,49076,0.018572,0.058045,0.018821,0.038499,0.018614,0.061832,0.018554,0.068233,0.049954
str,48781,49076,48781,49076,0.019072,0.059040,0.018264,0.040587,0.017818,0.060413,0.019201,0.059435,0.051208
str,48781,49076,48781,49076,0.018644,0.059984,0.018798,0.038507,0.018660,0.062105,0.017956,0.060209,0.049846
str,48781,49076,48781,49076,0.018002,0.059351,0.019276,0.038496,0.018647,0.062003,0.018500,0.062558,0.050316
str,48781,49076,48781,49076,0.036288,0.065708,0.018828,0.039390,0.018378,0.097363,0.019525,0.088970,0.065168
str,48781,49076,48781,49076,0.019276,0.057435,0.025278,0.040537,0.018025,0.061552,0.019149,0.060850,0.051259
str,48781,49076,48781,49076,0.018890,0.060803,0.018028,0.041720,0.018249,0.061141,0.018604,0.059562,0.051249
str,48781,49076,48781,49076,0.018792,0.061178,0.019978,0.039281,0.018111,0.060504,0.018903,0.059934,0.050506
str,48781,49076,48781,49076,0.018404,0.058509,0.018770,0.039499,0.018881,0.060406,0.018045,0.060736,0.054855
str,48781,49076,48781,49076,0.018648,0.061250,0.018754,0.039311,0.018288,0.060432,0.022974,0.061062,0.052080
str,48781,49076,48781,49076,0.018597,0.059201,0.018377,0.041612,0.017973,0.060251,0.019209,0.061769,0.051629
str,48781,49076,48781,49076,0.018670,0.062650,0.018083,0.040494,0.017875,0.062878,0.019377,0.063069,0.049828
str,48781,49076,48781,49076,0.018554,0.058270,0.018761,0.041884,0.021568,0.060608,0.019762,0.060625,0.053734
str,48781,49076,48781,49076,0.018293,0.060911,0.018844,0.042396,0.018318,0.060126,0.018876,0.060606,0.051124
str,48781,49076,48781,49076,0.021130,0.060215,0.018103,0.042210,0.018016,0.062041,0.019319,0.059293,0.058306
str,48781,49076,48781,49076,0.019230,0.059831,0.018888,0.039322,0.019035,0.060526,0.018425,0.070334,0.065543
str,48781,49076,48781,49076,0.022806,0.065859,0.032253,0.056242,0.018162,0.071153,0.019819,0.060004,0.062394
str,48781,49076,48781,49076,0.018090,0.064184,0.019588,0.040761,0.019718,0.062545,0.018027,0.060491,0.053246
str,48781,49076,48781,49076,0.018158,0.060051,0.019293,0.038647,0.018630,0.058960,0.019213,0.063652,0.052682
str,48781,49076,48781,49076,0.017867,0.061119,0.019227,0.039543,0.018542,0.061810,0.017804,0.061966,0.056335
str,48781,49076,48781,49076,0.021636,0.060213,0.018262,0.038514,0.019218,0.060437,0.019044,0.059616,0.050903
str,48781,49076,48781,49076,0.017680,0.059671,0.018827,0.038828,0.018830,0.059008,0.018883,0.061475,0.050928
str,48781,49076,48781,49076,0.018484,0.062420,0.018476,0.040791,0.018192,0.060802,0.018692,0.061414,0.053283
str,48781,49076,48781,49076,0.018119,0.059496,0.018586,0.038335,0.018347,0.059833,0.018745,0.062882,0.050074
str,48781,49076,48781,49076,0.019125,0.060653,0.018150,0.040150,0.019009,0.060560,0.018552,0.060548,0.051241
str,48781,49076,48781,49076,0.018459,0.060302,0.017919,0.060269,0.021134,0.058993,0.018317,0.062776,0.048340
str,48781,49076,48781,49076,0.017993,0.063855,0.018296,0.040455,0.018220,0.060821,0.018508,0.062122,0.052574
str,48781,49076,48781,49076,0.019242,0.062731,0.017783,0.040507,0.018046,0.059687,0.018667,0.059861,0.049539
str,48781,49076,48781,49076,0.018874,0.061825,0.018881,0.042204,0.020187,0.061249,0.018394,0.060463,0.054321
str,48781,49076,48781,49076,0.018712,0.057919,0.018999,0.039738,0.018542,0.061465,0.017946,0.065045,0.050160
str,48781,49076,48781,49076,0.018727,0.058844,0.017928,0.038801,0.018793,0.071877,0.020032,0.060303,0.054090
str,48781,49076,48781,49076,0.019099,0.060932,0.019417,0.040381,0.018220,0.060075,0.018339,0.059920,0.049949
str,48781,49076,48781,49076,0.018507,0.061675,0.021310,0.039745,0.018003,0.060354,0.019155,0.061034,0.049762
str,48781,49076,48781,49076,0.018820,0.059224,0.018136,0.040194,0.018226,0.061434,0.028251,0.065054,0.053731
str,48781,49076,48781,49076,0.018548,0.058731,0.018656,0.039540,0.019360,0.058100,0.018902,0.060710,0.050271
str,48781,49076,48781,49076,0.018454,0.058502,0.018107,0.040219,0.018390,0.061538,0.025546,0.077713,0.052775
str,48781,49076,48781,49076,0.018798,0.059872,0.018431,0.039567,0.018176,0.062496,0.019647,0.061774,0.049410
str,48781,49076,48781,49076,0.018999,0.062565,0.018541,0.039802,0.018681,0.059935,0.019123,0.058235,0.050815
str,48781,49076,48781,49076,0.018609,0.058238,0.018876,0.037639,0.018961,0.058530,0.018453,0.060011,0.053592
str,48781,49076,48781,49076,0.019008,0.061499,0.019130,0.042457,0.018038,0.059920,0.018571,0.059611,0.049946
str,48781,49076,48781,49076,0.018753,0.059936,0.018896,0.039088,0.019098,0.063038,0.018195,0.059642,0.050138
str,48781,49076,48781,49076,0.018713,0.072561,0.018424,0.040982,0.018798,0.061156,0.019910,0.061389,0.048632
str,48781,49076,48781,49076,0.019368,0.062295,0.019660,0.039677,0.019424,0.061739,0.018251,0.060167,0.050382
str,48781,49076,48781,49076,0.018382,0.062293,0.018669,0.038898,0.017716,0.060597,0.018780,0.059755,0.055355
str,48781,49076,48781,49076,0.018190,0.059502,0.019477,0.041399,0.018667,0.058340,0.019847,0.060507,0.051185
str,48781,49076,48781,49076,0.018843,0.059196,0.019057,0.041325,0.018478,0.061435,0.018687,0.059908,0.051662
str,48781,49076,48781,49076,0.018289,0.060288,0.019544,0.039359,0.019260,0.071112,0.018784,0.060944,0.050184
str,48781,49076,48781,49076,0.018552,0.060040,0.019923,0.040807,0.018266,0.060790,0.018962,0.060683,0.050662
str,48781,49076,48781,49076,0.018981,0.060352,0.018336,0.038934,0.018250,0.060137,0.019062,0.059161,0.051580
str,48781,49076,48781,49076,0.019642,0.061213,0.017987,0.040055,0.018069,0.061092,0.019435,0.061088,0.050531
str,48781,49076,48781,49076,0.018918,0.058362,0.018157,0.038545,0.019313,0.063164,0.020129,0.060276,0.050350
str,48781,49076,48781,49076,0.018928,0.060150,0.020299,0.038891,0.017755,0.060407,0.018457,0.070822,0.052003
str,48781,49076,48781,49076,0.018063,0.061530,0.019124,0.042551,0.021890,0.062214,0.018492,0.059880,0.050223
str,48781,49076,48781,49076,0.018277,0.060171,0.018107,0.040698,0.018413,0.061078,0.018856,0.067699,0.061960
str,48781,49076,48781,49076,0.028298,0.070379,0.022665,0.057702,0.019771,0.057928,0.018176,0.058017,0.057290
str,48781,49076,48781,49076,0.018480,0.059010,0.018731,0.038460,0.023430,0.066274,0.017895,0.061205,0.052333
str,48781,49076,48781,49076,0.017794,0.060041,0.018758,0.039773,0.020399,0.058249,0.018467,0.059941,0.061955
str,48781,49076,48781,49076,0.018853,0.060920,0.018085,0.038923,0.019388,0.060262,0.017764,0.060809,0.050800
str,48781,49076,48781,49076,0.018999,0.059683,0.018905,0.038430,0.018020,0.060495,0.019416,0.063738,0.051060
str,48781,49076,48781,49076,0.017939,0.060087,0.020040,0.039534,0.018028,0.059769,0.018170,0.059947,0.052616
str,48781,49076,48781,49076,0.018934,0.058248,0.019228,0.041834,0.018621,0.063935,0.019264,0.063179,0.052051
str,48781,49076,48781,49076,0.018696,0.058068,0.017989,0.039317,0.019420,0.062592,0.019283,0.058189,0.050306
str,48781,49076,48781,49076,0.018022,0.079398,0.031822,0.037279,0.018630,0.063814,0.017856,0.060845,0.052802
str,48781,49076,48781,49076,0.032427,0.063442,0.018234,0.040257,0.017983,0.061727,0.019083,0.064616,0.049789
str,48781,49076,48781,49076,0.018590,0.059361,0.019770,0.038821,0.018565,0.059718,0.018328,0.060211,0.050022
str,48781,49076,48781,49076,0.018002,0.060402,0.017976,0.040152,0.018785,0.063014,0.018930,0.060842,0.049158
str,48781,49076,48781,49076,0.018803,0.059481,0.019497,0.038966,0.017906,0.061260,0.019139,0.060968,0.049684
str,48781,49076,48781,49076,0.018184,0.063346,0.018231,0.040449,0.018421,0.066632,0.019244,0.059446,0.050597
str,48781,49076,48781,49076,0.018758,0.061196,0.018742,0.038893,0.018012,0.060159,0.018799,0.061292,0.053032
str,48781,49076,48781,49076,0.018061,0.059180,0.019151,0.039183,0.018701,0.059032,0.018831,0.060171,0.051143
str,48781,49076,48781,49076,0.018327,0.059129,0.019378,0.041319,0.017842,0.062347,0.018833,0.059720,0.052174
str,48781,49076,48781,49076,0.018827,0.059963,0.018849,0.038880,0.020108,0.060457,0.018501,0.061026,0.050984
str,48781,49076,48781,49076,0.018183,0.061323,0.019360,0.038741,0.018652,0.060887,0.018339,0.073563,0.051596
str,48781,49076,48781,49076,0.018452,0.059008,0.018034,0.038521,0.019119,0.060420,0.019953,0.058718,0.052835
str,48781,49076,48781,49076,0.018993,0.059246,0.017919,0.038706,0.019044,0.061853,0.019722,0.058671,0.050705
str,48781,49076,48781,49076,0.018761,0.059820,0.018482,0.038487,0.018539,0.065081,0.018287,0.060611,0.051564
str,48781,49076,48781,49076,0.018497,0.059018,0.018499,0.041391,0.018838,0.059289,0.018834,0.059112,0.051591
str,48781,49076,48781,49076,0.019412,0.058508,0.020768,0.041718,0.018352,0.059325,0.018225,0.059816,0.051799
str,48781,49076,48781,49076,0.020528,0.065650,0.019409,0.041025,0.018554,0.060944,0.018515,0.061158,0.052723
str,48781,49076,48781,49076,0.018525,0.059993,0.019758,0.038438,0.018781,0.060916,0.017985,0.060502,0.050679
str,48781,49076,48781,49076,0.017879,0.059876,0.019283,0.039305,0.018428,0.060312,0.020034,0.061275,0.050358
str,48781,49076,48781,49076,0.018234,0.060514,0.018852,0.038870,0.018630,0.061443,0.019567,0.062901,0.051641
str,48781,49076,48781,49076,0.019041,0.059505,0.018110,0.044331,0.017819,0.061146,0.018479,0.059855,0.051977
str,48781,49076,48781,49076,0.019003,0.059755,0.018344,0.057756,0.018685,0.060400,0.017982,0.061715,0.054698
str,48781,49076,48781,49076,0.018136,0.060640,0.019117,0.038627,0.019796,0.058369,0.019469,0.059662,0.050673
str,48781,49076,48781,49076,0.018405,0.059247,0.018046,0.038611,0.019170,0.060355,0.020209,0.058817,0.050977
str,48781,49076,48781,49076,0.018709,0.058228,0.018780,0.039782,0.018625,0.059684,0.018793,0.062748,0.049447
str,48781,49076,48781,49076,0.018607,0.060840,0.018857,0.041225,0.018897,0.061085,0.019807,0.060875,0.052637
typename,s_size_v1,s_size_v2,s_size_v1_1,s_size_v2_1,time_ks2_allocation,time_ks2_v2,time_ks2_v2_allocation_1,time_ks2_v2_1,time_ks2_v1_allocation,time_ks2_v1,time_ks2_v1_allocation_1,time_ks2_v1_1,time_originalweak,46250,46526,46250,46526,0.013523,0.082280,0.018462,0.041470,0.017407,0.080903,0.016568,0.079611,0.048647
weak,46250,46526,46250,46526,0.016624,0.077112,0.017290,0.037264,0.017832,0.077787,0.017228,0.095872,0.048561
weak,46250,46526,46250,46526,0.018235,0.076875,0.017940,0.037791,0.017704,0.097210,0.017195,0.087222,0.073058
weak,46250,46526,46250,46526,0.020719,0.105127,0.016986,0.040859,0.018562,0.087128,0.017926,0.080251,0.051665
weak,46250,46526,46250,46526,0.017698,0.077807,0.017742,0.042443,0.016600,0.082612,0.017246,0.076363,0.058524
weak,46250,46526,46250,46526,0.016921,0.079161,0.016594,0.040266,0.016783,0.079192,0.016740,0.077275,0.049687
weak,46250,46526,46250,46526,0.017566,0.094418,0.018102,0.037995,0.016511,0.079079,0.016723,0.078591,0.047739
weak,46250,46526,46250,46526,0.017511,0.077641,0.018333,0.039784,0.017562,0.082565,0.016702,0.079667,0.048456
weak,46250,46526,46250,46526,0.017173,0.079946,0.016532,0.038463,0.017360,0.078110,0.017710,0.078330,0.050150
weak,46250,46526,46250,46526,0.017465,0.077585,0.017763,0.037819,0.017874,0.077985,0.017174,0.079562,0.051996
weak,46250,46526,46250,46526,0.016834,0.079353,0.016634,0.038560,0.016886,0.083399,0.016818,0.083927,0.048040
weak,46250,46526,46250,46526,0.017978,0.076579,0.018257,0.037923,0.017639,0.078893,0.017271,0.078274,0.050720
weak,46250,46526,46250,46526,0.018630,0.076859,0.017896,0.037803,0.019443,0.076736,0.016585,0.078966,0.049194
weak,46250,46526,46250,46526,0.017309,0.077441,0.017546,0.037768,0.017114,0.080630,0.017164,0.077042,0.050652
weak,46250,46526,46250,46526,0.016517,0.079049,0.018147,0.039345,0.017542,0.081559,0.016864,0.078111,0.052324
weak,46250,46526,46250,46526,0.017513,0.076791,0.017795,0.037736,0.018413,0.085999,0.017109,0.079161,0.051086
weak,46250,46526,46250,46526,0.016602,0.078186,0.017080,0.038721,0.016609,0.082564,0.017387,0.079752,0.048961
weak,46250,46526,46250,46526,0.016634,0.079380,0.017208,0.041711,0.016609,0.078737,0.016680,0.078712,0.051330
weak,46250,46526,46250,46526,0.017503,0.078670,0.016935,0.037723,0.017130,0.077948,0.017624,0.078488,0.050087
weak,46250,46526,46250,46526,0.017100,0.078873,0.019974,0.038125,0.017364,0.080818,0.017439,0.079932,0.051737
weak,46250,46526,46250,46526,0.016461,0.095953,0.016589,0.035865,0.016836,0.074923,0.016815,0.083119,0.051865
weak,46250,46526,46250,46526,0.016561,0.079218,0.016813,0.038482,0.016436,0.078104,0.016660,0.078527,0.049283
weak,46250,46526,46250,46526,0.017468,0.077701,0.017614,0.041383,0.017975,0.077560,0.017160,0.078107,0.049801
weak,46250,46526,46250,46526,0.016438,0.078405,0.017269,0.038427,0.017308,0.078149,0.017530,0.076823,0.054780
weak,46250,46526,46250,46526,0.016460,0.079494,0.016711,0.037314,0.017521,0.078258,0.017208,0.086291,0.052023
weak,46250,46526,46250,46526,0.016774,0.078708,0.016892,0.041477,0.017066,0.078525,0.016829,0.078699,0.048768
weak,46250,46526,46250,46526,0.017241,0.077647,0.017698,0.037336,0.016611,0.078988,0.016608,0.079540,0.049914
weak,46250,46526,46250,46526,0.016830,0.080053,0.016801,0.039509,0.017651,0.077866,0.017405,0.077293,0.048958
weak,46250,46526,46250,46526,0.018211,0.079543,0.016730,0.040904,0.016928,0.078912,0.016608,0.082675,0.051381
weak,46250,46526,46250,46526,0.017641,0.077215,0.018256,0.037572,0.017727,0.086625,0.017717,0.082522,0.048264
weak,46250,46526,46250,46526,0.016969,0.078751,0.016669,0.037459,0.017601,0.079405,0.017285,0.078813,0.048768
weak,46250,46526,46250,46526,0.016545,0.081956,0.016979,0.041312,0.017447,0.078535,0.017751,0.076718,0.049553
weak,46250,46526,46250,46526,0.016830,0.079239,0.018065,0.038245,0.016756,0.079632,0.017544,0.079476,0.050882
weak,46250,46526,46250,46526,0.016466,0.079416,0.016684,0.038947,0.016569,0.081181,0.017862,0.079686,0.049905
weak,46250,46526,46250,46526,0.017319,0.085705,0.018153,0.037267,0.018565,0.078167,0.016649,0.080202,0.049328
weak,46250,46526,46250,46526,0.016953,0.079795,0.017342,0.037666,0.016587,0.078306,0.016794,0.080809,0.050370
weak,46250,46526,46250,46526,0.017261,0.079955,0.018451,0.038013,0.017408,0.077607,0.016665,0.078583,0.049500
weak,46250,46526,46250,46526,0.016296,0.076959,0.017634,0.040290,0.016953,0.079081,0.017789,0.086861,0.052635
weak,46250,46526,46250,46526,0.017095,0.081038,0.026017,0.039601,0.018334,0.088226,0.023351,0.095503,0.074521
weak,46250,46526,46250,46526,0.019499,0.090127,0.017063,0.037443,0.017833,0.087225,0.017697,0.076852,0.059370
weak,46250,46526,46250,46526,0.018422,0.088030,0.019090,0.037942,0.017092,0.077661,0.017025,0.077945,0.050619
weak,46250,46526,46250,46526,0.016541,0.080049,0.016754,0.037202,0.019207,0.078958,0.022767,0.081817,0.051736
weak,46250,46526,46250,46526,0.017436,0.076626,0.017895,0.039083,0.016615,0.079088,0.016852,0.084653,0.051408
weak,46250,46526,46250,46526,0.017045,0.090071,0.017149,0.039804,0.016708,0.078064,0.017156,0.077829,0.049924
weak,46250,46526,46250,46526,0.017065,0.079022,0.016976,0.042023,0.017100,0.077942,0.017121,0.077065,0.049934
weak,46250,46526,46250,46526,0.016630,0.081881,0.019280,0.037547,0.016736,0.078182,0.016856,0.079798,0.051380
weak,46250,46526,46250,46526,0.017223,0.080643,0.016767,0.037024,0.017693,0.080701,0.016941,0.079864,0.049342
weak,46250,46526,46250,46526,0.016594,0.079321,0.016594,0.038965,0.019086,0.081826,0.016696,0.086770,0.068761
weak,46250,46526,46250,46526,0.017098,0.080412,0.016717,0.038112,0.020926,0.081598,0.017288,0.079516,0.049382
weak,46250,46526,46250,46526,0.016769,0.080389,0.019825,0.037700,0.017167,0.077357,0.017736,0.078068,0.049547
weak,46250,46526,46250,46526,0.016668,0.081166,0.018317,0.040111,0.017039,0.079669,0.017050,0.079209,0.049568
weak,46250,46526,46250,46526,0.016885,0.079083,0.017912,0.038112,0.016382,0.078490,0.016618,0.081967,0.049428
weak,46250,46526,46250,46526,0.017357,0.080665,0.018468,0.037954,0.016629,0.089844,0.017738,0.076605,0.049051
weak,46250,46526,46250,46526,0.022512,0.092170,0.017715,0.037496,0.016545,0.078706,0.017702,0.080181,0.048166
weak,46250,46526,46250,46526,0.017699,0.078588,0.017748,0.038242,0.017207,0.078065,0.017030,0.084115,0.048317
weak,46250,46526,46250,46526,0.017248,0.079588,0.016586,0.037493,0.017051,0.077600,0.017523,0.079334,0.048443
weak,46250,46526,46250,46526,0.017495,0.078979,0.017703,0.037574,0.017071,0.078192,0.016987,0.080035,0.060101
weak,46250,46526,46250,46526,0.017457,0.083193,0.021245,0.037580,0.017558,0.080360,0.018260,0.077636,0.049227
weak,46250,46526,46250,46526,0.017723,0.076941,0.019365,0.037733,0.016675,0.082161,0.016861,0.078197,0.048645
weak,46250,46526,46250,46526,0.017084,0.083332,0.017052,0.037863,0.017827,0.080353,0.016830,0.079952,0.048581
weak,46250,46526,46250,46526,0.018545,0.079567,0.017076,0.037706,0.017366,0.078814,0.018671,0.077657,0.051631
weak,46250,46526,46250,46526,0.016757,0.079234,0.016561,0.038241,0.017585,0.082025,0.017429,0.078312,0.061723
weak,46250,46526,46250,46526,0.017907,0.080584,0.017322,0.037460,0.016844,0.080129,0.016907,0.079435,0.049784
weak,46250,46526,46250,46526,0.016934,0.077708,0.017362,0.041310,0.017695,0.080592,0.018113,0.076854,0.050180
weak,46250,46526,46250,46526,0.016680,0.080012,0.016954,0.038257,0.017662,0.077751,0.017741,0.078164,0.051078
weak,46250,46526,46250,46526,0.016903,0.084785,0.016748,0.038698,0.016498,0.079262,0.016720,0.078941,0.048692
weak,46250,46526,46250,46526,0.017142,0.079355,0.018245,0.040631,0.016547,0.094553,0.017337,0.078038,0.050008
weak,46250,46526,46250,46526,0.016611,0.077177,0.017146,0.039345,0.016525,0.081964,0.017215,0.078413,0.049397
weak,46250,46526,46250,46526,0.018470,0.077857,0.016998,0.037420,0.017801,0.077830,0.017591,0.079408,0.049916
weak,46250,46526,46250,46526,0.017173,0.078358,0.017086,0.037442,0.016370,0.082498,0.016688,0.077068,0.049808
weak,46250,46526,46250,46526,0.016388,0.079513,0.018780,0.037978,0.016910,0.078153,0.017984,0.077760,0.051779
weak,46250,46526,46250,46526,0.017839,0.081230,0.027556,0.059566,0.016367,0.081490,0.016868,0.081647,0.047974
weak,46250,46526,46250,46526,0.022178,0.081422,0.018147,0.038580,0.017387,0.080406,0.017754,0.077057,0.049333
weak,46250,46526,46250,46526,0.016619,0.082169,0.016961,0.037089,0.017418,0.080095,0.017400,0.081591,0.050512
weak,46250,46526,46250,46526,0.017237,0.079081,0.017607,0.037284,0.016840,0.078513,0.016659,0.079104,0.048512
weak,46250,46526,46250,46526,0.016821,0.076607,0.019061,0.039704,0.018347,0.086111,0.017218,0.110024,0.093949
weak,46250,46526,46250,46526,0.017923,0.076500,0.016925,0.037000,0.017393,0.076672,0.016849,0.077044,0.056997
weak,46250,46526,46250,46526,0.016901,0.077846,0.017802,0.037156,0.017161,0.077616,0.017098,0.078704,0.049840
weak,46250,46526,46250,46526,0.016710,0.080680,0.017217,0.038513,0.016559,0.078532,0.016917,0.080024,0.048628
weak,46250,46526,46250,46526,0.017292,0.079415,0.017187,0.037498,0.016449,0.078693,0.017817,0.080665,0.048663
weak,46250,46526,46250,46526,0.016410,0.079166,0.017270,0.046345,0.021869,0.078234,0.016825,0.077938,0.049481
weak,46250,46526,46250,46526,0.017045,0.082881,0.016741,0.038017,0.016916,0.077550,0.019082,0.077554,0.048914
weak,46250,46526,46250,46526,0.016738,0.077977,0.016656,0.038189,0.017827,0.076445,0.017764,0.080909,0.049925
weak,46250,46526,46250,46526,0.016430,0.077056,0.017781,0.037228,0.017394,0.079773,0.017525,0.079411,0.051906
weak,46250,46526,46250,46526,0.016572,0.083234,0.017456,0.040338,0.016624,0.078313,0.017330,0.077421,0.049225
weak,46250,46526,46250,46526,0.016650,0.092295,0.019418,0.038909,0.021584,0.077137,0.017460,0.083742,0.049076
weak,46250,46526,46250,46526,0.017749,0.079372,0.017236,0.037074,0.016343,0.077636,0.017001,0.077430,0.049284
weak,46250,46526,46250,46526,0.017163,0.082508,0.017514,0.037894,0.016578,0.078534,0.017285,0.078867,0.048344
weak,46250,46526,46250,46526,0.018760,0.077520,0.017989,0.037633,0.017461,0.080980,0.017523,0.077300,0.051390
weak,46250,46526,46250,46526,0.017201,0.077646,0.017465,0.037499,0.016652,0.079027,0.016818,0.104093,0.051211
weak,46250,46526,46250,46526,0.016933,0.081710,0.016562,0.035372,0.016481,0.085246,0.017685,0.079587,0.051050
weak,46250,46526,46250,46526,0.017669,0.078336,0.016855,0.037978,0.017048,0.079104,0.016864,0.078951,0.048322
weak,46250,46526,46250,46526,0.017050,0.078345,0.016921,0.039370,0.016683,0.078040,0.016679,0.079980,0.049239
weak,46250,46526,46250,46526,0.019534,0.078357,0.017708,0.037776,0.016964,0.079950,0.017988,0.077808,0.048762
weak,46250,46526,46250,46526,0.016330,0.078318,0.016788,0.036923,0.017097,0.101036,0.018494,0.079505,0.048641
weak,46250,46526,46250,46526,0.017426,0.077512,0.017534,0.037497,0.016622,0.078547,0.016635,0.078031,0.054794
weak,46250,46526,46250,46526,0.017682,0.079231,0.016834,0.037720,0.016974,0.076646,0.017933,0.077426,0.048694
weak,46250,46526,46250,46526,0.016660,0.079366,0.016889,0.038832,0.017305,0.084563,0.016711,0.077562,0.050026
weak,46250,46526,46250,46526,0.016742,0.078754,0.017643,0.039889,0.017078,0.082035,0.017455,0.079475,0.050951
weak,46250,46526,46250,46526,0.017413,0.093044,0.016998,0.041912,0.016516,0.080136,0.016783,0.080348,0.051667
