type,capacity,n,mincap_v1_1_div_time,t_size_v1,s_size_v1,mincap_v1_time,t_size_v2,s_size_v2,mincap_v2_time,t_size_v1_1,s_size_v1_1,mincap_v1_1_time,t_size_v2_1,s_size_v2_1,mincap_v2_1_time,t_size_v1_1_div,s_size_v1_1_div,mincap_v1_1_div_time,t_size_v2_1_cut,s_size_v2_1_cut,mincap_v2_1_cut_time,time_original,time_original_allocation,time_original_prealloc,res_original_alloc,time_ks2_v2_allocation,time_ks2_v2,resOpt_v2,time_ks2_v1_allocation,time_ks2_v1,resOpt_v1,time_ks2_v1_allocation_1,time_ks2_v1_1,resOpt_v1_1,time_ks2_v2_allocation_1,time_ks2_v2_1,resOpt_v2_1,time_ks2_v1_allocation_1_div,time_ks2_v1_1_div,resOpt_v1_1_div,time_ks2_allocation_1_cut,time_ks2_v2_1_cut,resOpt_v2_1_cut,time_ks2_v1_nocol_noalloc,time_fminknap_allocation,time_fminknap,resFmin
uncorr,50000,100,0.019438,50001,48543,0.197329,50001,48620,0.120555,50001,48543,0.188323,50001,48620,0.121212,5001,4939,0.019438,50001,48620,0.157727,0.038949,0.014590,0.029080,290276.487964,0.013683,0.071867,290276.487964,0.013856,0.070838,290276.487964,0.013777,0.027803,290276.487964,0.013727,0.027871,290276.487964,0.000791,0.002786,290096.364179,0.013816,0.027946,290276.487964,0.000001,0.000009,0.000010,290276.487964
uncorr,50000,100,0.019438,50001,48543,0.197329,50001,48620,0.120555,50001,48543,0.188323,50001,48620,0.121212,5001,4939,0.019438,50001,48620,0.157727,0.036233,0.014690,0.028913,242951.757392,0.013523,0.070484,242951.757392,0.013698,0.071860,242951.757392,0.013897,0.028690,242951.757392,0.013492,0.028714,242951.757392,0.000795,0.002903,242951.757392,0.013770,0.028900,242951.757392,0.000001,0.000000,0.000008,242951.757392
uncorr,50000,100,0.019438,50001,48543,0.197329,50001,48620,0.120555,50001,48543,0.188323,50001,48620,0.121212,5001,4939,0.019438,50001,48620,0.157727,0.036448,0.014578,0.028888,265240.733681,0.013518,0.071978,265240.733681,0.014002,0.071431,265240.733681,0.013684,0.029332,265240.733681,0.013852,0.028824,265240.733681,0.000793,0.002865,265240.733681,0.013754,0.028694,265240.733681,0.000001,0.000001,0.000007,265240.733681
uncorr,50000,100,0.019438,50001,48543,0.197329,50001,48620,0.120555,50001,48543,0.188323,50001,48620,0.121212,5001,4939,0.019438,50001,48620,0.157727,0.037331,0.014655,0.028782,232475.137511,0.013739,0.070840,232475.137511,0.013701,0.072138,232475.137511,0.014015,0.027806,232475.137511,0.013589,0.028002,232475.137511,0.000778,0.002812,232475.137511,0.013877,0.028140,232475.137511,0.000000,0.000001,0.000009,232475.137511
uncorr,50000,100,0.019438,50001,48543,0.197329,50001,48620,0.120555,50001,48543,0.188323,50001,48620,0.121212,5001,4939,0.019438,50001,48620,0.157727,0.036647,0.014574,0.028969,289417.953966,0.013402,0.070895,289417.953966,0.013695,0.070985,289417.953966,0.013542,0.028870,289417.953966,0.013889,0.028258,289417.953966,0.000762,0.002799,286972.542590,0.013513,0.027816,289417.953966,0.000000,0.000000,0.000006,289417.953966
uncorr,50000,100,0.019438,50001,48543,0.197329,50001,48620,0.120555,50001,48543,0.188323,50001,48620,0.121212,5001,4939,0.019438,50001,48620,0.157727,0.036531,0.014859,0.028839,244773.174055,0.013605,0.070421,244773.174055,0.013767,0.070786,244773.174055,0.013624,0.029509,244773.174055,0.014717,0.029219,244773.174055,0.000872,0.002887,244773.174055,0.013852,0.029220,244773.174055,0.000000,0.000000,0.000009,244773.174055
uncorr,50000,100,0.019438,50001,48543,0.197329,50001,48620,0.120555,50001,48543,0.188323,50001,48620,0.121212,5001,4939,0.019438,50001,48620,0.157727,0.038918,0.015388,0.030930,210421.684325,0.013751,0.071835,210421.684325,0.013774,0.072329,210421.684325,0.013815,0.028202,210421.684325,0.013777,0.028246,210421.684325,0.000845,0.003059,210421.684325,0.013749,0.028212,210421.684325,0.000000,0.000001,0.000010,210421.684325
uncorr,50000,100,0.019438,50001,48543,0.197329,50001,48620,0.120555,50001,48543,0.188323,50001,48620,0.121212,5001,4939,0.019438,50001,48620,0.157727,0.037159,0.014903,0.029234,266332.743893,0.013767,0.077243,266332.743893,0.017744,0.090359,266332.743893,0.015192,0.028271,266332.743893,0.013833,0.028678,266332.743893,0.000794,0.002896,266332.743893,0.013776,0.028865,266332.743893,0.000000,0.000000,0.000038,266332.743893
uncorr,50000,100,0.019438,50001,48543,0.197329,50001,48620,0.120555,50001,48543,0.188323,50001,48620,0.121212,5001,4939,0.019438,50001,48620,0.157727,0.036681,0.014527,0.029989,286326.276554,0.014064,0.071183,286326.276554,0.014091,0.073399,286326.276554,0.013774,0.028924,286326.276554,0.013696,0.028512,286326.276554,0.000791,0.002873,285755.121534,0.013702,0.046179,286326.276554,0.000002,0.000001,0.000011,286326.276554
uncorr,50000,100,0.019438,50001,48543,0.197329,50001,48620,0.120555,50001,48543,0.188323,50001,48620,0.121212,5001,4939,0.019438,50001,48620,0.157727,0.039426,0.014937,0.028931,227191.598204,0.013517,0.072448,227191.598204,0.013782,0.072149,227191.598204,0.013666,0.028131,227191.598204,0.013842,0.028320,227191.598204,0.000781,0.002858,226791.657376,0.013784,0.028061,227141.344487,0.000000,0.000000,0.000010,227191.598204
uncorr,50000,100,0.019438,50001,48543,0.197329,50001,48620,0.120555,50001,48543,0.188323,50001,48620,0.121212,5001,4939,0.019438,50001,48620,0.157727,0.036725,0.014771,0.028879,231366.239169,0.013947,0.070454,231366.239169,0.013590,0.070719,231366.239169,0.013476,0.027635,231366.239169,0.013504,0.027621,231366.239169,0.000759,0.002790,229608.608481,0.013475,0.027667,231366.239169,0.000001,0.000000,0.000006,231366.239169
uncorr,50000,100,0.019438,50001,48543,0.197329,50001,48620,0.120555,50001,48543,0.188323,50001,48620,0.121212,5001,4939,0.019438,50001,48620,0.157727,0.036332,0.014549,0.028779,195510.730045,0.013426,0.070127,195510.730045,0.013417,0.070963,195510.730045,0.013575,0.028065,195510.730045,0.013727,0.027890,195510.730045,0.000792,0.002831,195059.066718,0.013360,0.027959,195500.189013,0.000000,0.000001,0.000009,195510.730045
uncorr,50000,100,0.019438,50001,48543,0.197329,50001,48620,0.120555,50001,48543,0.188323,50001,48620,0.121212,5001,4939,0.019438,50001,48620,0.157727,0.036054,0.014550,0.028671,256037.714964,0.013549,0.070470,256037.714964,0.013785,0.072422,256037.714964,0.013632,0.027737,256037.714964,0.014617,0.028254,256037.714964,0.000792,0.002788,255132.012735,0.013837,0.027856,256037.714964,0.000000,0.000000,0.000009,256037.714964
uncorr,50000,100,0.019438,50001,48543,0.197329,50001,48620,0.120555,50001,48543,0.188323,50001,48620,0.121212,5001,4939,0.019438,50001,48620,0.157727,0.036076,0.014541,0.028688,242017.588272,0.013953,0.070145,242017.588272,0.013656,0.072234,242017.588272,0.013862,0.028380,242017.588272,0.013556,0.028673,242017.588272,0.000926,0.003000,242017.588272,0.013678,0.028001,242017.588272,0.000001,0.000000,0.000009,242017.588272
uncorr,50000,100,0.019438,50001,48543,0.197329,50001,48620,0.120555,50001,48543,0.188323,50001,48620,0.121212,5001,4939,0.019438,50001,48620,0.157727,0.035992,0.014522,0.029147,243638.849755,0.014311,0.071089,243638.849755,0.013794,0.070682,243638.849755,0.013509,0.028442,243638.849755,0.013770,0.028430,243638.849755,0.000864,0.002913,243638.849755,0.013745,0.028508,243638.849755,0.000000,0.000001,0.000009,243638.849755
uncorr,50000,100,0.019438,50001,48543,0.197329,50001,48620,0.120555,50001,48543,0.188323,50001,48620,0.121212,5001,4939,0.019438,50001,48620,0.157727,0.036787,0.014471,0.028924,273241.509041,0.014041,0.071060,273241.509041,0.013659,0.071231,273241.509041,0.013709,0.027775,273241.509041,0.013430,0.027764,273241.509041,0.000763,0.002780,273060.266542,0.013479,0.027769,273241.509041,0.000001,0.000001,0.000009,273241.509041
uncorr,50000,100,0.019438,50001,48543,0.197329,50001,48620,0.120555,50001,48543,0.188323,50001,48620,0.121212,5001,4939,0.019438,50001,48620,0.157727,0.036291,0.014646,0.028623,228307.456739,0.013549,0.070512,228307.456739,0.013881,0.071344,228307.456739,0.013570,0.027644,228307.456739,0.013703,0.027941,228307.456739,0.000806,0.002826,228307.456739,0.013666,0.027949,228307.456739,0.000001,0.000001,0.000008,228307.456739
uncorr,50000,100,0.019438,50001,48543,0.197329,50001,48620,0.120555,50001,48543,0.188323,50001,48620,0.121212,5001,4939,0.019438,50001,48620,0.157727,0.036190,0.014545,0.028657,195613.554312,0.013574,0.070442,195613.554312,0.013644,0.070715,195613.554312,0.013562,0.028171,195613.554312,0.014034,0.027902,195613.554312,0.000831,0.002788,195613.554312,0.013542,0.028531,195613.554312,0.000000,0.000000,0.000008,195613.554312
uncorr,50000,100,0.019438,50001,48543,0.197329,50001,48620,0.120555,50001,48543,0.188323,50001,48620,0.121212,5001,4939,0.019438,50001,48620,0.157727,0.036325,0.014578,0.034163,260948.877063,0.013959,0.070470,260948.877063,0.013688,0.070449,260948.877063,0.013591,0.027700,260948.877063,0.013532,0.027837,260948.877063,0.000786,0.002821,260151.786475,0.013345,0.027733,260948.877063,0.000000,0.000001,0.000008,260948.877063
uncorr,50000,100,0.019438,50001,48543,0.197329,50001,48620,0.120555,50001,48543,0.188323,50001,48620,0.121212,5001,4939,0.019438,50001,48620,0.157727,0.036190,0.014572,0.028645,215970.835429,0.013510,0.070559,215970.835429,0.013601,0.071308,215970.835429,0.014466,0.028121,215970.835429,0.013674,0.028396,215970.835429,0.000798,0.002919,215932.202328,0.013644,0.028583,215970.835429,0.000000,0.000001,0.000006,215970.835429
uncorr,50000,100,0.019438,50001,48543,0.197329,50001,48620,0.120555,50001,48543,0.188323,50001,48620,0.121212,5001,4939,0.019438,50001,48620,0.157727,0.036711,0.014458,0.029181,236970.589937,0.013389,0.071019,236970.589937,0.013698,0.070983,236970.589937,0.013749,0.028934,236970.589937,0.013777,0.028927,236970.589937,0.000812,0.003134,236962.427835,0.013775,0.028846,236970.589937,0.000001,0.000001,0.000007,236970.589937
uncorr,50000,100,0.019438,50001,48543,0.197329,50001,48620,0.120555,50001,48543,0.188323,50001,48620,0.121212,5001,4939,0.019438,50001,48620,0.157727,0.036838,0.014938,0.029650,241668.899129,0.013776,0.070701,241668.899129,0.013687,0.075087,241668.899129,0.013846,0.029193,241668.899129,0.013716,0.028321,241668.899129,0.000777,0.002919,241485.490072,0.013636,0.033178,241668.899129,0.000000,0.000000,0.000011,241668.899129
uncorr,50000,100,0.019438,50001,48543,0.197329,50001,48620,0.120555,50001,48543,0.188323,50001,48620,0.121212,5001,4939,0.019438,50001,48620,0.157727,0.036794,0.014771,0.029258,208370.180968,0.013868,0.072924,208370.180968,0.013819,0.072760,208370.180968,0.013708,0.028112,208370.180968,0.013491,0.028127,208370.180968,0.000778,0.002875,208370.180968,0.014291,0.028351,208370.180968,0.000000,0.000000,0.000011,208370.180968
uncorr,50000,100,0.019438,50001,48543,0.197329,50001,48620,0.120555,50001,48543,0.188323,50001,48620,0.121212,5001,4939,0.019438,50001,48620,0.157727,0.036532,0.014765,0.030287,309991.280214,0.014339,0.071475,309991.280214,0.013865,0.071441,309991.280214,0.013695,0.027678,309991.280214,0.013556,0.027658,309991.280214,0.000759,0.002777,309991.280214,0.013421,0.027714,309991.280214,0.000000,0.000001,0.000007,309991.280214
uncorr,50000,100,0.019438,50001,48543,0.197329,50001,48620,0.120555,50001,48543,0.188323,50001,48620,0.121212,5001,4939,0.019438,50001,48620,0.157727,0.035992,0.014536,0.028828,244837.055281,0.013522,0.070242,244837.055281,0.013441,0.070709,244837.055281,0.013625,0.027648,244837.055281,0.013640,0.028270,244837.055281,0.000766,0.002785,244837.055281,0.013534,0.027730,244837.055281,0.000000,0.000000,0.000007,244837.055281
uncorr,50000,100,0.019438,50001,48543,0.197329,50001,48620,0.120555,50001,48543,0.188323,50001,48620,0.121212,5001,4939,0.019438,50001,48620,0.157727,0.036225,0.014433,0.028741,215479.885557,0.013614,0.070041,215479.885557,0.013431,0.071623,215479.885557,0.013691,0.027773,215479.885557,0.013593,0.028043,215479.885557,0.000785,0.002778,215479.885557,0.013500,0.027978,215479.885557,0.000000,0.000001,0.000008,215479.885557
uncorr,50000,100,0.019438,50001,48543,0.197329,50001,48620,0.120555,50001,48543,0.188323,50001,48620,0.121212,5001,4939,0.019438,50001,48620,0.157727,0.036257,0.014410,0.028937,225415.752354,0.013883,0.070450,225415.752354,0.013654,0.070656,225415.752354,0.013534,0.027757,225415.752354,0.013698,0.028044,225415.752354,0.000812,0.002791,225415.752354,0.013645,0.027827,225415.752354,0.000000,0.000001,0.000009,225415.752354
uncorr,50000,100,0.019438,50001,48543,0.197329,50001,48620,0.120555,50001,48543,0.188323,50001,48620,0.121212,5001,4939,0.019438,50001,48620,0.157727,0.036069,0.014580,0.028862,264034.404088,0.013805,0.070504,264034.404088,0.013657,0.071675,264034.404088,0.013675,0.027838,264034.404088,0.013619,0.027838,264034.404088,0.000790,0.002861,263686.319997,0.013672,0.027682,264034.404088,0.000000,0.000001,0.000008,264034.404088
uncorr,50000,100,0.019438,50001,48543,0.197329,50001,48620,0.120555,50001,48543,0.188323,50001,48620,0.121212,5001,4939,0.019438,50001,48620,0.157727,0.035931,0.014504,0.030459,320806.193704,0.013918,0.070347,320806.193704,0.013705,0.070914,320806.193704,0.013714,0.027686,320806.193704,0.013578,0.027681,320806.193704,0.000808,0.002783,319612.777327,0.013564,0.028248,320744.068615,0.000000,0.000001,0.000010,320806.193704
uncorr,50000,100,0.019438,50001,48543,0.197329,50001,48620,0.120555,50001,48543,0.188323,50001,48620,0.121212,5001,4939,0.019438,50001,48620,0.157727,0.036605,0.014644,0.028786,219436.159014,0.013580,0.070320,219436.159014,0.013645,0.070715,219436.159014,0.013531,0.027795,219436.159014,0.013713,0.028141,219436.159014,0.000793,0.002798,219274.593701,0.013678,0.028057,219436.159014,0.000000,0.000001,0.000008,219436.159014
uncorr,50000,100,0.019438,50001,48543,0.197329,50001,48620,0.120555,50001,48543,0.188323,50001,48620,0.121212,5001,4939,0.019438,50001,48620,0.157727,0.036100,0.014483,0.029037,299794.913590,0.013496,0.070797,299794.913590,0.013679,0.070726,299794.913590,0.013519,0.027855,299794.913590,0.013611,0.027849,299794.913590,0.000761,0.002793,299506.174736,0.013631,0.027884,299794.913590,0.000000,0.000001,0.000009,299794.913590
uncorr,50000,100,0.019438,50001,48543,0.197329,50001,48620,0.120555,50001,48543,0.188323,50001,48620,0.121212,5001,4939,0.019438,50001,48620,0.157727,0.035793,0.014499,0.028676,316451.458658,0.013419,0.070364,316451.458658,0.013538,0.070752,316451.458658,0.013650,0.028563,316451.458658,0.013803,0.028076,316451.458658,0.000761,0.002931,316451.458658,0.013463,0.027635,316451.458658,0.000000,0.000000,0.000008,316451.458658
uncorr,50000,100,0.019438,50001,48543,0.197329,50001,48620,0.120555,50001,48543,0.188323,50001,48620,0.121212,5001,4939,0.019438,50001,48620,0.157727,0.036093,0.014500,0.028580,248275.322868,0.013523,0.070645,248275.322868,0.013728,0.071001,248275.322868,0.013689,0.027734,248275.322868,0.013891,0.027944,248275.322868,0.000811,0.002809,248181.091574,0.013716,0.028434,248275.322868,0.000000,0.000001,0.000007,248275.322868
uncorr,50000,100,0.019438,50001,48543,0.197329,50001,48620,0.120555,50001,48543,0.188323,50001,48620,0.121212,5001,4939,0.019438,50001,48620,0.157727,0.036596,0.014383,0.029625,272515.275094,0.013878,0.070893,272515.275094,0.013907,0.070756,272515.275094,0.013436,0.027763,272515.275094,0.013655,0.027642,272515.275094,0.000757,0.002975,272515.275094,0.013590,0.027787,272515.275094,0.000000,0.000001,0.000005,272515.275094
uncorr,50000,100,0.019438,50001,48543,0.197329,50001,48620,0.120555,50001,48543,0.188323,50001,48620,0.121212,5001,4939,0.019438,50001,48620,0.157727,0.036097,0.014475,0.028661,205521.561670,0.013389,0.070134,205521.561670,0.013604,0.071430,205521.561670,0.014411,0.029165,205521.561670,0.013630,0.028338,205521.561670,0.000764,0.003037,205268.586149,0.013831,0.028499,205521.561670,0.000000,0.000001,0.000009,205521.561670
uncorr,50000,100,0.019438,50001,48543,0.197329,50001,48620,0.120555,50001,48543,0.188323,50001,48620,0.121212,5001,4939,0.019438,50001,48620,0.157727,0.039738,0.015138,0.029708,209185.182019,0.013770,0.071026,209185.182019,0.015274,0.074829,209185.182019,0.013969,0.028120,209185.182019,0.013677,0.028358,209185.182019,0.000778,0.002778,209185.182019,0.014051,0.028489,209185.182019,0.000001,0.000000,0.000010,209185.182019
uncorr,50000,100,0.019438,50001,48543,0.197329,50001,48620,0.120555,50001,48543,0.188323,50001,48620,0.121212,5001,4939,0.019438,50001,48620,0.157727,0.036656,0.014574,0.028794,282721.421442,0.014452,0.070799,282721.421442,0.013755,0.070984,282721.421442,0.013714,0.028130,282721.421442,0.013609,0.028207,282721.421442,0.000817,0.002843,281270.760389,0.013865,0.028143,282721.421442,0.000001,0.000000,0.000006,282721.421442
uncorr,50000,100,0.019438,50001,48543,0.197329,50001,48620,0.120555,50001,48543,0.188323,50001,48620,0.121212,5001,4939,0.019438,50001,48620,0.157727,0.036423,0.014449,0.029280,230769.068217,0.014415,0.070586,230769.068217,0.013679,0.070742,230769.068217,0.014102,0.032393,230769.068217,0.013930,0.028081,230769.068217,0.000834,0.002874,230319.669688,0.013862,0.028426,230769.068217,0.000001,0.000000,0.000008,230769.068217
uncorr,50000,100,0.019438,50001,48543,0.197329,50001,48620,0.120555,50001,48543,0.188323,50001,48620,0.121212,5001,4939,0.019438,50001,48620,0.157727,0.036558,0.014674,0.028851,220658.281045,0.013552,0.070417,220658.281045,0.013777,0.071659,220658.281045,0.013961,0.028568,220658.281045,0.013728,0.028812,220658.281045,0.000816,0.002966,220658.281045,0.013744,0.028830,220658.281045,0.000000,0.000000,0.000009,220658.281045
uncorr,50000,100,0.019438,50001,48543,0.197329,50001,48620,0.120555,50001,48543,0.188323,50001,48620,0.121212,5001,4939,0.019438,50001,48620,0.157727,0.036886,0.014549,0.028825,228487.254047,0.013553,0.070349,228487.254047,0.013699,0.071649,228487.254047,0.013783,0.027954,228487.254047,0.013702,0.028239,228487.254047,0.000806,0.002784,228034.391537,0.013809,0.028503,228487.254047,0.000001,0.000001,0.000008,228487.254047
uncorr,50000,100,0.019438,50001,48543,0.197329,50001,48620,0.120555,50001,48543,0.188323,50001,48620,0.121212,5001,4939,0.019438,50001,48620,0.157727,0.036924,0.014652,0.029813,166498.807426,0.013943,0.071014,166498.807426,0.013965,0.071121,166498.807426,0.013712,0.028006,166498.807426,0.013854,0.027967,166498.807426,0.000807,0.002898,166498.807426,0.013864,0.027883,166498.807426,0.000000,0.000001,0.000012,166498.807426
almost,50000,100,0.021760,50001,49390,0.212408,50001,49565,0.136464,50001,49390,0.210664,50001,49565,0.137657,5001,4990,0.021760,50001,49565,0.137071,0.036869,0.014531,0.028666,117634.273389,0.013822,0.033301,117634.273389,0.013773,0.033698,117634.273389,0.013853,0.028507,117634.273389,0.013851,0.028435,117634.273389,0.000799,0.002871,117634.273389,0.014003,0.028301,117634.273389,0.000000,0.000000,0.000009,117634.273389
almost,50000,100,0.021760,50001,49390,0.212408,50001,49565,0.136464,50001,49390,0.210664,50001,49565,0.137657,5001,4990,0.021760,50001,49565,0.137071,0.036368,0.014572,0.029291,125011.715819,0.014308,0.033177,125011.715819,0.013840,0.034289,125011.715819,0.014066,0.028985,125011.715819,0.014017,0.029093,125011.715819,0.000807,0.002896,125011.715819,0.014084,0.029475,125011.715819,0.000001,0.000000,0.000009,125011.715819
almost,50000,100,0.021760,50001,49390,0.212408,50001,49565,0.136464,50001,49390,0.210664,50001,49565,0.137657,5001,4990,0.021760,50001,49565,0.137071,0.036594,0.014640,0.028818,106543.893535,0.013648,0.033066,106543.893535,0.013675,0.033546,106543.893535,0.013791,0.028461,106543.893535,0.014272,0.028862,106543.893535,0.000773,0.002778,105631.686277,0.013995,0.028257,106543.893535,0.000001,0.000000,0.000006,106543.893535
almost,50000,100,0.021760,50001,49390,0.212408,50001,49565,0.136464,50001,49390,0.210664,50001,49565,0.137657,5001,4990,0.021760,50001,49565,0.137071,0.036159,0.014217,0.029398,113366.597830,0.014009,0.033079,113366.597830,0.013885,0.033857,113366.597830,0.013873,0.028970,113366.597830,0.014073,0.028950,113366.597830,0.000809,0.003091,113366.597830,0.014080,0.029000,113366.597830,0.000001,0.000001,0.000007,113366.597830
almost,50000,100,0.021760,50001,49390,0.212408,50001,49565,0.136464,50001,49390,0.210664,50001,49565,0.137657,5001,4990,0.021760,50001,49565,0.137071,0.036925,0.014638,0.029174,123641.628726,0.013872,0.033956,123641.628726,0.014481,0.034725,123641.628726,0.013847,0.029405,123641.628726,0.014108,0.029079,123641.628726,0.000829,0.002978,123641.628726,0.013871,0.029055,123641.628726,0.000001,0.000001,0.000006,123641.628726
almost,50000,100,0.021760,50001,49390,0.212408,50001,49565,0.136464,50001,49390,0.210664,50001,49565,0.137657,5001,4990,0.021760,50001,49565,0.137071,0.036993,0.014587,0.029257,115887.871245,0.013840,0.034490,115887.871245,0.014373,0.037527,115887.871245,0.013910,0.029849,115887.871245,0.014082,0.029385,115887.871245,0.000975,0.003147,115190.866321,0.016425,0.041008,115887.871245,0.000000,0.000000,0.000008,115887.871245
almost,50000,100,0.021760,50001,49390,0.212408,50001,49565,0.136464,50001,49390,0.210664,50001,49565,0.137657,5001,4990,0.021760,50001,49565,0.137071,0.036652,0.014541,0.029306,116476.267181,0.014310,0.035189,116476.267181,0.013973,0.033340,116476.267181,0.014360,0.029507,116476.267181,0.015361,0.028637,116476.267181,0.000782,0.002956,116476.267181,0.014018,0.028836,116476.267181,0.000001,0.000000,0.000007,116476.267181
almost,50000,100,0.021760,50001,49390,0.212408,50001,49565,0.136464,50001,49390,0.210664,50001,49565,0.137657,5001,4990,0.021760,50001,49565,0.137071,0.036075,0.014467,0.029483,111948.424321,0.014547,0.033499,111948.424321,0.013752,0.033565,111948.424321,0.013904,0.029812,111948.424321,0.014768,0.029057,111948.424321,0.000804,0.002966,111948.424321,0.014343,0.029371,111948.424321,0.000001,0.000001,0.000008,111948.424321
almost,50000,100,0.021760,50001,49390,0.212408,50001,49565,0.136464,50001,49390,0.210664,50001,49565,0.137657,5001,4990,0.021760,50001,49565,0.137071,0.037708,0.014558,0.029016,120057.443639,0.013621,0.033380,120057.443639,0.013966,0.033721,120057.443639,0.013763,0.028506,120057.443639,0.013859,0.028455,120057.443639,0.000797,0.002845,120057.443639,0.013949,0.028448,120057.443639,0.000001,0.000001,0.000007,120057.443639
almost,50000,100,0.021760,50001,49390,0.212408,50001,49565,0.136464,50001,49390,0.210664,50001,49565,0.137657,5001,4990,0.021760,50001,49565,0.137071,0.036319,0.014561,0.028792,144076.378491,0.013755,0.033217,144076.378491,0.014036,0.034089,144076.378491,0.013827,0.028513,144076.378491,0.014095,0.028380,144076.378491,0.000795,0.002918,142497.085205,0.013992,0.028361,144076.378491,0.000000,0.000000,0.000006,144076.378491
almost,50000,100,0.021760,50001,49390,0.212408,50001,49565,0.136464,50001,49390,0.210664,50001,49565,0.137657,5001,4990,0.021760,50001,49565,0.137071,0.038142,0.014592,0.028767,116867.394181,0.013742,0.033329,116867.394181,0.013743,0.033313,116867.394181,0.013624,0.028031,116867.394181,0.013856,0.028009,116867.394181,0.000769,0.002809,116801.538675,0.013758,0.028199,116836.152630,0.000000,0.000001,0.000010,116867.394181
almost,50000,100,0.021760,50001,49390,0.212408,50001,49565,0.136464,50001,49390,0.210664,50001,49565,0.137657,5001,4990,0.021760,50001,49565,0.137071,0.036982,0.015102,0.029730,115642.884239,0.014020,0.033635,115642.884239,0.013800,0.034288,115642.884239,0.013877,0.029388,115642.884239,0.013990,0.029177,115642.884239,0.000802,0.002923,115532.918094,0.014080,0.029347,115642.884239,0.000000,0.000001,0.000010,115642.884239
almost,50000,100,0.021760,50001,49390,0.212408,50001,49565,0.136464,50001,49390,0.210664,50001,49565,0.137657,5001,4990,0.021760,50001,49565,0.137071,0.036723,0.014548,0.029263,117759.559302,0.013683,0.034697,117759.559302,0.013896,0.034727,117759.559302,0.013864,0.029224,117759.559302,0.014375,0.028898,117759.559302,0.000773,0.002788,117733.688821,0.014271,0.028129,117759.559302,0.000000,0.000001,0.000009,117759.559302
almost,50000,100,0.021760,50001,49390,0.212408,50001,49565,0.136464,50001,49390,0.210664,50001,49565,0.137657,5001,4990,0.021760,50001,49565,0.137071,0.036140,0.014364,0.028860,103707.430848,0.013812,0.033130,103707.430848,0.013529,0.033530,103707.430848,0.013953,0.028408,103707.430848,0.014045,0.028113,103707.430848,0.000814,0.002813,103473.099545,0.013854,0.028361,103707.430848,0.000001,0.000000,0.000013,103707.430848
almost,50000,100,0.021760,50001,49390,0.212408,50001,49565,0.136464,50001,49390,0.210664,50001,49565,0.137657,5001,4990,0.021760,50001,49565,0.137071,0.036381,0.014513,0.028729,119004.252626,0.013695,0.033613,119004.252626,0.013885,0.034101,119004.252626,0.013979,0.028381,119004.252626,0.013847,0.028672,119004.252626,0.000784,0.002895,118147.102258,0.013939,0.028464,119004.252626,0.000001,0.000000,0.000006,119004.252626
almost,50000,100,0.021760,50001,49390,0.212408,50001,49565,0.136464,50001,49390,0.210664,50001,49565,0.137657,5001,4990,0.021760,50001,49565,0.137071,0.036334,0.014606,0.028905,117949.826701,0.013787,0.033253,117949.826701,0.013805,0.033671,117949.826701,0.013857,0.028410,117949.826701,0.013793,0.028391,117949.826701,0.000796,0.002850,117949.826701,0.013898,0.028700,117949.826701,0.000000,0.000001,0.000006,117949.826701
almost,50000,100,0.021760,50001,49390,0.212408,50001,49565,0.136464,50001,49390,0.210664,50001,49565,0.137657,5001,4990,0.021760,50001,49565,0.137071,0.036486,0.014639,0.029463,147619.243721,0.014304,0.033043,147619.243721,0.013828,0.033483,147619.243721,0.014008,0.028089,147619.243721,0.013814,0.028322,147619.243721,0.000780,0.002816,147619.243721,0.013980,0.028523,147619.243721,0.000000,0.000001,0.000006,147619.243721
almost,50000,100,0.021760,50001,49390,0.212408,50001,49565,0.136464,50001,49390,0.210664,50001,49565,0.137657,5001,4990,0.021760,50001,49565,0.137071,0.036451,0.014443,0.029137,136115.241285,0.013479,0.033870,136115.241285,0.013656,0.033266,136115.241285,0.013647,0.028162,136115.241285,0.013933,0.028007,136115.241285,0.000797,0.003451,136115.241285,0.014052,0.028151,136115.241285,0.000000,0.000001,0.000008,136115.241285
almost,50000,100,0.021760,50001,49390,0.212408,50001,49565,0.136464,50001,49390,0.210664,50001,49565,0.137657,5001,4990,0.021760,50001,49565,0.137071,0.036237,0.014382,0.028620,94633.664036,0.013743,0.032889,94633.664036,0.013722,0.033427,94633.664036,0.013922,0.027964,94633.664036,0.013937,0.028039,94633.664036,0.000796,0.002843,94151.103915,0.013940,0.028055,94633.664036,0.000000,0.000001,0.000010,94633.664036
almost,50000,100,0.021760,50001,49390,0.212408,50001,49565,0.136464,50001,49390,0.210664,50001,49565,0.137657,5001,4990,0.021760,50001,49565,0.137071,0.036087,0.014439,0.028829,135150.783413,0.013798,0.032928,135150.783413,0.013726,0.033485,135150.783413,0.013967,0.030065,135150.783413,0.014021,0.028159,135150.783413,0.000829,0.002796,134730.513578,0.013947,0.028028,135150.783413,0.000000,0.000001,0.000009,135150.783413
almost,50000,100,0.021760,50001,49390,0.212408,50001,49565,0.136464,50001,49390,0.210664,50001,49565,0.137657,5001,4990,0.021760,50001,49565,0.137071,0.036395,0.014345,0.028820,114067.366767,0.013573,0.033619,114067.366767,0.013743,0.034172,114067.366767,0.013966,0.028996,114067.366767,0.014042,0.028894,114067.366767,0.000804,0.002933,114067.366767,0.013969,0.028925,114067.366767,0.000001,0.000001,0.000008,114067.366767
almost,50000,100,0.021760,50001,49390,0.212408,50001,49565,0.136464,50001,49390,0.210664,50001,49565,0.137657,5001,4990,0.021760,50001,49565,0.137071,0.036785,0.014608,0.029196,112697.493147,0.014145,0.035157,112697.493147,0.014741,0.036913,112697.493147,0.013889,0.030239,112697.493147,0.013827,0.029758,112697.493147,0.000812,0.003120,112697.493147,0.016330,0.046810,112697.493147,0.000000,0.000000,0.000010,112697.493147
almost,50000,100,0.021760,50001,49390,0.212408,50001,49565,0.136464,50001,49390,0.210664,50001,49565,0.137657,5001,4990,0.021760,50001,49565,0.137071,0.036713,0.014364,0.028682,131215.928057,0.014303,0.034789,131215.928057,0.013769,0.035093,131215.928057,0.014668,0.028342,131215.928057,0.013954,0.028160,131215.928057,0.000770,0.002776,131215.928057,0.014198,0.028404,131215.928057,0.000001,0.000000,0.000007,131215.928057
almost,50000,100,0.021760,50001,49390,0.212408,50001,49565,0.136464,50001,49390,0.210664,50001,49565,0.137657,5001,4990,0.021760,50001,49565,0.137071,0.036222,0.014752,0.029917,118160.422959,0.014414,0.033150,118160.422959,0.013838,0.033397,118160.422959,0.013951,0.028050,118160.422959,0.013762,0.028011,118160.422959,0.000781,0.002776,118160.422959,0.013930,0.028605,118160.422959,0.000001,0.000000,0.000009,118160.422959
almost,50000,100,0.021760,50001,49390,0.212408,50001,49565,0.136464,50001,49390,0.210664,50001,49565,0.137657,5001,4990,0.021760,50001,49565,0.137071,0.036782,0.014666,0.028768,129620.780212,0.013450,0.033159,129620.780212,0.013682,0.033574,129620.780212,0.013882,0.028229,129620.780212,0.013762,0.028217,129620.780212,0.000768,0.002783,129620.780212,0.013847,0.029085,129620.780212,0.000001,0.000000,0.000007,129620.780212
almost,50000,100,0.021760,50001,49390,0.212408,50001,49565,0.136464,50001,49390,0.210664,50001,49565,0.137657,5001,4990,0.021760,50001,49565,0.137071,0.038984,0.014976,0.030472,108129.290407,0.014044,0.035388,108129.290407,0.014110,0.035405,108129.290407,0.014256,0.029684,108129.290407,0.014045,0.028448,108129.290407,0.000829,0.002831,108129.290407,0.014379,0.031161,108129.290407,0.000000,0.000000,0.000008,108129.290407
almost,50000,100,0.021760,50001,49390,0.212408,50001,49565,0.136464,50001,49390,0.210664,50001,49565,0.137657,5001,4990,0.021760,50001,49565,0.137071,0.036485,0.014490,0.029562,127852.084259,0.013795,0.036174,127852.084259,0.013851,0.034255,127852.084259,0.013758,0.029266,127852.084259,0.014096,0.029814,127852.084259,0.000773,0.002848,127852.084259,0.014051,0.028090,127852.084259,0.000000,0.000001,0.000007,127852.084259
almost,50000,100,0.021760,50001,49390,0.212408,50001,49565,0.136464,50001,49390,0.210664,50001,49565,0.137657,5001,4990,0.021760,50001,49565,0.137071,0.036260,0.014862,0.029126,129013.889411,0.013665,0.033065,129013.889411,0.013717,0.033962,129013.889411,0.013762,0.028237,129013.889411,0.013653,0.028077,129013.889411,0.000917,0.002813,128925.104284,0.014166,0.028373,129013.889411,0.000001,0.000000,0.000007,129013.889411
almost,50000,100,0.021760,50001,49390,0.212408,50001,49565,0.136464,50001,49390,0.210664,50001,49565,0.137657,5001,4990,0.021760,50001,49565,0.137071,0.036401,0.014506,0.028727,117616.750910,0.014431,0.033560,117616.750910,0.013918,0.033346,117616.750910,0.013736,0.028083,117616.750910,0.014230,0.028425,117616.750910,0.000769,0.002794,117380.947159,0.013940,0.028172,117616.750910,0.000001,0.000001,0.000007,117616.750910
almost,50000,100,0.021760,50001,49390,0.212408,50001,49565,0.136464,50001,49390,0.210664,50001,49565,0.137657,5001,4990,0.021760,50001,49565,0.137071,0.036410,0.014381,0.028767,135153.522136,0.013626,0.032915,135153.522136,0.013724,0.033779,135153.522136,0.014063,0.028357,135153.522136,0.013834,0.028157,135153.522136,0.000781,0.002797,135153.522136,0.013823,0.028551,135153.522136,0.000001,0.000001,0.000007,135153.522136
almost,50000,100,0.021760,50001,49390,0.212408,50001,49565,0.136464,50001,49390,0.210664,50001,49565,0.137657,5001,4990,0.021760,50001,49565,0.137071,0.036374,0.014641,0.029384,129595.450178,0.013788,0.033591,129595.450178,0.013846,0.033755,129595.450178,0.013938,0.028618,129595.450178,0.014069,0.028131,129595.450178,0.000795,0.002786,129315.382107,0.013981,0.028135,129595.450178,0.000000,0.000001,0.000009,129595.450178
almost,50000,100,0.021760,50001,49390,0.212408,50001,49565,0.136464,50001,49390,0.210664,50001,49565,0.137657,5001,4990,0.021760,50001,49565,0.137071,0.036183,0.014593,0.028776,140829.282044,0.014067,0.033648,140829.282044,0.013741,0.033530,140829.282044,0.013749,0.028342,140829.282044,0.014040,0.028479,140829.282044,0.000807,0.002832,140829.282044,0.014133,0.028989,140829.282044,0.000000,0.000000,0.000009,140829.282044
almost,50000,100,0.021760,50001,49390,0.212408,50001,49565,0.136464,50001,49390,0.210664,50001,49565,0.137657,5001,4990,0.021760,50001,49565,0.137071,0.036588,0.014562,0.028756,109764.034806,0.013529,0.033078,109764.034806,0.013708,0.033454,109764.034806,0.013647,0.028151,109764.034806,0.013951,0.028190,109764.034806,0.000787,0.003061,109277.048853,0.014105,0.028205,109764.034806,0.000001,0.000001,0.000010,109764.034806
almost,50000,100,0.021760,50001,49390,0.212408,50001,49565,0.136464,50001,49390,0.210664,50001,49565,0.137657,5001,4990,0.021760,50001,49565,0.137071,0.037808,0.014831,0.029038,133740.812736,0.013769,0.033212,133740.812736,0.013870,0.033619,133740.812736,0.013942,0.028492,133740.812736,0.013960,0.028594,133740.812736,0.000784,0.002881,133740.812736,0.013926,0.028627,133740.812736,0.000000,0.000001,0.000008,133740.812736
almost,50000,100,0.021760,50001,49390,0.212408,50001,49565,0.136464,50001,49390,0.210664,50001,49565,0.137657,5001,4990,0.021760,50001,49565,0.137071,0.036440,0.014587,0.028746,132653.002253,0.013870,0.033394,132653.002253,0.013912,0.033712,132653.002253,0.014245,0.028658,132653.002253,0.013881,0.028315,132653.002253,0.000769,0.002789,132653.002253,0.014143,0.028337,132653.002253,0.000000,0.000000,0.000007,132653.002253
almost,50000,100,0.021760,50001,49390,0.212408,50001,49565,0.136464,50001,49390,0.210664,50001,49565,0.137657,5001,4990,0.021760,50001,49565,0.137071,0.036467,0.014627,0.029455,114255.301050,0.014441,0.033537,114255.301050,0.013854,0.034014,114255.301050,0.014065,0.028496,114255.301050,0.013912,0.028482,114255.301050,0.000800,0.002867,114255.301050,0.014005,0.028530,114255.301050,0.000000,0.000001,0.000008,114255.301050
almost,50000,100,0.021760,50001,49390,0.212408,50001,49565,0.136464,50001,49390,0.210664,50001,49565,0.137657,5001,4990,0.021760,50001,49565,0.137071,0.036363,0.014561,0.028821,142033.184587,0.013627,0.033550,142033.184587,0.013866,0.034029,142033.184587,0.014064,0.031474,142033.184587,0.013711,0.028152,142033.184587,0.000808,0.002802,142033.184587,0.014078,0.028174,142033.184587,0.000000,0.000000,0.000009,142033.184587
almost,50000,100,0.021760,50001,49390,0.212408,50001,49565,0.136464,50001,49390,0.210664,50001,49565,0.137657,5001,4990,0.021760,50001,49565,0.137071,0.036260,0.014642,0.028755,117534.361018,0.014142,0.035593,117534.361018,0.013991,0.034281,117534.361018,0.014009,0.028859,117534.361018,0.014186,0.032079,117534.361018,0.001036,0.003563,117115.720971,0.014792,0.028958,117534.361018,0.000000,0.000000,0.000009,117534.361018
almost,50000,100,0.021760,50001,49390,0.212408,50001,49565,0.136464,50001,49390,0.210664,50001,49565,0.137657,5001,4990,0.021760,50001,49565,0.137071,0.036715,0.014793,0.029196,129536.548264,0.015040,0.034256,129536.548264,0.014005,0.038855,129536.548264,0.014178,0.028792,129536.548264,0.013866,0.028666,129536.548264,0.000791,0.002895,129489.172589,0.013871,0.028681,129536.548264,0.000000,0.000001,0.000012,129536.548264
almost,50000,100,0.021760,50001,49390,0.212408,50001,49565,0.136464,50001,49390,0.210664,50001,49565,0.137657,5001,4990,0.021760,50001,49565,0.137071,0.036876,0.014441,0.029656,129048.060988,0.015034,0.033246,129048.060988,0.013886,0.033408,129048.060988,0.013683,0.028477,129048.060988,0.013963,0.028223,129048.060988,0.000768,0.002959,129048.060988,0.014746,0.029294,129048.060988,0.000001,0.000001,0.000007,129048.060988
almost,50000,100,0.021760,50001,49390,0.212408,50001,49565,0.136464,50001,49390,0.210664,50001,49565,0.137657,5001,4990,0.021760,50001,49565,0.137071,0.037475,0.014987,0.030221,129842.922935,0.014277,0.033943,129842.922935,0.013861,0.033970,129842.922935,0.013845,0.028765,129842.922935,0.014026,0.028648,129842.922935,0.000811,0.002846,129817.846845,0.014078,0.028766,129842.922935,0.000001,0.000001,0.000007,129842.922935
inv,50000,100,0.034094,50001,44197,0.334102,50001,44642,0.217511,50001,44197,0.332883,50001,44642,0.217594,5001,4576,0.034094,50001,44642,0.214915,0.033763,0.015132,0.028102,131763.921229,0.013143,0.529262,131763.921229,0.013075,0.528566,131763.921229,0.013230,0.025492,131763.921229,0.013006,0.025544,131763.921229,0.001349,0.002721,131763.921229,0.012847,0.025610,131763.921229,0.000000,0.000001,0.000008,131763.921229
inv,50000,100,0.034094,50001,44197,0.334102,50001,44642,0.217511,50001,44197,0.332883,50001,44642,0.217594,5001,4576,0.034094,50001,44642,0.214915,0.036782,0.015235,0.028380,210549.469393,0.013053,0.529633,210549.469393,0.013426,0.528648,210549.469393,0.013328,0.026029,210549.469393,0.013974,0.026821,210549.469393,0.001399,0.002507,210549.469393,0.012888,0.025683,210549.469393,0.000001,0.000000,0.000012,210549.469393
inv,50000,100,0.034094,50001,44197,0.334102,50001,44642,0.217511,50001,44197,0.332883,50001,44642,0.217594,5001,4576,0.034094,50001,44642,0.214915,0.036717,0.015169,0.030797,102111.396115,0.014613,0.534517,102111.396115,0.013257,0.528956,102111.396115,0.013100,0.025040,102111.396115,0.013152,0.025033,102111.396115,0.001370,0.002516,102111.396115,0.012542,0.025707,102111.396115,0.000001,0.000001,0.000009,102111.396115
inv,50000,100,0.034094,50001,44197,0.334102,50001,44642,0.217511,50001,44197,0.332883,50001,44642,0.217594,5001,4576,0.034094,50001,44642,0.214915,0.037609,0.016022,0.028292,133950.418402,0.013305,0.529576,133950.418402,0.013315,0.529568,133950.418402,0.013471,0.025485,133950.418402,0.013243,0.025641,133950.418402,0.001329,0.002604,133950.418402,0.012680,0.025453,133950.418402,0.000001,0.000001,0.000009,133950.418402
inv,50000,100,0.034094,50001,44197,0.334102,50001,44642,0.217511,50001,44197,0.332883,50001,44642,0.217594,5001,4576,0.034094,50001,44642,0.214915,0.036369,0.015074,0.028776,85706.677583,0.013772,0.530086,85706.677583,0.013184,0.531306,85706.677583,0.013181,0.025881,85706.677583,0.013175,0.025628,85706.677583,0.001366,0.002582,85706.677583,0.012826,0.025572,85706.677583,0.000001,0.000001,0.000009,85706.677583
inv,50000,100,0.034094,50001,44197,0.334102,50001,44642,0.217511,50001,44197,0.332883,50001,44642,0.217594,5001,4576,0.034094,50001,44642,0.214915,0.036846,0.015189,0.028369,130814.732979,0.013077,0.529432,130814.732979,0.013109,0.537526,130814.732979,0.014427,0.029826,130814.732979,0.023956,0.034442,130814.732979,0.001367,0.002516,130814.732979,0.013199,0.025403,130814.732979,0.000001,0.000000,0.000013,130814.732979
inv,50000,100,0.034094,50001,44197,0.334102,50001,44642,0.217511,50001,44197,0.332883,50001,44642,0.217594,5001,4576,0.034094,50001,44642,0.214915,0.036694,0.017353,0.028905,202379.854379,0.013504,0.537241,202379.854379,0.016355,0.550529,202379.854379,0.013214,0.025100,202379.854379,0.013030,0.025057,202379.854379,0.001400,0.002523,202379.854379,0.012694,0.025082,202379.854379,0.000001,0.000000,0.000015,202379.854379
inv,50000,100,0.034094,50001,44197,0.334102,50001,44642,0.217511,50001,44197,0.332883,50001,44642,0.217594,5001,4576,0.034094,50001,44642,0.214915,0.036188,0.015282,0.028200,161535.101694,0.013102,0.529784,161535.101694,0.013183,0.529768,161535.101694,0.013244,0.025037,161535.101694,0.013128,0.025110,161535.101694,0.001427,0.002753,161535.101694,0.012935,0.025390,161535.101694,0.000001,0.000000,0.000006,161535.101694
inv,50000,100,0.034094,50001,44197,0.334102,50001,44642,0.217511,50001,44197,0.332883,50001,44642,0.217594,5001,4576,0.034094,50001,44642,0.214915,0.037099,0.015143,0.027932,83619.669693,0.013181,0.529341,83619.669693,0.013117,0.529235,83619.669693,0.013170,0.025102,83619.669693,0.013136,0.024987,83619.669693,0.001335,0.002526,83619.669693,0.012644,0.025138,83619.669693,0.000001,0.000000,0.000011,83619.669693
inv,50000,100,0.034094,50001,44197,0.334102,50001,44642,0.217511,50001,44197,0.332883,50001,44642,0.217594,5001,4576,0.034094,50001,44642,0.214915,0.036181,0.014987,0.028307,152809.811855,0.013074,0.530321,152809.811855,0.013094,0.528160,152809.811855,0.013201,0.025470,152809.811855,0.013185,0.026002,152809.811855,0.001322,0.002516,152809.811855,0.012805,0.025193,152809.811855,0.000001,0.000001,0.000007,152809.811855
inv,50000,100,0.034094,50001,44197,0.334102,50001,44642,0.217511,50001,44197,0.332883,50001,44642,0.217594,5001,4576,0.034094,50001,44642,0.214915,0.036466,0.015205,0.029263,159914.774414,0.014788,0.529852,159914.774414,0.013116,0.531251,159914.774414,0.014125,0.025667,159914.774414,0.013075,0.025286,159914.774414,0.001298,0.002520,159914.774414,0.012719,0.025087,159914.774414,0.000001,0.000000,0.000009,159914.774414
inv,50000,100,0.034094,50001,44197,0.334102,50001,44642,0.217511,50001,44197,0.332883,50001,44642,0.217594,5001,4576,0.034094,50001,44642,0.214915,0.038024,0.015316,0.028274,133191.453135,0.013135,0.529445,133191.453135,0.013188,0.535563,133191.453135,0.013187,0.025012,133191.453135,0.013080,0.025060,133191.453135,0.001339,0.002572,133191.453135,0.012659,0.025107,133191.453135,0.000000,0.000000,0.000011,133191.453135
inv,50000,100,0.034094,50001,44197,0.334102,50001,44642,0.217511,50001,44197,0.332883,50001,44642,0.217594,5001,4576,0.034094,50001,44642,0.214915,0.036448,0.015106,0.028118,121284.907171,0.013116,0.542676,121284.907171,0.013452,0.532034,121284.907171,0.013709,0.025398,121284.907171,0.013177,0.025034,121284.907171,0.001333,0.002540,121033.459009,0.012531,0.028066,121284.907171,0.000001,0.000000,0.000010,121284.907171
inv,50000,100,0.034094,50001,44197,0.334102,50001,44642,0.217511,50001,44197,0.332883,50001,44642,0.217594,5001,4576,0.034094,50001,44642,0.214915,0.036750,0.015185,0.028541,126450.799425,0.013718,0.530031,126450.799425,0.013295,0.532557,126450.799425,0.013555,0.025252,126450.799425,0.013249,0.026715,126450.799425,0.001689,0.002876,126450.799425,0.014694,0.025676,126450.799425,0.000000,0.000001,0.000007,126450.799425
inv,50000,100,0.034094,50001,44197,0.334102,50001,44642,0.217511,50001,44197,0.332883,50001,44642,0.217594,5001,4576,0.034094,50001,44642,0.214915,0.036853,0.015467,0.028027,147807.707597,0.013170,0.536836,147807.707597,0.013572,0.531310,147807.707597,0.013171,0.025270,147807.707597,0.013584,0.025454,147807.707597,0.001311,0.002523,147807.707597,0.012981,0.024966,147807.707597,0.000001,0.000001,0.000009,147807.707597
inv,50000,100,0.034094,50001,44197,0.334102,50001,44642,0.217511,50001,44197,0.332883,50001,44642,0.217594,5001,4576,0.034094,50001,44642,0.214915,0.036275,0.015177,0.028164,141645.017867,0.013181,0.529854,141645.017867,0.013240,0.530813,141645.017867,0.013048,0.024951,141645.017867,0.013064,0.025383,141645.017867,0.001304,0.002509,141645.017867,0.012736,0.025302,141645.017867,0.000000,0.000001,0.000013,141645.017867
inv,50000,100,0.034094,50001,44197,0.334102,50001,44642,0.217511,50001,44197,0.332883,50001,44642,0.217594,5001,4576,0.034094,50001,44642,0.214915,0.036915,0.015339,0.028064,151123.163894,0.013245,0.528855,151123.163894,0.013079,0.527865,151123.163894,0.013026,0.025441,151123.163894,0.013167,0.025921,151123.163894,0.001356,0.002563,151123.163894,0.012989,0.026049,151123.163894,0.000001,0.000001,0.000009,151123.163894
inv,50000,100,0.034094,50001,44197,0.334102,50001,44642,0.217511,50001,44197,0.332883,50001,44642,0.217594,5001,4576,0.034094,50001,44642,0.214915,0.036760,0.015243,0.028491,140165.240083,0.013026,0.529703,140165.240083,0.013155,0.528611,140165.240083,0.013742,0.025738,140165.240083,0.013117,0.025812,140165.240083,0.001378,0.002564,140165.240083,0.012633,0.025749,140165.240083,0.000001,0.000000,0.000008,140165.240083
inv,50000,100,0.034094,50001,44197,0.334102,50001,44642,0.217511,50001,44197,0.332883,50001,44642,0.217594,5001,4576,0.034094,50001,44642,0.214915,0.036735,0.015081,0.028354,109198.016972,0.013265,0.528876,109198.016972,0.013071,0.528922,109198.016972,0.013261,0.025637,109198.016972,0.013068,0.025545,109198.016972,0.001346,0.002675,109198.016972,0.012475,0.025668,109198.016972,0.000000,0.000001,0.000008,109198.016972
inv,50000,100,0.034094,50001,44197,0.334102,50001,44642,0.217511,50001,44197,0.332883,50001,44642,0.217594,5001,4576,0.034094,50001,44642,0.214915,0.036532,0.015382,0.028707,143968.852551,0.013044,0.535537,143968.852551,0.013535,0.536676,143968.852551,0.013395,0.025537,143968.852551,0.013210,0.025140,143968.852551,0.001298,0.002562,143968.852551,0.012809,0.025226,143968.852551,0.000000,0.000001,0.000011,143968.852551
inv,50000,100,0.034094,50001,44197,0.334102,50001,44642,0.217511,50001,44197,0.332883,50001,44642,0.217594,5001,4576,0.034094,50001,44642,0.214915,0.036625,0.015120,0.028103,129897.203547,0.013063,0.536630,129897.203547,0.013301,0.529191,129897.203547,0.013265,0.025587,129897.203547,0.013184,0.025643,129897.203547,0.001312,0.002580,129897.203547,0.012581,0.025851,129897.203547,0.000000,0.000000,0.000007,129897.203547
inv,50000,100,0.034094,50001,44197,0.334102,50001,44642,0.217511,50001,44197,0.332883,50001,44642,0.217594,5001,4576,0.034094,50001,44642,0.214915,0.036872,0.015094,0.028517,97378.488230,0.013422,0.531304,97378.488230,0.013431,0.530801,97378.488230,0.013398,0.025220,97378.488230,0.013121,0.025557,97378.488230,0.001331,0.002552,97378.488230,0.013010,0.025610,97378.488230,0.000001,0.000000,0.000014,97378.488230
inv,50000,100,0.034094,50001,44197,0.334102,50001,44642,0.217511,50001,44197,0.332883,50001,44642,0.217594,5001,4576,0.034094,50001,44642,0.214915,0.036860,0.015181,0.028399,100791.874034,0.013247,0.561091,100791.874034,0.013312,0.528888,100791.874034,0.013230,0.025190,100791.874034,0.013174,0.025062,100791.874034,0.001357,0.002620,100791.874034,0.012757,0.026830,100791.874034,0.000000,0.000000,0.000008,100791.874034
inv,50000,100,0.034094,50001,44197,0.334102,50001,44642,0.217511,50001,44197,0.332883,50001,44642,0.217594,5001,4576,0.034094,50001,44642,0.214915,0.036763,0.015156,0.028535,141892.104528,0.013820,0.530433,141892.104528,0.013319,0.532761,141892.104528,0.013734,0.025862,141892.104528,0.013942,0.028292,141892.104528,0.001727,0.002886,141892.104528,0.013795,0.026297,141892.104528,0.000001,0.000001,0.000007,141892.104528
inv,50000,100,0.034094,50001,44197,0.334102,50001,44642,0.217511,50001,44197,0.332883,50001,44642,0.217594,5001,4576,0.034094,50001,44642,0.214915,0.037427,0.015280,0.028431,158583.977041,0.013489,0.549449,158583.977041,0.015073,0.531858,158583.977041,0.013559,0.025222,158583.977041,0.013105,0.025199,158583.977041,0.001286,0.002568,158583.977041,0.012703,0.025328,158583.977041,0.000000,0.000000,0.000006,158583.977041
inv,50000,100,0.034094,50001,44197,0.334102,50001,44642,0.217511,50001,44197,0.332883,50001,44642,0.217594,5001,4576,0.034094,50001,44642,0.214915,0.036577,0.015191,0.028636,90696.157334,0.013215,0.535823,90696.157334,0.013574,0.530638,90696.157334,0.013253,0.026027,90696.157334,0.013357,0.025918,90696.157334,0.001356,0.002612,90696.157334,0.012835,0.025938,90696.157334,0.000000,0.000001,0.000010,90696.157334
inv,50000,100,0.034094,50001,44197,0.334102,50001,44642,0.217511,50001,44197,0.332883,50001,44642,0.217594,5001,4576,0.034094,50001,44642,0.214915,0.036998,0.015226,0.033596,124899.569100,0.014332,0.550208,124899.569100,0.013627,0.536285,124899.569100,0.013486,0.025197,124899.569100,0.013668,0.025361,124899.569100,0.001326,0.002611,124899.569100,0.012945,0.025199,124899.569100,0.000001,0.000001,0.000010,124899.569100
inv,50000,100,0.034094,50001,44197,0.334102,50001,44642,0.217511,50001,44197,0.332883,50001,44642,0.217594,5001,4576,0.034094,50001,44642,0.214915,0.037926,0.015447,0.028993,102379.623296,0.013333,0.558721,102379.623296,0.013334,0.533204,102379.623296,0.013265,0.026034,102379.623296,0.013525,0.025866,102379.623296,0.001332,0.002612,102379.623296,0.013042,0.025466,102379.623296,0.000000,0.000001,0.000012,102379.623296
inv,50000,100,0.034094,50001,44197,0.334102,50001,44642,0.217511,50001,44197,0.332883,50001,44642,0.217594,5001,4576,0.034094,50001,44642,0.214915,0.036519,0.015209,0.028218,149878.497751,0.013261,0.531017,149878.497751,0.013478,0.529916,149878.497751,0.013265,0.025292,149878.497751,0.013210,0.025116,149878.497751,0.001295,0.002520,149878.497751,0.012662,0.025063,149878.497751,0.000000,0.000001,0.000008,149878.497751
inv,50000,100,0.034094,50001,44197,0.334102,50001,44642,0.217511,50001,44197,0.332883,50001,44642,0.217594,5001,4576,0.034094,50001,44642,0.214915,0.036395,0.015249,0.028176,134802.812930,0.013258,0.533053,134802.812930,0.013776,0.533440,134802.812930,0.013526,0.025471,134802.812930,0.013670,0.025688,134802.812930,0.001360,0.002514,134802.812930,0.012924,0.025172,134802.812930,0.000000,0.000000,0.000008,134802.812930
inv,50000,100,0.034094,50001,44197,0.334102,50001,44642,0.217511,50001,44197,0.332883,50001,44642,0.217594,5001,4576,0.034094,50001,44642,0.214915,0.036472,0.015304,0.028125,166418.944040,0.013305,0.530523,166418.944040,0.013236,0.529496,166418.944040,0.013508,0.025408,166418.944040,0.013257,0.025036,166418.944040,0.001303,0.002540,166418.944040,0.012659,0.025186,166418.944040,0.000000,0.000001,0.000007,166418.944040
inv,50000,100,0.034094,50001,44197,0.334102,50001,44642,0.217511,50001,44197,0.332883,50001,44642,0.217594,5001,4576,0.034094,50001,44642,0.214915,0.036735,0.015449,0.028360,102401.084196,0.013275,0.528886,102401.084196,0.013234,0.528280,102401.084196,0.013170,0.025128,102401.084196,0.013268,0.025276,102401.084196,0.001309,0.002564,102401.084196,0.012775,0.025327,102401.084196,0.000000,0.000000,0.000010,102401.084196
inv,50000,100,0.034094,50001,44197,0.334102,50001,44642,0.217511,50001,44197,0.332883,50001,44642,0.217594,5001,4576,0.034094,50001,44642,0.214915,0.037161,0.015462,0.028029,168376.145711,0.013274,0.530322,168376.145711,0.013409,0.528769,168376.145711,0.013199,0.025148,168376.145711,0.013202,0.025120,168376.145711,0.001297,0.002512,168376.145711,0.012694,0.025133,168376.145711,0.000000,0.000001,0.000006,168376.145711
inv,50000,100,0.034094,50001,44197,0.334102,50001,44642,0.217511,50001,44197,0.332883,50001,44642,0.217594,5001,4576,0.034094,50001,44642,0.214915,0.036317,0.015087,0.028469,116185.569090,0.013853,0.529896,116185.569090,0.013132,0.535738,116185.569090,0.013488,0.025527,116185.569090,0.014118,0.034427,116185.569090,0.001798,0.010040,116185.569090,0.022596,0.028425,116185.569090,0.000001,0.000001,0.000010,116185.569090
inv,50000,100,0.034094,50001,44197,0.334102,50001,44642,0.217511,50001,44197,0.332883,50001,44642,0.217594,5001,4576,0.034094,50001,44642,0.214915,0.038058,0.017040,0.029203,161387.471514,0.013255,0.533313,161387.471514,0.013375,0.530798,161387.471514,0.013941,0.025601,161387.471514,0.013939,0.025947,161387.471514,0.001421,0.002522,161387.471514,0.013363,0.026509,161387.471514,0.000000,0.000000,0.000011,161387.471514
inv,50000,100,0.034094,50001,44197,0.334102,50001,44642,0.217511,50001,44197,0.332883,50001,44642,0.217594,5001,4576,0.034094,50001,44642,0.214915,0.037244,0.015122,0.028987,129824.430678,0.013216,0.529989,129824.430678,0.013906,0.529902,129824.430678,0.013421,0.025277,129824.430678,0.013254,0.025077,129824.430678,0.001295,0.002539,129824.430678,0.012812,0.025181,129824.430678,0.000000,0.000001,0.000004,129824.430678
inv,50000,100,0.034094,50001,44197,0.334102,50001,44642,0.217511,50001,44197,0.332883,50001,44642,0.217594,5001,4576,0.034094,50001,44642,0.214915,0.037304,0.015477,0.028554,155071.341009,0.013380,0.529453,155071.341009,0.013512,0.530829,155071.341009,0.013307,0.025317,155071.341009,0.013110,0.025158,155071.341009,0.001305,0.002513,155071.341009,0.012817,0.025031,155071.341009,0.000000,0.000001,0.000012,155071.341009
inv,50000,100,0.034094,50001,44197,0.334102,50001,44642,0.217511,50001,44197,0.332883,50001,44642,0.217594,5001,4576,0.034094,50001,44642,0.214915,0.036563,0.015193,0.028081,117827.490203,0.013275,0.530753,117827.490203,0.013343,0.531750,117827.490203,0.013244,0.025326,117827.490203,0.013304,0.025333,117827.490203,0.001319,0.002513,117827.490203,0.012630,0.025212,117827.490203,0.000001,0.000001,0.000007,117827.490203
inv,50000,100,0.034094,50001,44197,0.334102,50001,44642,0.217511,50001,44197,0.332883,50001,44642,0.217594,5001,4576,0.034094,50001,44642,0.214915,0.036617,0.015176,0.028463,175071.862946,0.013121,0.530090,175071.862946,0.013265,0.529752,175071.862946,0.013146,0.025959,175071.862946,0.015210,0.025363,175071.862946,0.001303,0.002560,174656.935733,0.012698,0.025240,175071.862946,0.000001,0.000001,0.000008,175071.862946
inv,50000,100,0.034094,50001,44197,0.334102,50001,44642,0.217511,50001,44197,0.332883,50001,44642,0.217594,5001,4576,0.034094,50001,44642,0.214915,0.036521,0.015096,0.028094,102415.444133,0.013446,0.529310,102415.444133,0.013335,0.529115,102415.444133,0.013141,0.025227,102415.444133,0.013186,0.025166,102415.444133,0.001305,0.002572,102415.444133,0.012729,0.025210,102415.444133,0.000001,0.000000,0.000012,102415.444133
inv,50000,100,0.034094,50001,44197,0.334102,50001,44642,0.217511,50001,44197,0.332883,50001,44642,0.217594,5001,4576,0.034094,50001,44642,0.214915,0.036738,0.015305,0.028036,131497.654663,0.012998,0.530058,131497.654663,0.013353,0.529056,131497.654663,0.013184,0.026269,131497.654663,0.013291,0.028805,131497.654663,0.001465,0.002989,131497.654663,0.014076,0.026506,131497.654663,0.000001,0.000001,0.000010,131497.654663
str,50000,100,0.024793,50001,48781,0.243207,50001,49076,0.158255,50001,48781,0.241200,50001,49076,0.155079,5001,4969,0.024793,50001,49076,0.156733,0.036422,0.015795,0.029205,137989.135668,0.014746,0.042807,137989.135668,0.014591,0.043537,137989.135668,0.014556,0.027945,137989.135668,0.014472,0.028360,137989.135668,0.001367,0.002783,137989.135668,0.013973,0.027872,137989.135668,0.000000,0.000001,0.000007,137989.135668
str,50000,100,0.024793,50001,48781,0.243207,50001,49076,0.158255,50001,48781,0.241200,50001,49076,0.155079,5001,4969,0.024793,50001,49076,0.156733,0.037078,0.015460,0.028875,131393.547842,0.014218,0.043685,131393.547842,0.014575,0.043527,131393.547842,0.014468,0.028457,131393.547842,0.014738,0.028041,131393.547842,0.001429,0.002773,131393.547842,0.013856,0.028109,131393.547842,0.000000,0.000001,0.000008,131393.547842
str,50000,100,0.024793,50001,48781,0.243207,50001,49076,0.158255,50001,48781,0.241200,50001,49076,0.155079,5001,4969,0.024793,50001,49076,0.156733,0.037236,0.015237,0.029221,109140.750730,0.015189,0.043042,109140.750730,0.014602,0.043659,109140.750730,0.014692,0.027983,109140.750730,0.014713,0.028083,109140.750730,0.001400,0.002787,108109.355775,0.014182,0.028371,109140.750730,0.000000,0.000001,0.000007,109140.750730
str,50000,100,0.024793,50001,48781,0.243207,50001,49076,0.158255,50001,48781,0.241200,50001,49076,0.155079,5001,4969,0.024793,50001,49076,0.156733,0.037767,0.015524,0.029177,120027.665797,0.014594,0.042907,120027.665797,0.014631,0.043455,120027.665797,0.014490,0.027989,120027.665797,0.014558,0.028368,120027.665797,0.001435,0.002853,120027.665797,0.013817,0.029026,120027.665797,0.000000,0.000000,0.000009,120027.665797
str,50000,100,0.024793,50001,48781,0.243207,50001,49076,0.158255,50001,48781,0.241200,50001,49076,0.155079,5001,4969,0.024793,50001,49076,0.156733,0.037406,0.015308,0.028726,129688.650437,0.014438,0.042834,129688.650437,0.014517,0.043732,129688.650437,0.014521,0.027941,129688.650437,0.014489,0.028211,129688.650437,0.001371,0.002781,129688.650437,0.014225,0.028125,129688.650437,0.000001,0.000000,0.000006,129688.650437
str,50000,100,0.024793,50001,48781,0.243207,50001,49076,0.158255,50001,48781,0.241200,50001,49076,0.155079,5001,4969,0.024793,50001,49076,0.156733,0.037237,0.015234,0.030504,105498.788309,0.015797,0.046012,105498.788309,0.015717,0.044677,105498.788309,0.014947,0.033437,105498.788309,0.015213,0.028380,105498.788309,0.001470,0.002798,105498.788309,0.014085,0.028342,105498.788309,0.000001,0.000000,0.000011,105498.788309
str,50000,100,0.024793,50001,48781,0.243207,50001,49076,0.158255,50001,48781,0.241200,50001,49076,0.155079,5001,4969,0.024793,50001,49076,0.156733,0.039668,0.016477,0.029233,109718.178638,0.014483,0.045259,109718.178638,0.014974,0.043843,109718.178638,0.014421,0.027895,109718.178638,0.014484,0.027957,109718.178638,0.001429,0.002780,109718.178638,0.013843,0.028283,109718.178638,0.000001,0.000001,0.000005,109718.178638
str,50000,100,0.024793,50001,48781,0.243207,50001,49076,0.158255,50001,48781,0.241200,50001,49076,0.155079,5001,4969,0.024793,50001,49076,0.156733,0.039797,0.015334,0.029093,112252.687832,0.014666,0.042820,112252.687832,0.015158,0.043930,112252.687832,0.014384,0.028685,112252.687832,0.014704,0.028868,112252.687832,0.001412,0.002823,111022.394992,0.014283,0.029149,112133.313427,0.000000,0.000001,0.000013,112252.687832
str,50000,100,0.024793,50001,48781,0.243207,50001,49076,0.158255,50001,48781,0.241200,50001,49076,0.155079,5001,4969,0.024793,50001,49076,0.156733,0.038711,0.015398,0.029170,125345.992751,0.014532,0.043648,125345.992751,0.014613,0.044187,125345.992751,0.014483,0.029021,125345.992751,0.014549,0.028599,125345.992751,0.001485,0.002864,123795.875958,0.017125,0.028092,125345.992751,0.000000,0.000000,0.000005,125345.992751
str,50000,100,0.024793,50001,48781,0.243207,50001,49076,0.158255,50001,48781,0.241200,50001,49076,0.155079,5001,4969,0.024793,50001,49076,0.156733,0.037161,0.015198,0.028807,109951.369235,0.014452,0.042770,109951.369235,0.015055,0.043684,109951.369235,0.014510,0.028440,109951.369235,0.014583,0.028603,109951.369235,0.001463,0.002821,109951.369235,0.013864,0.028998,109951.369235,0.000000,0.000001,0.000005,109951.369235
str,50000,100,0.024793,50001,48781,0.243207,50001,49076,0.158255,50001,48781,0.241200,50001,49076,0.155079,5001,4969,0.024793,50001,49076,0.156733,0.037944,0.015386,0.029463,129710.151967,0.014442,0.043746,129710.151967,0.014495,0.044378,129710.151967,0.014422,0.028563,129710.151967,0.015062,0.028902,129710.151967,0.001503,0.002828,129710.151967,0.013991,0.029174,129710.151967,0.000000,0.000001,0.000006,129710.151967
str,50000,100,0.024793,50001,48781,0.243207,50001,49076,0.158255,50001,48781,0.241200,50001,49076,0.155079,5001,4969,0.024793,50001,49076,0.156733,0.038376,0.015277,0.031201,118423.178683,0.014841,0.044042,118423.178683,0.014612,0.044544,118423.178683,0.014528,0.028754,118423.178683,0.014578,0.029115,118423.178683,0.001511,0.002756,118423.178683,0.014380,0.028017,118423.178683,0.000001,0.000000,0.000009,118423.178683
str,50000,100,0.024793,50001,48781,0.243207,50001,49076,0.158255,50001,48781,0.241200,50001,49076,0.155079,5001,4969,0.024793,50001,49076,0.156733,0.037709,0.015400,0.028915,136696.724104,0.014509,0.043090,136696.724104,0.014491,0.044197,136696.724104,0.014700,0.027946,136696.724104,0.015228,0.028092,136696.724104,0.001480,0.002789,136696.724104,0.013929,0.028000,136696.724104,0.000001,0.000000,0.000008,136696.724104
str,50000,100,0.024793,50001,48781,0.243207,50001,49076,0.158255,50001,48781,0.241200,50001,49076,0.155079,5001,4969,0.024793,50001,49076,0.156733,0.037362,0.015007,0.028813,114113.684460,0.014264,0.042833,114113.684460,0.014363,0.043304,114113.684460,0.014458,0.027886,114113.684460,0.014438,0.027997,114113.684460,0.001483,0.002761,114113.684460,0.013881,0.027992,114113.684460,0.000000,0.000001,0.000008,114113.684460
str,50000,100,0.024793,50001,48781,0.243207,50001,49076,0.158255,50001,48781,0.241200,50001,49076,0.155079,5001,4969,0.024793,50001,49076,0.156733,0.038675,0.015799,0.029481,105644.215199,0.014691,0.043577,105644.215199,0.014550,0.043535,105644.215199,0.014468,0.027856,105644.215199,0.014643,0.028587,105644.215199,0.001371,0.002749,105464.151256,0.014403,0.028505,105564.562562,0.000000,0.000001,0.000014,105644.215199
str,50000,100,0.024793,50001,48781,0.243207,50001,49076,0.158255,50001,48781,0.241200,50001,49076,0.155079,5001,4969,0.024793,50001,49076,0.156733,0.037290,0.015131,0.028831,88040.027574,0.014612,0.042899,88040.027574,0.014666,0.043867,88040.027574,0.015053,0.028146,88040.027574,0.014579,0.028329,88040.027574,0.001499,0.002752,87984.452054,0.014347,0.028375,88040.027574,0.000001,0.000001,0.000008,88040.027574
str,50000,100,0.024793,50001,48781,0.243207,50001,49076,0.158255,50001,48781,0.241200,50001,49076,0.155079,5001,4969,0.024793,50001,49076,0.156733,0.037380,0.015329,0.028959,127034.718539,0.015627,0.043477,127034.718539,0.014488,0.043640,127034.718539,0.014503,0.027973,127034.718539,0.014495,0.027917,127034.718539,0.001473,0.002753,127034.718539,0.014171,0.027899,127034.718539,0.000000,0.000000,0.000011,127034.718539
str,50000,100,0.024793,50001,48781,0.243207,50001,49076,0.158255,50001,48781,0.241200,50001,49076,0.155079,5001,4969,0.024793,50001,49076,0.156733,0.037297,0.015292,0.029965,126380.632088,0.014575,0.043112,126380.632088,0.014540,0.043732,126380.632088,0.014481,0.027936,126380.632088,0.014977,0.028373,126380.632088,0.001370,0.002836,126380.632088,0.014128,0.027816,126380.632088,0.000000,0.000000,0.000010,126380.632088
str,50000,100,0.024793,50001,48781,0.243207,50001,49076,0.158255,50001,48781,0.241200,50001,49076,0.155079,5001,4969,0.024793,50001,49076,0.156733,0.037199,0.015341,0.028720,117210.937652,0.014460,0.042926,117210.937652,0.014710,0.043538,117210.937652,0.014836,0.029651,117210.937652,0.016313,0.028674,117210.937652,0.001426,0.002756,117210.937652,0.014418,0.028359,117210.937652,0.000000,0.000000,0.000011,117210.937652
str,50000,100,0.024793,50001,48781,0.243207,50001,49076,0.158255,50001,48781,0.241200,50001,49076,0.155079,5001,4969,0.024793,50001,49076,0.156733,0.038821,0.016261,0.030129,111622.305179,0.014726,0.043169,111622.305179,0.014746,0.044174,111622.305179,0.014482,0.027912,111622.305179,0.014436,0.027903,111622.305179,0.001400,0.002874,111622.305179,0.013937,0.030827,111622.305179,0.000001,0.000001,0.000015,111622.305179
str,50000,100,0.024793,50001,48781,0.243207,50001,49076,0.158255,50001,48781,0.241200,50001,49076,0.155079,5001,4969,0.024793,50001,49076,0.156733,0.038349,0.016137,0.029085,128457.884253,0.015035,0.046995,128457.884253,0.015448,0.043924,128457.884253,0.014534,0.028004,128457.884253,0.014753,0.029243,128457.884253,0.001645,0.002859,128073.343102,0.014425,0.028170,128457.884253,0.000000,0.000000,0.000007,128457.884253
str,50000,100,0.024793,50001,48781,0.243207,50001,49076,0.158255,50001,48781,0.241200,50001,49076,0.155079,5001,4969,0.024793,50001,49076,0.156733,0.040633,0.015725,0.029911,100780.277959,0.014759,0.043153,100780.277959,0.014478,0.043436,100780.277959,0.014337,0.028786,100780.277959,0.015115,0.028597,100780.277959,0.001473,0.002767,100530.237585,0.014335,0.028114,100780.277959,0.000001,0.000001,0.000009,100780.277959
str,50000,100,0.024793,50001,48781,0.243207,50001,49076,0.158255,50001,48781,0.241200,50001,49076,0.155079,5001,4969,0.024793,50001,49076,0.156733,0.041839,0.015274,0.028938,135581.888061,0.014523,0.042681,135581.888061,0.014358,0.043352,135581.888061,0.014395,0.027863,135581.888061,0.014489,0.027743,135581.888061,0.001461,0.002808,135301.971858,0.014013,0.027787,135581.888061,0.000001,0.000001,0.000012,135581.888061
str,50000,100,0.024793,50001,48781,0.243207,50001,49076,0.158255,50001,48781,0.241200,50001,49076,0.155079,5001,4969,0.024793,50001,49076,0.156733,0.037270,0.015440,0.028733,129847.791482,0.014518,0.043044,129847.791482,0.014905,0.043545,129847.791482,0.014457,0.029059,129847.791482,0.014745,0.027914,129847.791482,0.001463,0.002754,129847.791482,0.014066,0.027812,129847.791482,0.000000,0.000001,0.000007,129847.791482
str,50000,100,0.024793,50001,48781,0.243207,50001,49076,0.158255,50001,48781,0.241200,50001,49076,0.155079,5001,4969,0.024793,50001,49076,0.156733,0.037563,0.015250,0.028922,108176.457122,0.014525,0.043380,108176.457122,0.014618,0.043647,108176.457122,0.014471,0.028200,108176.457122,0.014606,0.028057,108176.457122,0.001432,0.002949,107904.485928,0.013835,0.028783,108176.457122,0.000000,0.000000,0.000008,108176.457122
str,50000,100,0.024793,50001,48781,0.243207,50001,49076,0.158255,50001,48781,0.241200,50001,49076,0.155079,5001,4969,0.024793,50001,49076,0.156733,0.037895,0.015236,0.029125,110638.528795,0.014706,0.043842,110638.528795,0.014503,0.044149,110638.528795,0.014379,0.028777,110638.528795,0.014750,0.028790,110638.528795,0.001455,0.002804,110638.528795,0.014139,0.028540,110638.528795,0.000000,0.000000,0.000008,110638.528795
str,50000,100,0.024793,50001,48781,0.243207,50001,49076,0.158255,50001,48781,0.241200,50001,49076,0.155079,5001,4969,0.024793,50001,49076,0.156733,0.038101,0.015387,0.028803,101851.195218,0.015729,0.043798,101851.195218,0.014635,0.043988,101851.195218,0.014895,0.028861,101851.195218,0.014636,0.027999,101851.195218,0.001442,0.002760,101699.029941,0.014107,0.027847,101851.195218,0.000000,0.000000,0.000007,101851.195218
str,50000,100,0.024793,50001,48781,0.243207,50001,49076,0.158255,50001,48781,0.241200,50001,49076,0.155079,5001,4969,0.024793,50001,49076,0.156733,0.037027,0.015269,0.028709,111025.877112,0.014315,0.042635,111025.877112,0.014364,0.043432,111025.877112,0.014345,0.027986,111025.877112,0.014569,0.028122,111025.877112,0.001471,0.002797,111025.877112,0.014021,0.028175,111025.877112,0.000000,0.000001,0.000010,111025.877112
str,50000,100,0.024793,50001,48781,0.243207,50001,49076,0.158255,50001,48781,0.241200,50001,49076,0.155079,5001,4969,0.024793,50001,49076,0.156733,0.038127,0.015394,0.028816,129506.029875,0.014397,0.042878,129506.029875,0.014511,0.043250,129506.029875,0.014369,0.027802,129506.029875,0.014480,0.027767,129506.029875,0.001472,0.002750,128994.873891,0.014008,0.027878,129506.029875,0.000001,0.000000,0.000009,129506.029875
str,50000,100,0.024793,50001,48781,0.243207,50001,49076,0.158255,50001,48781,0.241200,50001,49076,0.155079,5001,4969,0.024793,50001,49076,0.156733,0.037253,0.015260,0.029079,114190.357881,0.015429,0.043480,114190.357881,0.014646,0.043547,114190.357881,0.014915,0.028098,114190.357881,0.014522,0.028574,114190.357881,0.001465,0.002774,114190.357881,0.014044,0.028727,114190.357881,0.000001,0.000000,0.000011,114190.357881
str,50000,100,0.024793,50001,48781,0.243207,50001,49076,0.158255,50001,48781,0.241200,50001,49076,0.155079,5001,4969,0.024793,50001,49076,0.156733,0.037811,0.015112,0.029279,110870.072175,0.014334,0.043839,110870.072175,0.014794,0.043834,110870.072175,0.014566,0.028187,110870.072175,0.014842,0.028270,110870.072175,0.001472,0.002764,110870.072175,0.014143,0.028390,110870.072175,0.000001,0.000000,0.000009,110870.072175
str,50000,100,0.024793,50001,48781,0.243207,50001,49076,0.158255,50001,48781,0.241200,50001,49076,0.155079,5001,4969,0.024793,50001,49076,0.156733,0.037356,0.015177,0.029981,113148.449948,0.014953,0.043162,113148.449948,0.014577,0.043463,113148.449948,0.014447,0.028196,113148.449948,0.014536,0.028180,113148.449948,0.001474,0.002799,112442.968047,0.014573,0.028402,113148.449948,0.000001,0.000001,0.000006,113148.449948
str,50000,100,0.024793,50001,48781,0.243207,50001,49076,0.158255,50001,48781,0.241200,50001,49076,0.155079,5001,4969,0.024793,50001,49076,0.156733,0.037805,0.015299,0.028999,116557.405917,0.014482,0.042760,116557.405917,0.014933,0.043550,116557.405917,0.014918,0.028403,116557.405917,0.014839,0.028403,116557.405917,0.001418,0.002780,116557.405917,0.014084,0.028398,116557.405917,0.000000,0.000001,0.000008,116557.405917
str,50000,100,0.024793,50001,48781,0.243207,50001,49076,0.158255,50001,48781,0.241200,50001,49076,0.155079,5001,4969,0.024793,50001,49076,0.156733,0.037220,0.015393,0.028589,105093.667130,0.014746,0.043102,105093.667130,0.014814,0.043487,105093.667130,0.014525,0.028426,105093.667130,0.014468,0.028207,105093.667130,0.001550,0.002781,105093.667130,0.014437,0.027957,105093.667130,0.000001,0.000001,0.000010,105093.667130
str,50000,100,0.024793,50001,48781,0.243207,50001,49076,0.158255,50001,48781,0.241200,50001,49076,0.155079,5001,4969,0.024793,50001,49076,0.156733,0.037150,0.015314,0.028699,120344.362979,0.014774,0.043107,120344.362979,0.014359,0.043246,120344.362979,0.014380,0.028948,120344.362979,0.016485,0.041842,120344.362979,0.001514,0.002844,120030.315290,0.014781,0.028329,120344.362979,0.000000,0.000001,0.000025,120344.362979
str,50000,100,0.024793,50001,48781,0.243207,50001,49076,0.158255,50001,48781,0.241200,50001,49076,0.155079,5001,4969,0.024793,50001,49076,0.156733,0.038859,0.019134,0.047211,120385.576964,0.015224,0.044071,120385.576964,0.014837,0.045608,120385.576964,0.014490,0.028400,120385.576964,0.015665,0.028876,120385.576964,0.001361,0.002772,120385.576964,0.014276,0.028195,120385.576964,0.000000,0.000001,0.000007,120385.576964
str,50000,100,0.024793,50001,48781,0.243207,50001,49076,0.158255,50001,48781,0.241200,50001,49076,0.155079,5001,4969,0.024793,50001,49076,0.156733,0.037396,0.015068,0.028747,123615.895501,0.014261,0.042959,123615.895501,0.016469,0.043783,123615.895501,0.014534,0.028353,123615.895501,0.014567,0.028101,123615.895501,0.001425,0.002805,123615.895501,0.013811,0.027861,123615.895501,0.000000,0.000000,0.000007,123615.895501
str,50000,100,0.024793,50001,48781,0.243207,50001,49076,0.158255,50001,48781,0.241200,50001,49076,0.155079,5001,4969,0.024793,50001,49076,0.156733,0.037292,0.015276,0.028825,124775.541029,0.014579,0.043175,124775.541029,0.014449,0.043440,124775.541029,0.014579,0.027963,124775.541029,0.014372,0.027844,124775.541029,0.001447,0.002745,124775.541029,0.013848,0.027729,124775.541029,0.000000,0.000001,0.000008,124775.541029
str,50000,100,0.024793,50001,48781,0.243207,50001,49076,0.158255,50001,48781,0.241200,50001,49076,0.155079,5001,4969,0.024793,50001,49076,0.156733,0.037213,0.015230,0.028790,117131.809488,0.014476,0.042833,117131.809488,0.014763,0.044012,117131.809488,0.014754,0.028571,117131.809488,0.014687,0.028391,117131.809488,0.001656,0.003001,117131.809488,0.014335,0.028809,117131.809488,0.000001,0.000001,0.000009,117131.809488
str,50000,100,0.024793,50001,48781,0.243207,50001,49076,0.158255,50001,48781,0.241200,50001,49076,0.155079,5001,4969,0.024793,50001,49076,0.156733,0.037874,0.015289,0.028945,128544.916059,0.014387,0.042948,128544.916059,0.015212,0.043889,128544.916059,0.014410,0.028115,128544.916059,0.014617,0.028095,128544.916059,0.001406,0.002745,128544.916059,0.014034,0.027912,128544.916059,0.000000,0.000001,0.000006,128544.916059
str,50000,100,0.024793,50001,48781,0.243207,50001,49076,0.158255,50001,48781,0.241200,50001,49076,0.155079,5001,4969,0.024793,50001,49076,0.156733,0.037587,0.015462,0.028839,103602.362471,0.014253,0.042870,103602.362471,0.014752,0.043783,103602.362471,0.014608,0.027935,103602.362471,0.014513,0.027824,103602.362471,0.001475,0.002825,103602.362471,0.013873,0.027911,103602.362471,0.000000,0.000001,0.000010,103602.362471
weak,50000,100,0.031763,50001,46250,0.304911,50001,46526,0.196980,50001,46250,0.306670,50001,46526,0.207391,5001,4797,0.031763,50001,46526,0.195634,0.034347,0.015214,0.028182,121462.019370,0.013775,0.057835,121462.019370,0.014524,0.057455,121462.019370,0.013759,0.027496,121462.019370,0.013868,0.029304,121462.019370,0.001399,0.002651,121462.019370,0.013451,0.026578,120636.496407,0.000001,0.000001,0.000006,121462.019370
weak,50000,100,0.031763,50001,46250,0.304911,50001,46526,0.196980,50001,46250,0.306670,50001,46526,0.207391,5001,4797,0.031763,50001,46526,0.195634,0.036502,0.015391,0.028120,102786.786434,0.013780,0.056785,102786.786434,0.013786,0.056771,102786.786434,0.013737,0.027525,102786.786434,0.013844,0.027528,102786.786434,0.001328,0.002698,102786.786434,0.013627,0.026846,99795.089772,0.000001,0.000001,0.000006,102786.786434
weak,50000,100,0.031763,50001,46250,0.304911,50001,46526,0.196980,50001,46250,0.306670,50001,46526,0.207391,5001,4797,0.031763,50001,46526,0.195634,0.037078,0.015350,0.028551,71338.758144,0.013908,0.057870,71338.758144,0.013770,0.057989,71338.758144,0.013851,0.028098,71338.758144,0.013821,0.027903,71338.758144,0.001340,0.002765,71338.758144,0.013374,0.027201,67388.295880,0.000000,0.000000,0.000007,71338.758144
weak,50000,100,0.031763,50001,46250,0.304911,50001,46526,0.196980,50001,46250,0.306670,50001,46526,0.207391,5001,4797,0.031763,50001,46526,0.195634,0.037276,0.015258,0.028570,89588.869896,0.013861,0.058046,89588.869896,0.014062,0.057299,89588.869896,0.013985,0.027443,89588.869896,0.013764,0.027439,89588.869896,0.001351,0.002751,89588.869896,0.013398,0.026785,85929.337997,0.000000,0.000001,0.000005,89588.869896
weak,50000,100,0.031763,50001,46250,0.304911,50001,46526,0.196980,50001,46250,0.306670,50001,46526,0.207391,5001,4797,0.031763,50001,46526,0.195634,0.037350,0.015343,0.028041,87783.369242,0.013723,0.057091,87783.369242,0.013569,0.060214,87783.369242,0.013941,0.027831,87783.369242,0.013882,0.027322,87783.369242,0.001275,0.003138,87783.369242,0.014671,0.038197,86299.422440,0.000000,0.000001,0.000005,87783.369242
weak,50000,100,0.031763,50001,46250,0.304911,50001,46526,0.196980,50001,46250,0.306670,50001,46526,0.207391,5001,4797,0.031763,50001,46526,0.195634,0.037855,0.015485,0.028149,108942.006429,0.013962,0.060200,108942.006429,0.013988,0.059908,108942.006429,0.014179,0.027321,108942.006429,0.013764,0.026926,108942.006429,0.001319,0.002704,108942.006429,0.013280,0.026077,100350.876367,0.000001,0.000000,0.000005,108942.006429
weak,50000,100,0.031763,50001,46250,0.304911,50001,46526,0.196980,50001,46250,0.306670,50001,46526,0.207391,5001,4797,0.031763,50001,46526,0.195634,0.036416,0.015222,0.029342,77453.134109,0.014109,0.058178,77453.134109,0.013756,0.057165,77453.134109,0.013724,0.027772,77453.134109,0.013891,0.028001,77453.134109,0.001355,0.002727,77453.134109,0.013395,0.027167,73928.008542,0.000001,0.000001,0.000009,77453.134109
weak,50000,100,0.031763,50001,46250,0.304911,50001,46526,0.196980,50001,46250,0.306670,50001,46526,0.207391,5001,4797,0.031763,50001,46526,0.195634,0.037204,0.015130,0.028511,91012.482196,0.013908,0.057650,91012.482196,0.013640,0.057565,91012.482196,0.013735,0.027991,91012.482196,0.014140,0.028168,91012.482196,0.001345,0.002750,91012.482196,0.013609,0.027271,88909.203435,0.000000,0.000000,0.000008,91012.482196
weak,50000,100,0.031763,50001,46250,0.304911,50001,46526,0.196980,50001,46250,0.306670,50001,46526,0.207391,5001,4797,0.031763,50001,46526,0.195634,0.037062,0.015915,0.028349,97376.503678,0.013778,0.056961,97376.503678,0.013679,0.056860,97376.503678,0.013639,0.027147,97376.503678,0.013768,0.027176,97376.503678,0.001339,0.002653,97376.935503,0.013576,0.026373,94956.873439,0.000001,0.000000,0.000008,97376.503678
weak,50000,100,0.031763,50001,46250,0.304911,50001,46526,0.196980,50001,46250,0.306670,50001,46526,0.207391,5001,4797,0.031763,50001,46526,0.195634,0.036776,0.015840,0.028893,104593.155248,0.014734,0.057570,104593.155248,0.013591,0.058727,104593.155248,0.014385,0.029364,104593.155248,0.013836,0.027051,104593.155248,0.001349,0.002711,104593.155248,0.013282,0.026309,103404.427487,0.000000,0.000000,0.000014,104593.155248
weak,50000,100,0.031763,50001,46250,0.304911,50001,46526,0.196980,50001,46250,0.306670,50001,46526,0.207391,5001,4797,0.031763,50001,46526,0.195634,0.036471,0.015226,0.028079,75130.156395,0.014137,0.057078,75130.156395,0.013727,0.057337,75130.156395,0.013962,0.027466,75130.156395,0.013920,0.027098,75130.156395,0.001328,0.002762,75130.156395,0.013504,0.027118,71278.177681,0.000000,0.000001,0.000007,75130.156395
weak,50000,100,0.031763,50001,46250,0.304911,50001,46526,0.196980,50001,46250,0.306670,50001,46526,0.207391,5001,4797,0.031763,50001,46526,0.195634,0.037183,0.015565,0.028222,84729.123625,0.013885,0.056940,84729.123625,0.013749,0.056907,84729.123625,0.014465,0.027469,84729.123625,0.014014,0.027242,84729.123625,0.001307,0.002663,84729.123625,0.014136,0.026562,79638.499574,0.000000,0.000000,0.000005,84729.123625
weak,50000,100,0.031763,50001,46250,0.304911,50001,46526,0.196980,50001,46250,0.306670,50001,46526,0.207391,5001,4797,0.031763,50001,46526,0.195634,0.036546,0.015297,0.028494,114372.151815,0.013913,0.057064,114372.151815,0.015495,0.061513,114372.151815,0.015851,0.030699,114372.151815,0.016334,0.031492,114372.151815,0.001515,0.003187,114372.151815,0.016087,0.031002,111718.826103,0.000001,0.000000,0.000008,114372.151815
weak,50000,100,0.031763,50001,46250,0.304911,50001,46526,0.196980,50001,46250,0.306670,50001,46526,0.207391,5001,4797,0.031763,50001,46526,0.195634,0.041710,0.018085,0.030578,83209.556687,0.015066,0.057374,83209.556687,0.013761,0.057446,83209.556687,0.014343,0.027915,83209.556687,0.014011,0.028263,83209.556687,0.001465,0.002675,83209.556687,0.014857,0.030157,82185.123239,0.000001,0.000001,0.000006,83209.556687
weak,50000,100,0.031763,50001,46250,0.304911,50001,46526,0.196980,50001,46250,0.306670,50001,46526,0.207391,5001,4797,0.031763,50001,46526,0.195634,0.042212,0.017835,0.031082,119087.334179,0.016279,0.062072,119087.334179,0.014834,0.059960,119087.334179,0.014397,0.028047,119087.334179,0.014154,0.027887,119087.334179,0.001322,0.002729,119087.334179,0.013563,0.026772,118705.541656,0.000001,0.000001,0.000008,119087.334179
weak,50000,100,0.031763,50001,46250,0.304911,50001,46526,0.196980,50001,46250,0.306670,50001,46526,0.207391,5001,4797,0.031763,50001,46526,0.195634,0.037006,0.015366,0.028103,79368.234485,0.013851,0.057293,79368.234485,0.013861,0.057108,79368.234485,0.013724,0.027169,79368.234485,0.013858,0.027647,79368.234485,0.001338,0.002727,79368.234485,0.013278,0.027339,76567.706243,0.000001,0.000001,0.000010,79368.234485
weak,50000,100,0.031763,50001,46250,0.304911,50001,46526,0.196980,50001,46250,0.306670,50001,46526,0.207391,5001,4797,0.031763,50001,46526,0.195634,0.037236,0.015272,0.028559,74030.500684,0.013612,0.058392,74030.500684,0.014241,0.057092,74030.500684,0.013733,0.027478,74030.500684,0.013942,0.027359,74030.500684,0.001338,0.002676,74030.500684,0.013448,0.026507,73323.899885,0.000001,0.000001,0.000010,74030.500684
weak,50000,100,0.031763,50001,46250,0.304911,50001,46526,0.196980,50001,46250,0.306670,50001,46526,0.207391,5001,4797,0.031763,50001,46526,0.195634,0.036712,0.015285,0.028200,99873.333011,0.013955,0.058310,99873.333011,0.013797,0.057039,99873.333011,0.013647,0.027362,99873.333011,0.013771,0.027394,99873.333011,0.001329,0.002669,99873.333011,0.013874,0.026776,97256.484402,0.000000,0.000001,0.000011,99873.333011
weak,50000,100,0.031763,50001,46250,0.304911,50001,46526,0.196980,50001,46250,0.306670,50001,46526,0.207391,5001,4797,0.031763,50001,46526,0.195634,0.037473,0.015458,0.028779,139053.171060,0.015019,0.059178,139053.171060,0.014892,0.059058,139053.171060,0.016233,0.034570,139053.171060,0.014239,0.027587,139053.171060,0.001316,0.002738,139053.171060,0.013437,0.026627,136945.624443,0.000000,0.000000,0.000012,139053.171060
weak,50000,100,0.031763,50001,46250,0.304911,50001,46526,0.196980,50001,46250,0.306670,50001,46526,0.207391,5001,4797,0.031763,50001,46526,0.195634,0.038242,0.016193,0.029346,123330.892906,0.014566,0.059047,123330.892906,0.013866,0.057412,123330.892906,0.013799,0.027247,123330.892906,0.013836,0.027288,123330.892906,0.001344,0.002670,123330.892906,0.013364,0.027338,120304.520289,0.000000,0.000001,0.000007,123330.892906
weak,50000,100,0.031763,50001,46250,0.304911,50001,46526,0.196980,50001,46250,0.306670,50001,46526,0.207391,5001,4797,0.031763,50001,46526,0.195634,0.037778,0.015323,0.028207,106203.723960,0.013968,0.056847,106203.723960,0.013752,0.056784,106203.723960,0.013772,0.027381,106203.723960,0.013794,0.027594,106203.723960,0.001367,0.002656,106203.723960,0.013669,0.026499,100778.059806,0.000000,0.000000,0.000005,106203.723960
weak,50000,100,0.031763,50001,46250,0.304911,50001,46526,0.196980,50001,46250,0.306670,50001,46526,0.207391,5001,4797,0.031763,50001,46526,0.195634,0.036544,0.015304,0.028107,66173.634382,0.013823,0.057194,66173.634382,0.013856,0.056934,66173.634382,0.013836,0.027410,66173.634382,0.013823,0.027312,66173.634382,0.001335,0.002737,66173.634382,0.013615,0.027593,65691.997843,0.000000,0.000000,0.000010,66173.634382
weak,50000,100,0.031763,50001,46250,0.304911,50001,46526,0.196980,50001,46250,0.306670,50001,46526,0.207391,5001,4797,0.031763,50001,46526,0.195634,0.037347,0.015175,0.028634,77036.058382,0.013747,0.058555,77036.058382,0.013769,0.058027,77036.058382,0.013997,0.027355,77036.058382,0.013764,0.029263,77036.058382,0.001292,0.002657,77036.058382,0.013548,0.026460,76720.322813,0.000000,0.000001,0.000022,77036.058382
weak,50000,100,0.031763,50001,46250,0.304911,50001,46526,0.196980,50001,46250,0.306670,50001,46526,0.207391,5001,4797,0.031763,50001,46526,0.195634,0.036433,0.015159,0.028177,96076.156449,0.013948,0.057186,96076.156449,0.013634,0.056808,96076.156449,0.013736,0.027219,96076.156449,0.014260,0.027195,96076.156449,0.001420,0.002707,96076.156449,0.013584,0.026285,95820.417900,0.000000,0.000000,0.000012,96076.156449
weak,50000,100,0.031763,50001,46250,0.304911,50001,46526,0.196980,50001,46250,0.306670,50001,46526,0.207391,5001,4797,0.031763,50001,46526,0.195634,0.036516,0.015346,0.027987,65906.159121,0.013737,0.058135,65906.159121,0.013825,0.056863,65906.159121,0.013727,0.027594,65906.159121,0.013826,0.027280,65906.159121,0.001340,0.002673,65906.247969,0.013510,0.026426,65481.116156,0.000001,0.000000,0.000008,65906.159121
weak,50000,100,0.031763,50001,46250,0.304911,50001,46526,0.196980,50001,46250,0.306670,50001,46526,0.207391,5001,4797,0.031763,50001,46526,0.195634,0.036728,0.015451,0.028046,70073.822118,0.014244,0.057175,70073.822118,0.013732,0.057588,70073.822118,0.013795,0.027271,70073.822118,0.013855,0.027072,70073.822118,0.001350,0.002776,70073.822118,0.013382,0.026410,68584.273378,0.000000,0.000000,0.000009,70073.822118
weak,50000,100,0.031763,50001,46250,0.304911,50001,46526,0.196980,50001,46250,0.306670,50001,46526,0.207391,5001,4797,0.031763,50001,46526,0.195634,0.036706,0.015365,0.027891,94808.451952,0.013793,0.056861,94808.451952,0.013743,0.056735,94808.451952,0.013659,0.027536,94808.451952,0.013988,0.027350,94808.451952,0.001335,0.002704,94808.451952,0.013311,0.026452,92123.024068,0.000000,0.000000,0.000006,94808.451952
weak,50000,100,0.031763,50001,46250,0.304911,50001,46526,0.196980,50001,46250,0.306670,50001,46526,0.207391,5001,4797,0.031763,50001,46526,0.195634,0.037181,0.015508,0.028527,74187.874726,0.014096,0.057846,74187.874726,0.015322,0.061355,74187.874726,0.017319,0.046731,74187.874726,0.017017,0.031868,74187.874726,0.001455,0.002971,74187.874726,0.014770,0.028936,71314.474249,0.000001,0.000000,0.000014,74187.874726
weak,50000,100,0.031763,50001,46250,0.304911,50001,46526,0.196980,50001,46250,0.306670,50001,46526,0.207391,5001,4797,0.031763,50001,46526,0.195634,0.038746,0.016566,0.030571,141794.372412,0.014988,0.061295,141794.372412,0.015122,0.063354,141794.372412,0.016167,0.031761,141794.372412,0.016684,0.030647,141794.372412,0.001716,0.002661,141794.372412,0.015955,0.030270,138810.806268,0.000001,0.000001,0.000009,141794.372412
weak,50000,100,0.031763,50001,46250,0.304911,50001,46526,0.196980,50001,46250,0.306670,50001,46526,0.207391,5001,4797,0.031763,50001,46526,0.195634,0.041652,0.017576,0.031942,99961.072904,0.015467,0.061649,99961.072904,0.015214,0.060126,99961.072904,0.014403,0.028495,99961.072904,0.014677,0.027845,99961.072904,0.001333,0.002667,99961.072904,0.013587,0.026658,97059.429541,0.000001,0.000000,0.000012,99961.072904
weak,50000,100,0.031763,50001,46250,0.304911,50001,46526,0.196980,50001,46250,0.306670,50001,46526,0.207391,5001,4797,0.031763,50001,46526,0.195634,0.036858,0.015865,0.028204,111404.991413,0.013768,0.057157,111404.991413,0.013940,0.057245,111404.991413,0.013820,0.027555,111404.991413,0.013835,0.027116,111404.991413,0.001328,0.002980,111404.991413,0.014002,0.026458,106229.170098,0.000001,0.000001,0.000009,111404.991413
weak,50000,100,0.031763,50001,46250,0.304911,50001,46526,0.196980,50001,46250,0.306670,50001,46526,0.207391,5001,4797,0.031763,50001,46526,0.195634,0.036819,0.015383,0.028025,105356.424928,0.013837,0.057260,105356.424928,0.013739,0.058458,105356.424928,0.014382,0.027452,105356.424928,0.014102,0.027626,105356.424928,0.001363,0.002685,105356.424928,0.013978,0.028824,103576.313920,0.000001,0.000000,0.000005,105356.424928
weak,50000,100,0.031763,50001,46250,0.304911,50001,46526,0.196980,50001,46250,0.306670,50001,46526,0.207391,5001,4797,0.031763,50001,46526,0.195634,0.039348,0.016276,0.029460,64479.552278,0.014173,0.092164,64479.552278,0.015672,0.057464,64479.552278,0.013786,0.029014,64479.552278,0.014104,0.027553,64479.552278,0.001346,0.002742,64479.552278,0.013507,0.027882,61242.043288,0.000001,0.000001,0.000008,64479.552278
weak,50000,100,0.031763,50001,46250,0.304911,50001,46526,0.196980,50001,46250,0.306670,50001,46526,0.207391,5001,4797,0.031763,50001,46526,0.195634,0.037549,0.015245,0.028251,92159.275827,0.013752,0.057612,92159.275827,0.013809,0.062032,92159.275827,0.013881,0.027699,92159.275827,0.014239,0.027267,92159.275827,0.001383,0.002688,92159.275827,0.013301,0.026587,86683.858544,0.000000,0.000000,0.000006,92159.275827
weak,50000,100,0.031763,50001,46250,0.304911,50001,46526,0.196980,50001,46250,0.306670,50001,46526,0.207391,5001,4797,0.031763,50001,46526,0.195634,0.036828,0.015501,0.028098,114620.285866,0.013965,0.057508,114620.285866,0.013888,0.057294,114620.285866,0.013736,0.027087,114620.285866,0.014005,0.026970,114620.285866,0.001327,0.002660,114620.285866,0.013262,0.026106,106765.486460,0.000001,0.000000,0.000007,114620.285866
weak,50000,100,0.031763,50001,46250,0.304911,50001,46526,0.196980,50001,46250,0.306670,50001,46526,0.207391,5001,4797,0.031763,50001,46526,0.195634,0.036610,0.015510,0.028705,119989.995914,0.013975,0.057198,119989.995914,0.013973,0.062969,119989.995914,0.014146,0.027136,119989.995914,0.013785,0.027035,119989.995914,0.001349,0.002666,119989.995914,0.013439,0.026447,117785.178738,0.000000,0.000001,0.000012,119989.995914
weak,50000,100,0.031763,50001,46250,0.304911,50001,46526,0.196980,50001,46250,0.306670,50001,46526,0.207391,5001,4797,0.031763,50001,46526,0.195634,0.036766,0.015605,0.028285,119779.511001,0.013821,0.058169,119779.511001,0.013740,0.057187,119779.511001,0.014240,0.028144,119779.511001,0.014719,0.027258,119779.511001,0.001308,0.002661,119779.511001,0.013372,0.026990,115579.153691,0.000001,0.000001,0.000006,119779.511001
weak,50000,100,0.031763,50001,46250,0.304911,50001,46526,0.196980,50001,46250,0.306670,50001,46526,0.207391,5001,4797,0.031763,50001,46526,0.195634,0.039356,0.016719,0.029223,63284.920891,0.014289,0.059936,63284.920891,0.015033,0.060953,63284.920891,0.014165,0.029035,63284.920891,0.014619,0.029513,63284.920891,0.001378,0.002878,63284.920891,0.013887,0.027770,63053.219276,0.000001,0.000001,0.000010,63284.920891
weak,50000,100,0.031763,50001,46250,0.304911,50001,46526,0.196980,50001,46250,0.306670,50001,46526,0.207391,5001,4797,0.031763,50001,46526,0.195634,0.037248,0.015609,0.028264,102317.105081,0.013899,0.057627,102317.105081,0.013924,0.058480,102317.105081,0.013732,0.028062,102317.105081,0.013930,0.028043,102317.105081,0.001342,0.002774,102317.105081,0.013519,0.027210,98749.973397,0.000000,0.000001,0.000006,102317.105081
weak,50000,100,0.031763,50001,46250,0.304911,50001,46526,0.196980,50001,46250,0.306670,50001,46526,0.207391,5001,4797,0.031763,50001,46526,0.195634,0.037307,0.015441,0.029266,107627.940021,0.014511,0.057371,107627.940021,0.013684,0.058137,107627.940021,0.013919,0.027251,107627.940021,0.013714,0.026849,107627.940021,0.001326,0.002667,107628.151681,0.013271,0.026334,104035.021349,0.000000,0.000000,0.000005,107627.940021
weak,50000,100,0.031763,50001,46250,0.304911,50001,46526,0.196980,50001,46250,0.306670,50001,46526,0.207391,5001,4797,0.031763,50001,46526,0.195634,0.036635,0.015388,0.028063,86678.997028,0.013812,0.059425,86678.997028,0.013965,0.057243,86678.997028,0.013850,0.027112,86678.997028,0.013656,0.027666,86678.997028,0.001328,0.002735,86678.997028,0.013396,0.027129,86346.703350,0.000000,0.000000,0.000006,86678.997028
