typename,s_size_v1,s_size_v2,s_size_v1_1,s_size_v2_1,time_ks2_allocation,time_ks2_v2,time_ks2_v2_allocation_1,time_ks2_v2_1,time_ks2_v1_allocation,time_ks2_v1,time_ks2_v1_allocation_1,time_ks2_v1_1,time_original
uncorr,48543,48620,48543,48620,0.013832,0.070283,0.014001,0.029038,0.013359,0.075675,0.013093,0.029026,0.043605
uncorr,48543,48620,48543,48620,0.020908,0.107621,0.013348,0.028360,0.013523,0.079378,0.013516,0.029413,0.043124
uncorr,48543,48620,48543,48620,0.014166,0.083311,0.017471,0.050367,0.015732,0.072097,0.013682,0.029175,0.036373
uncorr,48543,48620,48543,48620,0.013467,0.072331,0.013239,0.027777,0.012991,0.071122,0.013089,0.028693,0.036427
uncorr,48543,48620,48543,48620,0.013084,0.070337,0.013286,0.029691,0.013142,0.070601,0.013124,0.027682,0.036258
uncorr,48543,48620,48543,48620,0.013367,0.070721,0.013362,0.027880,0.013273,0.071123,0.013129,0.028642,0.036765
uncorr,48543,48620,48543,48620,0.013204,0.070462,0.013535,0.027919,0.012958,0.070381,0.013168,0.027966,0.036232
uncorr,48543,48620,48543,48620,0.013302,0.073975,0.013522,0.027890,0.012988,0.070780,0.013182,0.028354,0.036452
uncorr,48543,48620,48543,48620,0.013164,0.070200,0.013349,0.028698,0.013341,0.071481,0.013210,0.028645,0.036606
uncorr,48543,48620,48543,48620,0.013379,0.071244,0.013569,0.028847,0.013150,0.071344,0.013063,0.028714,0.036501
uncorr,48543,48620,48543,48620,0.013089,0.070627,0.013092,0.028748,0.013302,0.070738,0.013145,0.028718,0.036418
uncorr,48543,48620,48543,48620,0.013213,0.070435,0.013262,0.028151,0.013224,0.070648,0.013205,0.027601,0.035887
uncorr,48543,48620,48543,48620,0.013196,0.070632,0.013299,0.027571,0.013187,0.070863,0.013207,0.027662,0.035643
uncorr,48543,48620,48543,48620,0.013267,0.070363,0.013181,0.027781,0.013203,0.070764,0.013224,0.027673,0.036585
uncorr,48543,48620,48543,48620,0.013370,0.069998,0.013245,0.027539,0.013149,0.070643,0.013384,0.027715,0.035705
uncorr,48543,48620,48543,48620,0.013239,0.070457,0.013077,0.027887,0.013226,0.070439,0.013161,0.028348,0.036340
uncorr,48543,48620,48543,48620,0.013187,0.070037,0.013016,0.028772,0.013216,0.071278,0.013025,0.028800,0.037374
uncorr,48543,48620,48543,48620,0.013247,0.070345,0.013177,0.027959,0.013138,0.070734,0.013212,0.027770,0.035922
uncorr,48543,48620,48543,48620,0.013342,0.070101,0.013210,0.028021,0.013283,0.070745,0.013476,0.027866,0.037415
uncorr,48543,48620,48543,48620,0.013412,0.070027,0.013201,0.027580,0.013121,0.070832,0.013131,0.027891,0.035945
uncorr,48543,48620,48543,48620,0.013156,0.069944,0.013207,0.027496,0.013013,0.071477,0.013156,0.027566,0.035807
uncorr,48543,48620,48543,48620,0.013230,0.070111,0.013091,0.027591,0.013246,0.070728,0.013328,0.028670,0.036674
uncorr,48543,48620,48543,48620,0.013394,0.070140,0.013285,0.028654,0.013141,0.070577,0.012994,0.027856,0.035824
uncorr,48543,48620,48543,48620,0.013215,0.070077,0.013414,0.028652,0.013194,0.079452,0.013109,0.028434,0.036528
uncorr,48543,48620,48543,48620,0.013102,0.070869,0.013370,0.029149,0.013275,0.071150,0.013196,0.028660,0.036253
uncorr,48543,48620,48543,48620,0.013841,0.070219,0.013336,0.027893,0.013308,0.071458,0.013482,0.028016,0.036477
uncorr,48543,48620,48543,48620,0.013487,0.070548,0.013264,0.030689,0.014661,0.076719,0.014972,0.028761,0.036797
uncorr,48543,48620,48543,48620,0.013170,0.070760,0.013086,0.028986,0.013325,0.071229,0.013279,0.029090,0.036359
uncorr,48543,48620,48543,48620,0.013502,0.070241,0.013321,0.029185,0.013236,0.070785,0.013098,0.027603,0.035773
uncorr,48543,48620,48543,48620,0.013161,0.069878,0.013068,0.027745,0.013084,0.074112,0.014337,0.028649,0.042988
uncorr,48543,48620,48543,48620,0.013499,0.080170,0.015777,0.030941,0.014656,0.074868,0.013228,0.032621,0.036601
uncorr,48543,48620,48543,48620,0.013300,0.071137,0.013522,0.028775,0.013215,0.071230,0.014457,0.030739,0.042934
uncorr,48543,48620,48543,48620,0.016782,0.087301,0.016830,0.031090,0.013638,0.073735,0.013140,0.028284,0.036754
uncorr,48543,48620,48543,48620,0.013646,0.073925,0.013235,0.028301,0.013573,0.070741,0.013230,0.030004,0.036266
uncorr,48543,48620,48543,48620,0.013189,0.071253,0.013357,0.028192,0.013103,0.070684,0.013252,0.028305,0.038699
uncorr,48543,48620,48543,48620,0.013511,0.070461,0.014112,0.028849,0.013129,0.070528,0.013209,0.027798,0.035666
uncorr,48543,48620,48543,48620,0.013290,0.070835,0.013327,0.027599,0.013233,0.071163,0.013199,0.027925,0.035978
uncorr,48543,48620,48543,48620,0.013175,0.070355,0.013257,0.027616,0.013181,0.071117,0.013103,0.027731,0.035994
uncorr,48543,48620,48543,48620,0.013040,0.069987,0.013094,0.028207,0.013186,0.074075,0.013475,0.029627,0.036856
uncorr,48543,48620,48543,48620,0.019937,0.075030,0.013389,0.027683,0.013275,0.072194,0.013789,0.028749,0.036362
uncorr,48543,48620,48543,48620,0.013287,0.070772,0.013406,0.027960,0.013141,0.084531,0.013392,0.028064,0.036468
uncorr,48543,48620,48543,48620,0.013293,0.073528,0.013337,0.028155,0.014514,0.076052,0.014575,0.028831,0.042524
uncorr,48543,48620,48543,48620,0.014760,0.074546,0.013349,0.028253,0.013386,0.070636,0.013092,0.028568,0.036228
uncorr,48543,48620,48543,48620,0.013016,0.071247,0.013464,0.029496,0.014842,0.073075,0.013442,0.028214,0.036575
uncorr,48543,48620,48543,48620,0.014501,0.072541,0.013317,0.028589,0.013238,0.070596,0.013258,0.028238,0.037143
uncorr,48543,48620,48543,48620,0.013334,0.070934,0.013357,0.027617,0.013340,0.071237,0.013298,0.027717,0.036173
uncorr,48543,48620,48543,48620,0.013393,0.069963,0.013158,0.028081,0.013275,0.070549,0.013202,0.028025,0.036333
uncorr,48543,48620,48543,48620,0.012958,0.070434,0.013442,0.028068,0.013457,0.070818,0.013127,0.028201,0.036283
uncorr,48543,48620,48543,48620,0.013016,0.070156,0.013287,0.028458,0.013138,0.070681,0.013168,0.028499,0.035839
uncorr,48543,48620,48543,48620,0.013037,0.070723,0.013488,0.027948,0.013280,0.071165,0.013256,0.027575,0.035833
uncorr,48543,48620,48543,48620,0.013170,0.070254,0.013241,0.028699,0.013388,0.073603,0.013186,0.027768,0.036277
uncorr,48543,48620,48543,48620,0.013267,0.071187,0.013320,0.027703,0.013236,0.070274,0.013359,0.027729,0.035961
uncorr,48543,48620,48543,48620,0.013227,0.070011,0.013175,0.027718,0.013197,0.070695,0.013277,0.028826,0.035988
uncorr,48543,48620,48543,48620,0.013170,0.069895,0.013061,0.027601,0.013159,0.070733,0.013264,0.027737,0.037337
uncorr,48543,48620,48543,48620,0.013825,0.071661,0.013415,0.028064,0.013234,0.071599,0.013576,0.027725,0.036249
uncorr,48543,48620,48543,48620,0.013242,0.070032,0.013290,0.028352,0.013998,0.071783,0.013685,0.027739,0.036297
uncorr,48543,48620,48543,48620,0.013312,0.070045,0.013448,0.028291,0.013388,0.070842,0.013336,0.027662,0.036082
uncorr,48543,48620,48543,48620,0.013246,0.070328,0.013311,0.032989,0.013572,0.074609,0.013355,0.028007,0.036038
uncorr,48543,48620,48543,48620,0.013236,0.070846,0.013447,0.027825,0.013152,0.070482,0.013221,0.029432,0.036248
uncorr,48543,48620,48543,48620,0.013351,0.070289,0.013281,0.028079,0.013195,0.092200,0.017304,0.053439,0.040651
uncorr,48543,48620,48543,48620,0.013839,0.070955,0.013268,0.028903,0.013389,0.071968,0.013451,0.027699,0.035876
uncorr,48543,48620,48543,48620,0.013370,0.069929,0.013285,0.027811,0.013272,0.071534,0.013498,0.027707,0.035764
uncorr,48543,48620,48543,48620,0.013259,0.071358,0.012999,0.028067,0.013246,0.070824,0.013517,0.028029,0.035858
uncorr,48543,48620,48543,48620,0.013339,0.070039,0.013294,0.028353,0.013631,0.070801,0.013424,0.028107,0.036658
uncorr,48543,48620,48543,48620,0.013392,0.070342,0.013435,0.028087,0.013181,0.070693,0.013406,0.028212,0.036498
uncorr,48543,48620,48543,48620,0.013384,0.070244,0.013416,0.028173,0.013485,0.070766,0.013300,0.027971,0.036130
uncorr,48543,48620,48543,48620,0.013275,0.069929,0.013376,0.028080,0.013173,0.070549,0.013372,0.028009,0.036104
uncorr,48543,48620,48543,48620,0.013098,0.070483,0.013467,0.027595,0.013207,0.070913,0.013295,0.027775,0.036389
uncorr,48543,48620,48543,48620,0.013485,0.070620,0.013166,0.027855,0.013425,0.070522,0.013223,0.027768,0.038023
uncorr,48543,48620,48543,48620,0.013356,0.070489,0.013356,0.027653,0.013263,0.070717,0.013325,0.027694,0.035818
uncorr,48543,48620,48543,48620,0.013314,0.069963,0.013233,0.027664,0.013132,0.070413,0.013822,0.027810,0.037798
uncorr,48543,48620,48543,48620,0.013298,0.070292,0.013421,0.028679,0.013374,0.070463,0.013244,0.028063,0.036474
uncorr,48543,48620,48543,48620,0.013191,0.070590,0.014558,0.028317,0.013488,0.070961,0.013407,0.027931,0.036102
uncorr,48543,48620,48543,48620,0.013541,0.070710,0.013263,0.027987,0.013170,0.070563,0.013247,0.028189,0.036329
uncorr,48543,48620,48543,48620,0.013319,0.070720,0.013337,0.028892,0.013205,0.070876,0.013314,0.028174,0.036189
uncorr,48543,48620,48543,48620,0.013047,0.070192,0.013306,0.028287,0.013239,0.073924,0.014339,0.028155,0.036284
uncorr,48543,48620,48543,48620,0.017992,0.078116,0.013325,0.027982,0.013393,0.072899,0.013579,0.029330,0.036482
uncorr,48543,48620,48543,48620,0.013345,0.070207,0.013376,0.028100,0.013213,0.071375,0.013363,0.028278,0.036808
uncorr,48543,48620,48543,48620,0.013423,0.070077,0.013221,0.028101,0.013334,0.070513,0.013418,0.027872,0.036514
uncorr,48543,48620,48543,48620,0.013329,0.071374,0.013640,0.028913,0.013297,0.071922,0.014099,0.028078,0.037157
uncorr,48543,48620,48543,48620,0.013401,0.070065,0.013145,0.028086,0.013315,0.070663,0.013307,0.028129,0.036247
uncorr,48543,48620,48543,48620,0.013284,0.070043,0.013255,0.028603,0.013793,0.070971,0.013329,0.027718,0.035995
uncorr,48543,48620,48543,48620,0.013236,0.070419,0.013353,0.027796,0.013587,0.070455,0.013412,0.027976,0.036549
uncorr,48543,48620,48543,48620,0.013551,0.071832,0.013308,0.028218,0.013286,0.070725,0.013374,0.027719,0.035937
uncorr,48543,48620,48543,48620,0.013058,0.069995,0.013263,0.027686,0.013123,0.070476,0.013239,0.027796,0.036145
uncorr,48543,48620,48543,48620,0.013248,0.070321,0.013443,0.027988,0.013231,0.071064,0.013326,0.028134,0.036199
uncorr,48543,48620,48543,48620,0.013309,0.071528,0.013400,0.027974,0.013310,0.070848,0.013211,0.027967,0.036415
uncorr,48543,48620,48543,48620,0.013818,0.070817,0.013492,0.027796,0.013189,0.070602,0.013093,0.027805,0.036080
uncorr,48543,48620,48543,48620,0.013270,0.070121,0.013472,0.027666,0.013305,0.070684,0.013457,0.027899,0.036947
uncorr,48543,48620,48543,48620,0.013234,0.070399,0.013376,0.027722,0.013547,0.070662,0.013328,0.027739,0.035986
uncorr,48543,48620,48543,48620,0.013266,0.070489,0.013433,0.028113,0.013233,0.070698,0.013343,0.028038,0.036266
uncorr,48543,48620,48543,48620,0.013310,0.070094,0.013280,0.028086,0.013124,0.070938,0.013332,0.028367,0.036615
uncorr,48543,48620,48543,48620,0.013389,0.070238,0.013299,0.028498,0.013531,0.071281,0.013486,0.028261,0.041525
uncorr,48543,48620,48543,48620,0.013850,0.078076,0.014542,0.030307,0.014512,0.100431,0.014135,0.033721,0.057087
uncorr,48543,48620,48543,48620,0.017006,0.099129,0.017914,0.045059,0.016711,0.114119,0.019745,0.039475,0.043265
uncorr,48543,48620,48543,48620,0.015793,0.078921,0.014849,0.030273,0.014797,0.079521,0.015761,0.031707,0.041085
uncorr,48543,48620,48543,48620,0.014329,0.090838,0.015350,0.030948,0.014831,0.080532,0.014050,0.030100,0.038086
uncorr,48543,48620,48543,48620,0.013655,0.071265,0.013432,0.027996,0.013467,0.073552,0.013830,0.028499,0.037171
uncorr,48543,48620,48543,48620,0.013577,0.072503,0.014889,0.031116,0.019982,0.074253,0.013603,0.028339,0.039758
uncorr,48543,48620,48543,48620,0.014069,0.071400,0.013509,0.028609,0.013619,0.071529,0.013600,0.030678,0.037354
almost,49390,49565,49390,49565,0.013912,0.034821,0.014154,0.028585,0.014201,0.036311,0.014154,0.028813,0.036787
almost,49390,49565,49390,49565,0.013906,0.034512,0.015482,0.029661,0.014343,0.033675,0.013813,0.028461,0.036679
almost,49390,49565,49390,49565,0.013677,0.033330,0.014110,0.028181,0.014479,0.034049,0.014118,0.028612,0.036484
almost,49390,49565,49390,49565,0.013679,0.033324,0.013786,0.029001,0.014153,0.035153,0.014404,0.029981,0.037981
almost,49390,49565,49390,49565,0.013700,0.033414,0.013919,0.029366,0.013718,0.034901,0.014035,0.028589,0.036698
almost,49390,49565,49390,49565,0.013739,0.033684,0.013814,0.028330,0.013754,0.034733,0.013976,0.030800,0.041972
almost,49390,49565,49390,49565,0.014697,0.036941,0.013935,0.028639,0.013821,0.033887,0.013943,0.028390,0.036453
almost,49390,49565,49390,49565,0.013837,0.034261,0.014241,0.028492,0.013807,0.034513,0.014473,0.028794,0.036614
almost,49390,49565,49390,49565,0.013871,0.033692,0.014133,0.031192,0.014800,0.034723,0.014293,0.030021,0.036637
almost,49390,49565,49390,49565,0.013856,0.033517,0.014405,0.029125,0.013930,0.033979,0.013975,0.028718,0.038922
almost,49390,49565,49390,49565,0.015084,0.036584,0.015155,0.031191,0.015345,0.035915,0.014597,0.029106,0.037809
almost,49390,49565,49390,49565,0.014147,0.034463,0.013936,0.028793,0.014245,0.034917,0.014041,0.029593,0.037350
almost,49390,49565,49390,49565,0.013650,0.033882,0.014039,0.029314,0.015427,0.037160,0.014878,0.033469,0.039914
almost,49390,49565,49390,49565,0.016320,0.035256,0.015133,0.029883,0.014665,0.034294,0.014084,0.028699,0.037305
almost,49390,49565,49390,49565,0.013936,0.034040,0.013796,0.029586,0.013990,0.035163,0.013869,0.029673,0.037575
almost,49390,49565,49390,49565,0.014093,0.035280,0.014345,0.030573,0.014687,0.035671,0.014016,0.029934,0.037933
almost,49390,49565,49390,49565,0.013817,0.034873,0.013910,0.029890,0.014139,0.035680,0.014014,0.029663,0.037610
almost,49390,49565,49390,49565,0.014138,0.035390,0.014142,0.030437,0.014011,0.035488,0.014414,0.030507,0.039653
almost,49390,49565,49390,49565,0.015222,0.035473,0.015547,0.028965,0.014230,0.043207,0.015102,0.029989,0.039290
almost,49390,49565,49390,49565,0.016749,0.058296,0.017247,0.031140,0.014139,0.033816,0.013806,0.028337,0.036907
almost,49390,49565,49390,49565,0.014062,0.033886,0.014075,0.028504,0.013676,0.034445,0.014840,0.030559,0.037834
almost,49390,49565,49390,49565,0.013831,0.034032,0.014679,0.030254,0.013870,0.035868,0.016169,0.029392,0.036471
almost,49390,49565,49390,49565,0.013895,0.033444,0.014285,0.028424,0.014297,0.035075,0.014060,0.028825,0.036555
almost,49390,49565,49390,49565,0.013628,0.033943,0.014283,0.028859,0.013906,0.034739,0.014259,0.029859,0.039433
almost,49390,49565,49390,49565,0.014723,0.035051,0.014714,0.029307,0.014731,0.036223,0.014211,0.029696,0.039539
almost,49390,49565,49390,49565,0.014709,0.034757,0.014108,0.028565,0.014490,0.034203,0.014471,0.028658,0.037000
almost,49390,49565,49390,49565,0.014403,0.033599,0.013891,0.031580,0.015155,0.036319,0.014258,0.028842,0.036695
almost,49390,49565,49390,49565,0.013822,0.033615,0.014467,0.028598,0.013800,0.033891,0.013691,0.028997,0.036922
almost,49390,49565,49390,49565,0.014488,0.033910,0.014000,0.028656,0.013857,0.033820,0.013699,0.028979,0.037836
almost,49390,49565,49390,49565,0.014163,0.034346,0.014138,0.030419,0.013928,0.035142,0.014045,0.029548,0.037423
almost,49390,49565,49390,49565,0.013878,0.034966,0.014037,0.029742,0.015581,0.033946,0.014185,0.028917,0.036648
almost,49390,49565,49390,49565,0.013683,0.033673,0.013844,0.028618,0.013664,0.033688,0.013753,0.028304,0.036598
almost,49390,49565,49390,49565,0.013676,0.033443,0.013944,0.028357,0.013788,0.033666,0.013938,0.028800,0.037038
almost,49390,49565,49390,49565,0.013877,0.034018,0.013887,0.029262,0.014897,0.034046,0.013809,0.028555,0.036633
almost,49390,49565,49390,49565,0.013802,0.033569,0.014050,0.028211,0.014134,0.036094,0.013784,0.028314,0.037323
almost,49390,49565,49390,49565,0.013859,0.033282,0.014013,0.028591,0.013920,0.034016,0.014071,0.028372,0.036460
almost,49390,49565,49390,49565,0.013766,0.034513,0.013926,0.029395,0.014022,0.035241,0.013918,0.029652,0.037572
almost,49390,49565,49390,49565,0.014034,0.035014,0.014061,0.029353,0.014026,0.034132,0.013760,0.028258,0.038341
almost,49390,49565,49390,49565,0.014347,0.035455,0.014461,0.030052,0.015021,0.037709,0.014931,0.029813,0.040685
almost,49390,49565,49390,49565,0.015723,0.036145,0.015134,0.032409,0.014146,0.034310,0.014022,0.029164,0.036898
almost,49390,49565,49390,49565,0.013814,0.033799,0.013988,0.028485,0.014026,0.033891,0.013884,0.028443,0.036174
almost,49390,49565,49390,49565,0.013547,0.033305,0.013733,0.029165,0.013907,0.033719,0.013721,0.028387,0.036386
almost,49390,49565,49390,49565,0.013612,0.033648,0.014139,0.028550,0.013916,0.033776,0.013904,0.028781,0.037373
almost,49390,49565,49390,49565,0.013910,0.033893,0.014037,0.028940,0.014009,0.034376,0.013982,0.029938,0.036829
almost,49390,49565,49390,49565,0.014073,0.034172,0.013881,0.028946,0.013960,0.034324,0.014099,0.028831,0.037053
almost,49390,49565,49390,49565,0.013713,0.033886,0.013949,0.029292,0.014654,0.035679,0.013992,0.029118,0.036733
almost,49390,49565,49390,49565,0.013766,0.033890,0.013861,0.028984,0.014057,0.034512,0.013804,0.029335,0.037218
almost,49390,49565,49390,49565,0.013976,0.034123,0.013846,0.029085,0.013919,0.034292,0.013749,0.028907,0.037255
almost,49390,49565,49390,49565,0.013904,0.033854,0.014801,0.028933,0.013790,0.034659,0.013808,0.029036,0.038012
almost,49390,49565,49390,49565,0.014124,0.034195,0.013797,0.028901,0.014301,0.034329,0.013862,0.028592,0.036922
almost,49390,49565,49390,49565,0.014009,0.033425,0.013787,0.028720,0.014027,0.034259,0.014190,0.028718,0.036839
almost,49390,49565,49390,49565,0.013823,0.034016,0.013917,0.028937,0.013995,0.034397,0.013894,0.028724,0.036824
almost,49390,49565,49390,49565,0.014233,0.034521,0.013945,0.029242,0.013978,0.034429,0.013818,0.030900,0.036798
almost,49390,49565,49390,49565,0.013829,0.034133,0.013934,0.029347,0.013842,0.034420,0.014035,0.028536,0.038146
almost,49390,49565,49390,49565,0.013885,0.033279,0.013821,0.028410,0.013952,0.034282,0.013898,0.029523,0.037796
almost,49390,49565,49390,49565,0.014033,0.034810,0.014030,0.029756,0.014069,0.035288,0.013891,0.029583,0.037562
almost,49390,49565,49390,49565,0.014056,0.034699,0.014275,0.029448,0.014045,0.035290,0.014193,0.029965,0.036878
almost,49390,49565,49390,49565,0.013799,0.035905,0.014012,0.029064,0.014132,0.034476,0.013795,0.028386,0.037059
almost,49390,49565,49390,49565,0.013953,0.033241,0.013794,0.028151,0.013893,0.033833,0.013909,0.028280,0.036526
almost,49390,49565,49390,49565,0.013744,0.033304,0.013866,0.028340,0.013875,0.033872,0.013874,0.028346,0.037018
almost,49390,49565,49390,49565,0.013883,0.033904,0.014240,0.028621,0.014129,0.034376,0.014068,0.028367,0.037320
almost,49390,49565,49390,49565,0.013788,0.033584,0.013826,0.030359,0.013920,0.035087,0.013823,0.028431,0.036423
almost,49390,49565,49390,49565,0.013720,0.033442,0.013786,0.028359,0.013747,0.033846,0.013949,0.028676,0.036931
almost,49390,49565,49390,49565,0.013975,0.033487,0.013961,0.028482,0.013956,0.033596,0.013960,0.028965,0.038727
almost,49390,49565,49390,49565,0.013689,0.033317,0.014003,0.028209,0.013838,0.033811,0.013700,0.028564,0.036715
almost,49390,49565,49390,49565,0.013815,0.034424,0.013803,0.029569,0.014020,0.035828,0.014148,0.029498,0.036776
almost,49390,49565,49390,49565,0.013586,0.036473,0.013816,0.028355,0.013959,0.034057,0.013788,0.028357,0.036660
almost,49390,49565,49390,49565,0.014127,0.033541,0.013953,0.028148,0.013983,0.039545,0.014032,0.029554,0.037100
almost,49390,49565,49390,49565,0.014040,0.034108,0.013968,0.028344,0.013880,0.037770,0.014798,0.028584,0.036493
almost,49390,49565,49390,49565,0.013882,0.033316,0.014043,0.029564,0.014014,0.034482,0.013928,0.028471,0.036992
almost,49390,49565,49390,49565,0.013641,0.033286,0.013835,0.028458,0.013747,0.034851,0.013926,0.029688,0.038218
almost,49390,49565,49390,49565,0.014330,0.034807,0.014040,0.028468,0.013708,0.033784,0.013852,0.028332,0.036916
almost,49390,49565,49390,49565,0.014053,0.033974,0.014101,0.029623,0.014167,0.035128,0.013981,0.029690,0.039303
almost,49390,49565,49390,49565,0.015090,0.033472,0.013753,0.028513,0.013962,0.034458,0.013991,0.028527,0.037590
almost,49390,49565,49390,49565,0.013755,0.033397,0.013830,0.028509,0.013928,0.033814,0.013736,0.028568,0.037051
almost,49390,49565,49390,49565,0.014027,0.034439,0.014004,0.028184,0.014024,0.033810,0.013812,0.028260,0.036557
almost,49390,49565,49390,49565,0.013559,0.033715,0.014240,0.028584,0.013853,0.033798,0.013814,0.028732,0.036372
almost,49390,49565,49390,49565,0.013673,0.033291,0.013668,0.028420,0.014044,0.034050,0.014057,0.028231,0.036956
almost,49390,49565,49390,49565,0.014041,0.041180,0.015140,0.051107,0.017513,0.040909,0.013730,0.028838,0.036547
almost,49390,49565,49390,49565,0.015154,0.033420,0.014093,0.030834,0.014036,0.033670,0.013774,0.028415,0.036516
almost,49390,49565,49390,49565,0.013772,0.033233,0.014171,0.028280,0.013947,0.033625,0.013809,0.028311,0.037341
almost,49390,49565,49390,49565,0.014182,0.033510,0.013941,0.029758,0.014764,0.035055,0.013831,0.028367,0.036709
almost,49390,49565,49390,49565,0.013645,0.033608,0.014011,0.028597,0.014056,0.034220,0.013918,0.028636,0.036779
almost,49390,49565,49390,49565,0.013746,0.033530,0.013860,0.028358,0.014011,0.034065,0.013928,0.028409,0.037996
almost,49390,49565,49390,49565,0.013735,0.033786,0.014743,0.028644,0.013761,0.033968,0.013995,0.028264,0.036864
almost,49390,49565,49390,49565,0.013830,0.033286,0.013996,0.028434,0.014063,0.033858,0.013820,0.028319,0.036892
almost,49390,49565,49390,49565,0.013803,0.033228,0.014427,0.031191,0.015179,0.034848,0.013998,0.029445,0.040040
almost,49390,49565,49390,49565,0.015205,0.035789,0.014774,0.030032,0.014487,0.036011,0.014401,0.029421,0.038898
almost,49390,49565,49390,49565,0.014032,0.035063,0.015140,0.029087,0.014423,0.034255,0.014066,0.029619,0.037543
almost,49390,49565,49390,49565,0.014262,0.034979,0.014587,0.029601,0.014344,0.034147,0.013837,0.028980,0.037252
almost,49390,49565,49390,49565,0.014246,0.034242,0.014164,0.028796,0.014079,0.034690,0.014304,0.029232,0.038393
almost,49390,49565,49390,49565,0.014606,0.034582,0.014639,0.029492,0.014240,0.034758,0.013986,0.028939,0.037176
almost,49390,49565,49390,49565,0.014074,0.034401,0.014034,0.028955,0.014019,0.034632,0.016508,0.041777,0.060504
almost,49390,49565,49390,49565,0.019315,0.041992,0.016475,0.029424,0.014806,0.035983,0.014631,0.029086,0.037596
almost,49390,49565,49390,49565,0.013908,0.034260,0.014646,0.030146,0.015420,0.037849,0.015287,0.029405,0.038757
almost,49390,49565,49390,49565,0.014081,0.034877,0.013907,0.029813,0.013912,0.034960,0.014056,0.029002,0.037245
almost,49390,49565,49390,49565,0.013879,0.036342,0.014625,0.034433,0.015389,0.034441,0.013970,0.029350,0.039665
almost,49390,49565,49390,49565,0.014399,0.034191,0.014067,0.028628,0.013789,0.034079,0.013845,0.028441,0.037040
almost,49390,49565,49390,49565,0.014286,0.033503,0.013909,0.028295,0.014914,0.035430,0.014874,0.030097,0.040763
almost,49390,49565,49390,49565,0.015976,0.038798,0.015264,0.031342,0.015162,0.037221,0.014785,0.031357,0.038035
inv,44197,44642,44197,44642,0.012604,0.626470,0.012130,0.026154,0.012270,0.548487,0.012705,0.027165,0.037103
inv,44197,44642,44197,44642,0.012472,0.553565,0.012699,0.027392,0.013098,0.552935,0.012811,0.026253,0.037803
inv,44197,44642,44197,44642,0.012484,0.572885,0.013548,0.028257,0.012514,0.575028,0.012593,0.026823,0.039799
inv,44197,44642,44197,44642,0.012417,0.558127,0.012335,0.046722,0.014183,0.571249,0.013075,0.027251,0.040711
inv,44197,44642,44197,44642,0.012637,0.537890,0.011930,0.025355,0.011782,0.536835,0.013124,0.025472,0.035345
inv,44197,44642,44197,44642,0.011572,0.532403,0.012042,0.025673,0.011555,0.532783,0.011868,0.025449,0.035606
inv,44197,44642,44197,44642,0.012175,0.532881,0.012295,0.025342,0.011766,0.558371,0.012732,0.026367,0.038087
inv,44197,44642,44197,44642,0.012620,0.544442,0.012160,0.025980,0.011860,0.539608,0.011790,0.025212,0.035533
inv,44197,44642,44197,44642,0.011951,0.533112,0.011907,0.025767,0.012004,0.532982,0.011873,0.025366,0.036417
inv,44197,44642,44197,44642,0.011770,0.532614,0.012250,0.025493,0.011580,0.532485,0.011854,0.025564,0.035270
inv,44197,44642,44197,44642,0.012346,0.531777,0.012227,0.025371,0.011461,0.538803,0.011967,0.025332,0.035277
inv,44197,44642,44197,44642,0.011753,0.534213,0.012580,0.029082,0.011782,0.530391,0.011821,0.029405,0.035714
inv,44197,44642,44197,44642,0.011830,0.533497,0.011761,0.025465,0.011699,0.529418,0.012295,0.026005,0.035464
inv,44197,44642,44197,44642,0.011966,0.532464,0.011907,0.025393,0.011650,0.533986,0.011878,0.025854,0.035431
inv,44197,44642,44197,44642,0.012887,0.532223,0.012051,0.025369,0.011697,0.538314,0.012008,0.025625,0.035360
inv,44197,44642,44197,44642,0.011976,0.530290,0.012010,0.025687,0.011724,0.531757,0.011922,0.025555,0.035508
inv,44197,44642,44197,44642,0.011897,0.532618,0.011838,0.025262,0.011685,0.529287,0.011941,0.025932,0.035991
inv,44197,44642,44197,44642,0.011898,0.532449,0.011800,0.025490,0.011808,0.529124,0.011988,0.025382,0.035686
inv,44197,44642,44197,44642,0.012436,0.533173,0.011942,0.025609,0.011857,0.529920,0.011840,0.025341,0.035677
inv,44197,44642,44197,44642,0.011896,0.536340,0.012047,0.025236,0.011749,0.532848,0.011918,0.025389,0.035411
inv,44197,44642,44197,44642,0.011739,0.530480,0.011889,0.027385,0.011934,0.539927,0.011656,0.025271,0.036186
inv,44197,44642,44197,44642,0.011914,0.533460,0.012022,0.025511,0.011811,0.529233,0.012186,0.025558,0.035476
inv,44197,44642,44197,44642,0.011740,0.530689,0.011907,0.025826,0.011745,0.531015,0.011787,0.027251,0.035398
inv,44197,44642,44197,44642,0.011727,0.547544,0.013022,0.026757,0.012716,0.544085,0.012314,0.027528,0.038497
inv,44197,44642,44197,44642,0.013002,0.545733,0.013303,0.027110,0.011961,0.567788,0.012452,0.030673,0.039260
inv,44197,44642,44197,44642,0.012844,0.553602,0.012948,0.026707,0.013529,0.544814,0.012392,0.026091,0.037314
inv,44197,44642,44197,44642,0.012990,0.551616,0.013106,0.026532,0.012781,0.550611,0.013429,0.030841,0.043883
inv,44197,44642,44197,44642,0.013497,0.551280,0.012216,0.026123,0.011806,0.537818,0.011943,0.025401,0.035526
inv,44197,44642,44197,44642,0.011862,0.558105,0.011958,0.025398,0.011747,0.546276,0.012099,0.025971,0.036592
inv,44197,44642,44197,44642,0.012174,0.544908,0.011980,0.025491,0.011546,0.541110,0.013232,0.026750,0.039323
inv,44197,44642,44197,44642,0.013133,0.551308,0.012687,0.025645,0.011954,0.552152,0.012835,0.026882,0.038595
inv,44197,44642,44197,44642,0.012969,0.550613,0.011956,0.026059,0.012985,0.542164,0.012225,0.025565,0.037679
inv,44197,44642,44197,44642,0.012638,0.550950,0.012613,0.025981,0.012401,0.550749,0.012853,0.027116,0.036176
inv,44197,44642,44197,44642,0.011559,0.539910,0.012116,0.026300,0.012075,0.546552,0.012151,0.025992,0.036063
inv,44197,44642,44197,44642,0.011838,0.540706,0.011947,0.025478,0.011958,0.539956,0.013065,0.028219,0.038941
inv,44197,44642,44197,44642,0.012579,0.550046,0.012643,0.026823,0.012838,0.543127,0.011790,0.026538,0.037644
inv,44197,44642,44197,44642,0.011997,0.553146,0.012070,0.025356,0.012909,0.554829,0.012873,0.031281,0.042359
inv,44197,44642,44197,44642,0.014106,0.548571,0.012438,0.029411,0.012262,0.537669,0.012025,0.025399,0.037378
inv,44197,44642,44197,44642,0.012437,0.551564,0.012568,0.026057,0.012403,0.562624,0.012593,0.029031,0.037795
inv,44197,44642,44197,44642,0.011965,0.537337,0.013415,0.029243,0.012457,0.545238,0.012834,0.030648,0.039195
inv,44197,44642,44197,44642,0.013213,0.540230,0.012131,0.025488,0.011955,0.546588,0.012575,0.025180,0.038542
inv,44197,44642,44197,44642,0.012843,0.549192,0.012668,0.026366,0.011955,0.538378,0.013664,0.026185,0.036615
inv,44197,44642,44197,44642,0.014267,0.544961,0.012777,0.026245,0.011701,0.538533,0.012105,0.025756,0.037839
inv,44197,44642,44197,44642,0.012625,0.542997,0.012027,0.026095,0.011827,0.536176,0.012526,0.027172,0.038325
inv,44197,44642,44197,44642,0.012400,0.540452,0.013677,0.039146,0.013429,0.557482,0.012621,0.026275,0.037001
inv,44197,44642,44197,44642,0.012526,0.550429,0.013146,0.030733,0.014247,0.548516,0.011896,0.026710,0.036497
inv,44197,44642,44197,44642,0.012058,0.552344,0.013000,0.026933,0.012401,0.539826,0.011822,0.026260,0.038029
inv,44197,44642,44197,44642,0.012315,0.548941,0.012199,0.025490,0.011843,0.532148,0.012674,0.025339,0.037997
inv,44197,44642,44197,44642,0.013440,0.538797,0.012109,0.025682,0.012581,0.544601,0.012749,0.025717,0.036208
inv,44197,44642,44197,44642,0.013271,0.541775,0.012463,0.026018,0.012544,0.546776,0.012922,0.025956,0.038029
inv,44197,44642,44197,44642,0.013000,0.554288,0.013812,0.029756,0.013934,0.558269,0.011884,0.025969,0.035611
inv,44197,44642,44197,44642,0.011753,0.539436,0.012829,0.025791,0.011678,0.542894,0.012908,0.025869,0.037964
inv,44197,44642,44197,44642,0.012636,0.547311,0.014170,0.028461,0.013292,0.556774,0.015046,0.030976,0.039181
inv,44197,44642,44197,44642,0.013535,0.548721,0.012152,0.025619,0.012062,0.549653,0.013891,0.029151,0.038005
inv,44197,44642,44197,44642,0.012267,0.559345,0.012499,0.026564,0.012517,0.546867,0.012196,0.028034,0.038044
inv,44197,44642,44197,44642,0.012597,0.539860,0.011994,0.025594,0.011932,0.541078,0.012276,0.025932,0.037911
inv,44197,44642,44197,44642,0.014004,0.548531,0.011972,0.025981,0.011924,0.539695,0.012226,0.025936,0.037835
inv,44197,44642,44197,44642,0.012885,0.532411,0.012106,0.025521,0.011821,0.535124,0.011956,0.025589,0.037008
inv,44197,44642,44197,44642,0.011915,0.531140,0.012136,0.025729,0.012573,0.532613,0.012389,0.026412,0.037488
inv,44197,44642,44197,44642,0.012088,0.533493,0.012118,0.027178,0.011991,0.535240,0.012107,0.026157,0.036309
inv,44197,44642,44197,44642,0.012090,0.536824,0.012166,0.026211,0.011873,0.544663,0.012561,0.026724,0.038258
inv,44197,44642,44197,44642,0.012218,0.533407,0.012202,0.025517,0.011791,0.533381,0.011921,0.025607,0.035833
inv,44197,44642,44197,44642,0.011783,0.534288,0.012046,0.025560,0.011744,0.532275,0.012014,0.025766,0.035992
inv,44197,44642,44197,44642,0.011689,0.534453,0.011876,0.026560,0.012255,0.531570,0.011886,0.025682,0.036154
inv,44197,44642,44197,44642,0.011914,0.535662,0.012131,0.025416,0.011870,0.548163,0.012853,0.026454,0.038535
inv,44197,44642,44197,44642,0.012020,0.535546,0.012171,0.026190,0.012569,0.544173,0.013116,0.027086,0.037098
inv,44197,44642,44197,44642,0.013083,0.557636,0.012276,0.025550,0.011798,0.538861,0.014180,0.025828,0.035794
inv,44197,44642,44197,44642,0.011741,0.543770,0.012356,0.025973,0.012334,0.535401,0.012818,0.027038,0.037024
inv,44197,44642,44197,44642,0.012534,0.542004,0.013662,0.027098,0.012060,0.553346,0.012483,0.026041,0.037403
inv,44197,44642,44197,44642,0.013016,0.552133,0.012295,0.026823,0.012878,0.549361,0.011887,0.031825,0.039136
inv,44197,44642,44197,44642,0.012260,0.541661,0.013315,0.025951,0.012426,0.548092,0.012009,0.028503,0.043135
inv,44197,44642,44197,44642,0.012920,0.550053,0.014358,0.025414,0.011948,0.537580,0.012612,0.032301,0.036468
inv,44197,44642,44197,44642,0.012113,0.537307,0.012149,0.026286,0.012386,0.547907,0.011993,0.027000,0.036750
inv,44197,44642,44197,44642,0.012165,0.532784,0.012132,0.025314,0.011831,0.532369,0.012129,0.025375,0.036197
inv,44197,44642,44197,44642,0.012068,0.545908,0.012122,0.025338,0.012057,0.540542,0.012210,0.026866,0.036275
inv,44197,44642,44197,44642,0.013020,0.549028,0.014359,0.026493,0.012164,0.547139,0.013277,0.031782,0.039470
inv,44197,44642,44197,44642,0.012195,0.553769,0.012978,0.026274,0.011933,0.554522,0.012004,0.026173,0.039051
inv,44197,44642,44197,44642,0.012248,0.552337,0.015858,0.038653,0.012280,0.537301,0.011966,0.026633,0.035757
inv,44197,44642,44197,44642,0.013605,0.543957,0.012141,0.025744,0.012568,0.532149,0.012404,0.025770,0.036301
inv,44197,44642,44197,44642,0.012132,0.531570,0.012158,0.025865,0.012452,0.531623,0.011993,0.025526,0.038413
inv,44197,44642,44197,44642,0.014087,0.536676,0.012184,0.026503,0.011903,0.535393,0.012929,0.026330,0.035842
inv,44197,44642,44197,44642,0.011768,0.550159,0.012131,0.026756,0.013088,0.558301,0.013290,0.026907,0.037454
inv,44197,44642,44197,44642,0.011984,0.558742,0.012765,0.026140,0.011749,0.533671,0.012142,0.026620,0.035640
inv,44197,44642,44197,44642,0.011859,0.533075,0.012270,0.028313,0.012117,0.538818,0.012060,0.025456,0.036442
inv,44197,44642,44197,44642,0.011906,0.536698,0.012450,0.027079,0.012898,0.559635,0.012175,0.028229,0.038065
inv,44197,44642,44197,44642,0.012225,0.546375,0.012214,0.025557,0.011863,0.560454,0.012224,0.027322,0.039126
inv,44197,44642,44197,44642,0.012886,0.540861,0.012157,0.026323,0.012361,0.531575,0.012134,0.026206,0.036643
inv,44197,44642,44197,44642,0.011853,0.532523,0.012114,0.026284,0.011836,0.542193,0.012332,0.027934,0.038898
inv,44197,44642,44197,44642,0.012215,0.566313,0.012634,0.025771,0.011985,0.545092,0.012025,0.025565,0.038152
inv,44197,44642,44197,44642,0.012488,0.537346,0.012580,0.025443,0.012057,0.534528,0.011991,0.025463,0.035879
inv,44197,44642,44197,44642,0.011755,0.546199,0.012055,0.025489,0.011660,0.544120,0.012797,0.025924,0.039172
inv,44197,44642,44197,44642,0.012911,0.538552,0.013203,0.026539,0.012618,0.551901,0.011855,0.026105,0.037565
inv,44197,44642,44197,44642,0.015964,0.539141,0.012548,0.029099,0.013691,0.542666,0.012262,0.025378,0.035722
inv,44197,44642,44197,44642,0.011770,0.540074,0.012490,0.026182,0.012085,0.536027,0.012124,0.026268,0.037199
inv,44197,44642,44197,44642,0.012572,0.552722,0.013850,0.032316,0.013506,0.536617,0.011912,0.026036,0.036091
inv,44197,44642,44197,44642,0.011983,0.547571,0.012227,0.025423,0.011828,0.536418,0.012022,0.026511,0.036553
inv,44197,44642,44197,44642,0.011847,0.534564,0.013295,0.029912,0.013361,0.545500,0.012358,0.027563,0.041714
inv,44197,44642,44197,44642,0.012784,0.554099,0.014311,0.031242,0.013501,0.542625,0.012558,0.027317,0.039202
inv,44197,44642,44197,44642,0.012858,0.551734,0.012777,0.026034,0.012126,0.552404,0.013148,0.027488,0.038864
inv,44197,44642,44197,44642,0.012570,0.559480,0.015220,0.031637,0.014214,0.551201,0.012124,0.027425,0.038345
str,48781,49076,48781,49076,0.012126,0.045140,0.013816,0.028519,0.015368,0.044821,0.013676,0.029600,0.038795
str,48781,49076,48781,49076,0.014783,0.044785,0.013906,0.028982,0.015887,0.051369,0.016579,0.033987,0.044703
str,48781,49076,48781,49076,0.015505,0.047519,0.015265,0.032081,0.016299,0.051474,0.015515,0.029499,0.039088
str,48781,49076,48781,49076,0.014969,0.045220,0.014202,0.029459,0.014972,0.047722,0.013904,0.029446,0.039685
str,48781,49076,48781,49076,0.014709,0.048106,0.014623,0.028884,0.013817,0.045991,0.013820,0.027958,0.037003
str,48781,49076,48781,49076,0.013620,0.045081,0.014677,0.031110,0.014943,0.048112,0.015141,0.033120,0.040318
str,48781,49076,48781,49076,0.015178,0.046404,0.015749,0.034145,0.015474,0.048184,0.016007,0.031362,0.041997
str,48781,49076,48781,49076,0.016479,0.044731,0.014294,0.030210,0.014508,0.048232,0.015468,0.036169,0.045721
str,48781,49076,48781,49076,0.016979,0.046590,0.014494,0.029047,0.014363,0.047949,0.015013,0.031541,0.039993
str,48781,49076,48781,49076,0.015531,0.048280,0.015617,0.029453,0.015280,0.049557,0.015218,0.030187,0.039141
str,48781,49076,48781,49076,0.014049,0.045066,0.014333,0.030414,0.014172,0.045926,0.014555,0.030070,0.038379
str,48781,49076,48781,49076,0.015459,0.043890,0.013989,0.029157,0.013858,0.045285,0.014708,0.028888,0.038255
str,48781,49076,48781,49076,0.013695,0.044601,0.015914,0.029228,0.013953,0.044388,0.013764,0.028838,0.040238
str,48781,49076,48781,49076,0.014231,0.045015,0.013821,0.031226,0.013930,0.047880,0.015897,0.032706,0.040290
str,48781,49076,48781,49076,0.015201,0.045954,0.014730,0.030630,0.014702,0.048560,0.014707,0.029101,0.040317
str,48781,49076,48781,49076,0.014264,0.044264,0.016680,0.029736,0.014765,0.046880,0.014061,0.030729,0.041495
str,48781,49076,48781,49076,0.014780,0.046152,0.015120,0.030354,0.014405,0.045367,0.014469,0.030076,0.038624
str,48781,49076,48781,49076,0.014840,0.045963,0.014339,0.030845,0.014582,0.047490,0.014992,0.030738,0.038251
str,48781,49076,48781,49076,0.013927,0.048740,0.014996,0.030203,0.016922,0.050306,0.015465,0.030228,0.038992
str,48781,49076,48781,49076,0.014670,0.045005,0.013825,0.028089,0.014493,0.049529,0.016500,0.029929,0.039017
str,48781,49076,48781,49076,0.014551,0.045647,0.015040,0.030708,0.014720,0.044926,0.013968,0.028865,0.037088
str,48781,49076,48781,49076,0.013665,0.044180,0.013743,0.028704,0.013994,0.044410,0.014183,0.029341,0.037348
str,48781,49076,48781,49076,0.013756,0.045026,0.015378,0.030412,0.016209,0.048306,0.015821,0.031757,0.040623
str,48781,49076,48781,49076,0.015346,0.044457,0.013996,0.029228,0.014806,0.046343,0.014311,0.030098,0.039799
str,48781,49076,48781,49076,0.015062,0.046155,0.015052,0.028605,0.014993,0.044919,0.013842,0.029311,0.037867
str,48781,49076,48781,49076,0.014554,0.043981,0.013709,0.028838,0.013774,0.047679,0.015495,0.029477,0.038827
str,48781,49076,48781,49076,0.015333,0.047126,0.015185,0.031544,0.014793,0.046709,0.014364,0.030607,0.038403
str,48781,49076,48781,49076,0.013850,0.045803,0.014441,0.030729,0.014480,0.046751,0.014497,0.030035,0.040428
str,48781,49076,48781,49076,0.014926,0.046525,0.014596,0.030145,0.013630,0.044653,0.014392,0.030323,0.039472
str,48781,49076,48781,49076,0.015150,0.046792,0.014979,0.031035,0.015528,0.052646,0.014928,0.030721,0.039381
str,48781,49076,48781,49076,0.014372,0.045775,0.015044,0.028818,0.014582,0.045082,0.013809,0.028215,0.038022
str,48781,49076,48781,49076,0.013954,0.043435,0.014260,0.030893,0.014459,0.045261,0.013673,0.028849,0.037596
str,48781,49076,48781,49076,0.013830,0.043742,0.013804,0.029218,0.014034,0.044229,0.013851,0.029281,0.037764
str,48781,49076,48781,49076,0.014214,0.043919,0.013772,0.028840,0.014471,0.047744,0.016092,0.034679,0.071307
str,48781,49076,48781,49076,0.016144,0.070795,0.023453,0.036429,0.016580,0.051120,0.015168,0.030376,0.039537
str,48781,49076,48781,49076,0.015556,0.068226,0.016683,0.035080,0.015743,0.050973,0.014300,0.029126,0.040650
str,48781,49076,48781,49076,0.016046,0.053716,0.016594,0.034999,0.021431,0.064164,0.014249,0.028248,0.046485
str,48781,49076,48781,49076,0.022809,0.051916,0.013807,0.030124,0.013855,0.044033,0.013655,0.028435,0.037177
str,48781,49076,48781,49076,0.013874,0.053724,0.017337,0.032672,0.015349,0.054392,0.017511,0.032661,0.041462
str,48781,49076,48781,49076,0.015044,0.048709,0.014593,0.052728,0.016480,0.046408,0.013599,0.030945,0.037153
str,48781,49076,48781,49076,0.013576,0.049723,0.013994,0.028649,0.013616,0.044143,0.015431,0.029277,0.037013
str,48781,49076,48781,49076,0.015265,0.046501,0.013545,0.027987,0.013590,0.044505,0.013811,0.028287,0.037071
str,48781,49076,48781,49076,0.013693,0.044254,0.013694,0.029337,0.014141,0.045087,0.013667,0.028166,0.036541
str,48781,49076,48781,49076,0.013492,0.042882,0.013547,0.027848,0.013520,0.043380,0.013344,0.028051,0.038120
str,48781,49076,48781,49076,0.014526,0.052577,0.018066,0.045540,0.016147,0.047223,0.014302,0.030616,0.040196
str,48781,49076,48781,49076,0.014526,0.044638,0.014823,0.029681,0.014542,0.060038,0.016318,0.034883,0.043697
str,48781,49076,48781,49076,0.016242,0.046113,0.014863,0.029926,0.015430,0.048225,0.015285,0.032834,0.044143
str,48781,49076,48781,49076,0.017051,0.052793,0.015579,0.031790,0.016604,0.050921,0.016486,0.030394,0.039920
str,48781,49076,48781,49076,0.015335,0.046113,0.015295,0.030384,0.013910,0.046398,0.014219,0.029486,0.037545
str,48781,49076,48781,49076,0.013880,0.044949,0.014424,0.029063,0.013895,0.046521,0.013878,0.030646,0.037295
str,48781,49076,48781,49076,0.013607,0.046608,0.013917,0.030348,0.015408,0.049385,0.014173,0.030454,0.040105
str,48781,49076,48781,49076,0.014726,0.047758,0.015251,0.029473,0.013902,0.044525,0.014168,0.029080,0.040170
str,48781,49076,48781,49076,0.015326,0.046111,0.014934,0.032424,0.016096,0.046290,0.013944,0.030025,0.039466
str,48781,49076,48781,49076,0.015122,0.043689,0.013591,0.028316,0.013748,0.045701,0.014753,0.033124,0.040714
str,48781,49076,48781,49076,0.015286,0.046045,0.015735,0.031650,0.014864,0.049090,0.015788,0.030928,0.037236
str,48781,49076,48781,49076,0.014447,0.044825,0.015532,0.029668,0.015056,0.045916,0.015167,0.030430,0.038270
str,48781,49076,48781,49076,0.014884,0.047021,0.015384,0.031937,0.015148,0.046504,0.015163,0.029558,0.037806
str,48781,49076,48781,49076,0.014873,0.045744,0.015360,0.030655,0.015147,0.046625,0.014839,0.029431,0.041357
str,48781,49076,48781,49076,0.015012,0.044341,0.014394,0.028764,0.013664,0.043982,0.015060,0.029140,0.038159
str,48781,49076,48781,49076,0.015702,0.044359,0.015366,0.029631,0.014751,0.046350,0.014392,0.029747,0.038600
str,48781,49076,48781,49076,0.013813,0.045376,0.014081,0.029835,0.014263,0.045786,0.013980,0.030536,0.039541
str,48781,49076,48781,49076,0.014362,0.046198,0.015694,0.030290,0.015118,0.045720,0.014399,0.032125,0.039906
str,48781,49076,48781,49076,0.015343,0.047846,0.015361,0.030435,0.014476,0.046063,0.015551,0.028613,0.038929
str,48781,49076,48781,49076,0.014736,0.043710,0.013900,0.029111,0.013811,0.043675,0.013733,0.035729,0.038417
str,48781,49076,48781,49076,0.013888,0.044177,0.014741,0.030200,0.014887,0.046922,0.014569,0.028703,0.039268
str,48781,49076,48781,49076,0.015187,0.045066,0.014339,0.029216,0.014493,0.045886,0.014185,0.031210,0.038285
str,48781,49076,48781,49076,0.013992,0.045525,0.013890,0.029527,0.014394,0.044987,0.013643,0.028547,0.036882
str,48781,49076,48781,49076,0.013696,0.043567,0.014583,0.028547,0.013618,0.049179,0.014784,0.033230,0.041357
str,48781,49076,48781,49076,0.014161,0.045352,0.013960,0.030005,0.014513,0.046074,0.014030,0.030094,0.038350
str,48781,49076,48781,49076,0.014121,0.043012,0.013707,0.032311,0.015400,0.046564,0.015820,0.030679,0.040289
str,48781,49076,48781,49076,0.015921,0.046439,0.013963,0.029171,0.014743,0.045073,0.013736,0.029022,0.037992
str,48781,49076,48781,49076,0.015787,0.046842,0.015478,0.028583,0.014543,0.044739,0.013787,0.028743,0.036711
str,48781,49076,48781,49076,0.013586,0.044742,0.014186,0.028350,0.013783,0.044026,0.013458,0.028436,0.037791
str,48781,49076,48781,49076,0.013693,0.045262,0.013900,0.030113,0.014162,0.046857,0.016061,0.030748,0.039659
str,48781,49076,48781,49076,0.014212,0.046476,0.013955,0.030237,0.014243,0.046603,0.013883,0.039598,0.040327
str,48781,49076,48781,49076,0.015347,0.045969,0.013854,0.031467,0.015865,0.047211,0.014820,0.030474,0.038975
str,48781,49076,48781,49076,0.015557,0.049893,0.014215,0.030484,0.015286,0.045152,0.013918,0.029020,0.037496
str,48781,49076,48781,49076,0.013998,0.044153,0.017566,0.030593,0.015174,0.047557,0.013892,0.029770,0.038484
str,48781,49076,48781,49076,0.014677,0.045140,0.014063,0.029054,0.015781,0.047260,0.014114,0.028919,0.037189
str,48781,49076,48781,49076,0.015580,0.046738,0.014981,0.028883,0.013851,0.045550,0.014229,0.031633,0.038466
str,48781,49076,48781,49076,0.014010,0.043274,0.013836,0.028145,0.013664,0.043982,0.013933,0.028186,0.036689
str,48781,49076,48781,49076,0.013656,0.043059,0.014058,0.028252,0.014450,0.049414,0.014689,0.030043,0.041663
str,48781,49076,48781,49076,0.014076,0.046048,0.013803,0.030214,0.013744,0.043913,0.013733,0.028443,0.036762
str,48781,49076,48781,49076,0.013466,0.043601,0.014789,0.029229,0.014426,0.045983,0.014847,0.030518,0.039373
str,48781,49076,48781,49076,0.015501,0.046911,0.014593,0.028646,0.013960,0.044599,0.014752,0.029584,0.038398
str,48781,49076,48781,49076,0.014056,0.043741,0.015497,0.029076,0.014261,0.052208,0.016211,0.030153,0.038614
str,48781,49076,48781,49076,0.014266,0.044260,0.013865,0.029296,0.014678,0.045210,0.013740,0.029168,0.037500
str,48781,49076,48781,49076,0.013704,0.049246,0.018369,0.030988,0.014588,0.044059,0.016686,0.029968,0.039451
str,48781,49076,48781,49076,0.014112,0.049144,0.014963,0.029360,0.014576,0.045507,0.013731,0.028780,0.036936
str,48781,49076,48781,49076,0.014676,0.044192,0.013953,0.029617,0.014891,0.045911,0.014719,0.028968,0.039050
str,48781,49076,48781,49076,0.014482,0.045461,0.016433,0.030209,0.015119,0.045944,0.014220,0.028407,0.040286
str,48781,49076,48781,49076,0.014244,0.045689,0.014206,0.029262,0.014545,0.046736,0.014028,0.028702,0.037270
str,48781,49076,48781,49076,0.013806,0.044734,0.014030,0.028384,0.013602,0.043957,0.013682,0.028700,0.037788
str,48781,49076,48781,49076,0.013893,0.043760,0.013756,0.028465,0.015595,0.047309,0.014798,0.030681,0.038553
str,48781,49076,48781,49076,0.013811,0.043911,0.013845,0.028295,0.013681,0.043839,0.013843,0.028089,0.037232
str,48781,49076,48781,49076,0.014345,0.048938,0.015830,0.032265,0.014703,0.054224,0.016872,0.033647,0.040467
str,48781,49076,48781,49076,0.015333,0.047973,0.014679,0.030501,0.014188,0.044411,0.013874,0.028211,0.039578
str,48781,49076,48781,49076,0.014647,0.046789,0.014150,0.031682,0.014394,0.047018,0.013783,0.029030,0.037550
str,48781,49076,48781,49076,0.014043,0.045390,0.014030,0.029539,0.013741,0.046447,0.013959,0.030038,0.038685
str,48781,49076,48781,49076,0.014848,0.047574,0.014111,0.030764,0.013725,0.044905,0.014069,0.029718,0.037899
weak,46250,46526,46250,46526,0.010227,0.058356,0.013836,0.028768,0.013134,0.059422,0.012811,0.028315,0.038607
weak,46250,46526,46250,46526,0.012980,0.059486,0.012847,0.027093,0.012687,0.057331,0.012525,0.027459,0.035687
weak,46250,46526,46250,46526,0.012437,0.057455,0.012446,0.028063,0.014031,0.060817,0.012694,0.029508,0.038762
weak,46250,46526,46250,46526,0.012671,0.058999,0.012847,0.028554,0.012893,0.058405,0.012601,0.032914,0.036318
weak,46250,46526,46250,46526,0.012731,0.058838,0.013873,0.030107,0.014303,0.063147,0.014285,0.031927,0.038448
weak,46250,46526,46250,46526,0.013286,0.061168,0.013989,0.029561,0.013654,0.060533,0.013940,0.028831,0.037440
weak,46250,46526,46250,46526,0.013015,0.059991,0.014324,0.029849,0.013491,0.059935,0.014676,0.029708,0.036559
weak,46250,46526,46250,46526,0.013064,0.066007,0.014252,0.029520,0.015629,0.062014,0.012794,0.029098,0.037359
weak,46250,46526,46250,46526,0.013074,0.061212,0.014182,0.029336,0.013366,0.060873,0.012614,0.028647,0.038672
weak,46250,46526,46250,46526,0.013407,0.059463,0.012941,0.027685,0.013441,0.060842,0.013657,0.029192,0.036332
weak,46250,46526,46250,46526,0.012899,0.058147,0.012832,0.028265,0.012627,0.059541,0.012916,0.031632,0.038760
weak,46250,46526,46250,46526,0.013225,0.059136,0.012631,0.027428,0.012602,0.057297,0.012826,0.027546,0.037976
weak,46250,46526,46250,46526,0.013449,0.058330,0.012881,0.028387,0.012881,0.059630,0.013129,0.027519,0.036321
weak,46250,46526,46250,46526,0.013199,0.058435,0.012607,0.027306,0.012570,0.058588,0.013199,0.029118,0.037024
weak,46250,46526,46250,46526,0.012851,0.059882,0.012708,0.029114,0.013004,0.060257,0.012742,0.029422,0.039817
weak,46250,46526,46250,46526,0.013358,0.058620,0.013163,0.029674,0.013274,0.060670,0.012855,0.028529,0.036226
weak,46250,46526,46250,46526,0.012851,0.060085,0.015019,0.029883,0.014724,0.063305,0.014005,0.029806,0.040743
weak,46250,46526,46250,46526,0.014280,0.064695,0.013866,0.028349,0.013516,0.058292,0.012879,0.027906,0.036127
weak,46250,46526,46250,46526,0.012599,0.057826,0.012812,0.027907,0.012818,0.059382,0.012906,0.028792,0.037549
weak,46250,46526,46250,46526,0.013629,0.060569,0.013488,0.028714,0.013421,0.063295,0.015386,0.032043,0.049596
weak,46250,46526,46250,46526,0.014741,0.070167,0.014075,0.029281,0.013412,0.059596,0.013369,0.029202,0.037013
weak,46250,46526,46250,46526,0.013398,0.062371,0.014256,0.029070,0.012495,0.058090,0.013598,0.029072,0.038063
weak,46250,46526,46250,46526,0.013425,0.062060,0.014187,0.031125,0.013715,0.060835,0.015151,0.031519,0.038910
weak,46250,46526,46250,46526,0.014035,0.060622,0.013497,0.029304,0.013639,0.059202,0.012984,0.028246,0.036715
weak,46250,46526,46250,46526,0.014000,0.060431,0.013350,0.028429,0.013038,0.059493,0.012698,0.028694,0.037116
weak,46250,46526,46250,46526,0.013025,0.062404,0.014471,0.030818,0.013720,0.069410,0.015382,0.031740,0.041100
weak,46250,46526,46250,46526,0.014368,0.066529,0.015930,0.038142,0.015737,0.065144,0.014578,0.028359,0.040001
weak,46250,46526,46250,46526,0.015690,0.064902,0.013250,0.028523,0.013214,0.059860,0.013300,0.028601,0.037542
weak,46250,46526,46250,46526,0.012997,0.059318,0.013138,0.027536,0.013034,0.057777,0.012839,0.027273,0.038134
weak,46250,46526,46250,46526,0.012626,0.057706,0.012788,0.028496,0.012916,0.059539,0.013856,0.028984,0.037232
weak,46250,46526,46250,46526,0.012635,0.059228,0.014766,0.027783,0.012564,0.060319,0.014290,0.029187,0.037873
weak,46250,46526,46250,46526,0.013145,0.058305,0.014097,0.029946,0.014070,0.062436,0.015803,0.035244,0.039122
weak,46250,46526,46250,46526,0.014544,0.068451,0.015107,0.031224,0.013198,0.058430,0.012793,0.028210,0.037791
weak,46250,46526,46250,46526,0.013030,0.060865,0.014081,0.029223,0.014965,0.060770,0.013443,0.029519,0.037204
weak,46250,46526,46250,46526,0.012837,0.058932,0.012923,0.028264,0.013213,0.058408,0.012857,0.028261,0.037904
weak,46250,46526,46250,46526,0.014068,0.063241,0.014020,0.029759,0.013841,0.061602,0.014328,0.030401,0.038817
weak,46250,46526,46250,46526,0.013537,0.061236,0.012859,0.028077,0.012799,0.060917,0.013418,0.029974,0.039060
weak,46250,46526,46250,46526,0.013897,0.061901,0.015176,0.030409,0.014109,0.063957,0.014590,0.030717,0.041043
weak,46250,46526,46250,46526,0.014677,0.059459,0.014029,0.028140,0.013912,0.061852,0.014015,0.029057,0.040635
weak,46250,46526,46250,46526,0.014773,0.063325,0.014108,0.028637,0.013555,0.060950,0.012834,0.027648,0.038773
weak,46250,46526,46250,46526,0.013750,0.063564,0.014033,0.030234,0.013918,0.062264,0.013773,0.031040,0.037356
weak,46250,46526,46250,46526,0.012986,0.059267,0.012990,0.029379,0.013472,0.058094,0.013240,0.028783,0.037698
weak,46250,46526,46250,46526,0.013699,0.058569,0.013448,0.028697,0.012941,0.057224,0.012434,0.027279,0.036307
weak,46250,46526,46250,46526,0.013200,0.061378,0.013940,0.031391,0.015996,0.065827,0.014768,0.031272,0.043331
weak,46250,46526,46250,46526,0.014197,0.069256,0.015447,0.030815,0.014384,0.064891,0.014152,0.029721,0.037946
weak,46250,46526,46250,46526,0.013936,0.059812,0.012840,0.027442,0.012568,0.059279,0.013317,0.027526,0.035870
weak,46250,46526,46250,46526,0.012534,0.058397,0.012932,0.027167,0.012566,0.057616,0.012757,0.027808,0.036315
weak,46250,46526,46250,46526,0.012726,0.062637,0.014749,0.031149,0.014603,0.063967,0.013831,0.031762,0.039883
weak,46250,46526,46250,46526,0.013947,0.061255,0.012852,0.029637,0.014388,0.062167,0.014701,0.029658,0.040642
weak,46250,46526,46250,46526,0.013514,0.058086,0.013054,0.028307,0.013613,0.063997,0.015015,0.029180,0.039542
weak,46250,46526,46250,46526,0.014103,0.061080,0.012888,0.027889,0.012763,0.058283,0.012813,0.027479,0.036774
weak,46250,46526,46250,46526,0.013546,0.071226,0.015779,0.031539,0.013688,0.060529,0.014918,0.031914,0.041237
weak,46250,46526,46250,46526,0.013868,0.061851,0.013494,0.028579,0.012857,0.059502,0.012789,0.027997,0.036485
weak,46250,46526,46250,46526,0.012749,0.058913,0.013621,0.028753,0.013509,0.060803,0.013359,0.027795,0.036319
weak,46250,46526,46250,46526,0.012657,0.058011,0.012589,0.027288,0.012746,0.058201,0.012891,0.027568,0.037652
weak,46250,46526,46250,46526,0.013947,0.065712,0.013805,0.033009,0.014612,0.061832,0.013445,0.030447,0.039495
weak,46250,46526,46250,46526,0.015835,0.090666,0.017393,0.044529,0.013845,0.060492,0.013870,0.030227,0.037607
weak,46250,46526,46250,46526,0.013767,0.064969,0.014805,0.029904,0.013542,0.061553,0.013785,0.027754,0.035975
weak,46250,46526,46250,46526,0.012571,0.060937,0.013069,0.028824,0.013157,0.058367,0.012698,0.028201,0.037539
weak,46250,46526,46250,46526,0.013614,0.060847,0.013844,0.030110,0.015036,0.062387,0.014759,0.031363,0.040127
weak,46250,46526,46250,46526,0.012868,0.059610,0.015965,0.030866,0.013050,0.058292,0.013460,0.029309,0.040494
weak,46250,46526,46250,46526,0.014101,0.058284,0.012745,0.028804,0.013029,0.058336,0.013046,0.029017,0.040509
weak,46250,46526,46250,46526,0.012698,0.059226,0.013253,0.028407,0.012891,0.059796,0.012835,0.029484,0.039406
weak,46250,46526,46250,46526,0.013911,0.064464,0.013504,0.028402,0.013615,0.058715,0.012716,0.029343,0.039652
weak,46250,46526,46250,46526,0.014685,0.061426,0.013946,0.033073,0.014262,0.063084,0.013919,0.029408,0.038336
weak,46250,46526,46250,46526,0.013325,0.070868,0.016705,0.032091,0.015556,0.059595,0.013305,0.029311,0.036188
weak,46250,46526,46250,46526,0.012760,0.057737,0.012977,0.027961,0.014357,0.063497,0.013633,0.028809,0.039503
weak,46250,46526,46250,46526,0.013737,0.058334,0.012941,0.030687,0.013301,0.061088,0.013767,0.028239,0.036075
weak,46250,46526,46250,46526,0.013015,0.057863,0.013300,0.028354,0.013020,0.061850,0.013080,0.027676,0.039580
weak,46250,46526,46250,46526,0.014035,0.062761,0.013451,0.028878,0.013482,0.066349,0.012841,0.027996,0.036676
weak,46250,46526,46250,46526,0.012621,0.060473,0.014248,0.030448,0.013562,0.060919,0.013905,0.027844,0.036407
weak,46250,46526,46250,46526,0.012831,0.057872,0.012880,0.027415,0.012649,0.057543,0.012678,0.027549,0.035754
weak,46250,46526,46250,46526,0.012497,0.057332,0.012778,0.027291,0.012506,0.063143,0.015057,0.031822,0.038704
weak,46250,46526,46250,46526,0.012926,0.060325,0.013013,0.027288,0.012571,0.057673,0.012499,0.027422,0.036190
weak,46250,46526,46250,46526,0.012675,0.057917,0.012582,0.027286,0.012660,0.059542,0.014908,0.030354,0.039027
weak,46250,46526,46250,46526,0.013887,0.064070,0.013091,0.028005,0.012694,0.057839,0.012690,0.028213,0.036397
weak,46250,46526,46250,46526,0.012857,0.063402,0.013469,0.029179,0.015027,0.061192,0.013681,0.029571,0.042178
weak,46250,46526,46250,46526,0.014469,0.062033,0.014648,0.030749,0.014629,0.062573,0.014508,0.029840,0.038399
weak,46250,46526,46250,46526,0.013468,0.060644,0.014131,0.029774,0.013342,0.062200,0.014541,0.030174,0.038427
weak,46250,46526,46250,46526,0.015645,0.062862,0.015023,0.029180,0.013457,0.061254,0.014154,0.029790,0.040214
weak,46250,46526,46250,46526,0.013416,0.062519,0.014099,0.030018,0.013507,0.064147,0.014057,0.029784,0.041422
weak,46250,46526,46250,46526,0.014529,0.062252,0.017402,0.031170,0.014282,0.065926,0.014983,0.029039,0.039935
weak,46250,46526,46250,46526,0.014306,0.061201,0.013739,0.028484,0.014128,0.063378,0.014715,0.031726,0.039923
weak,46250,46526,46250,46526,0.014298,0.062672,0.014034,0.032351,0.014243,0.060972,0.013351,0.031956,0.038627
weak,46250,46526,46250,46526,0.012765,0.059537,0.013692,0.029901,0.013079,0.060546,0.014557,0.031969,0.039933
weak,46250,46526,46250,46526,0.013778,0.061508,0.014236,0.031090,0.013439,0.057838,0.013232,0.027780,0.038221
weak,46250,46526,46250,46526,0.013959,0.060582,0.013762,0.029067,0.013380,0.059530,0.013476,0.029629,0.038366
weak,46250,46526,46250,46526,0.013864,0.059098,0.013202,0.027144,0.012410,0.057301,0.013168,0.028390,0.036363
weak,46250,46526,46250,46526,0.012508,0.058558,0.012780,0.027585,0.012545,0.057775,0.012566,0.027670,0.036504
weak,46250,46526,46250,46526,0.012810,0.064951,0.013540,0.029938,0.015013,0.064558,0.015911,0.032283,0.040419
weak,46250,46526,46250,46526,0.014487,0.063693,0.014909,0.032559,0.015039,0.066008,0.014570,0.028989,0.037760
weak,46250,46526,46250,46526,0.013781,0.059624,0.013005,0.027367,0.012651,0.058002,0.012616,0.028582,0.036771
weak,46250,46526,46250,46526,0.013237,0.060653,0.015077,0.036840,0.014116,0.080367,0.012936,0.029370,0.036479
weak,46250,46526,46250,46526,0.012570,0.059049,0.013015,0.028190,0.012655,0.057487,0.012867,0.027545,0.036835
weak,46250,46526,46250,46526,0.012978,0.059617,0.012837,0.028193,0.012708,0.060009,0.012952,0.028463,0.037774
weak,46250,46526,46250,46526,0.012760,0.068674,0.015340,0.030481,0.013451,0.062854,0.014902,0.030133,0.041388
weak,46250,46526,46250,46526,0.012935,0.059145,0.014675,0.030551,0.014647,0.066371,0.013616,0.029344,0.040044
weak,46250,46526,46250,46526,0.015029,0.062293,0.015330,0.030748,0.013242,0.062315,0.014044,0.029947,0.039104
weak,46250,46526,46250,46526,0.013290,0.060453,0.013922,0.029082,0.013520,0.061300,0.014628,0.029801,0.037138
weak,46250,46526,46250,46526,0.013087,0.058738,0.013622,0.029298,0.013739,0.060857,0.014109,0.029918,0.036170
