type,capacity,n,t_v1,t_v2,s_v1,s_v2,t_size_v1_div,t_size_v2_cut,s_sizev1_div,s_size_v2_cut,time_v1,time_v2,time_v1_div,time_v2_cut,time_original_prealloc,time_ks2_v1_1,time_ks2_v2_1,time_ks2_v1_1_div,time_ks2_v2_1_cut,res_original_alloc,resOpt_v1_1,resOpt_v2_1,resOpt_v1_1_div,resOpt_v2_1_cut
uncorr,5000,100,5001,5001,4211,4405,5001,5001,4970,2958,0.099687,0.070618,0.010602,0.073051,0.006007,0.006094,0.004752,0.006021,0.002266,21439.686893,21439.686893,21439.686893,62645.751263,18896.000851
uncorr,5000,100,5001,5001,4211,4405,5001,5001,4970,2958,0.099687,0.070618,0.010602,0.073051,0.003732,0.004734,0.003219,0.005376,0.002436,15695.424444,15695.424444,15695.424444,58549.262313,12463.109287
uncorr,5000,100,5001,5001,4211,4405,5001,5001,4970,2958,0.099687,0.070618,0.010602,0.073051,0.003607,0.004951,0.002872,0.004163,0.002138,18711.705676,18711.705676,18711.705676,67174.358567,15437.566280
uncorr,5000,100,5001,5001,4211,4405,5001,5001,4970,2958,0.099687,0.070618,0.010602,0.073051,0.003395,0.004700,0.002863,0.006593,0.002590,16691.788024,16691.788024,16691.788024,60227.711663,15045.167380
uncorr,5000,100,5001,5001,4211,4405,5001,5001,4970,2958,0.099687,0.070618,0.010602,0.073051,0.005100,0.007032,0.003197,0.004209,0.002163,16996.852317,16996.852317,16996.852317,62598.171055,13156.746804
uncorr,5000,100,5001,5001,4211,4405,5001,5001,4970,2958,0.099687,0.070618,0.010602,0.073051,0.003350,0.004735,0.003211,0.004547,0.002694,22469.129116,22469.129116,22469.129116,76377.669383,16864.999062
uncorr,5000,100,5001,5001,4211,4405,5001,5001,4970,2958,0.099687,0.070618,0.010602,0.073051,0.004011,0.005449,0.003396,0.005018,0.003128,17877.837939,17877.837939,17877.837939,69677.482287,15003.350159
uncorr,5000,100,5001,5001,4211,4405,5001,5001,4970,2958,0.099687,0.070618,0.010602,0.073051,0.003251,0.006851,0.004654,0.006422,0.002645,16284.008295,16284.008295,16284.008295,64769.959605,15288.775852
uncorr,5000,100,5001,5001,4211,4405,5001,5001,4970,2958,0.099687,0.070618,0.010602,0.073051,0.004352,0.008773,0.005441,0.007715,0.003804,15643.819878,15643.819878,15643.819878,61986.366406,12719.667100
uncorr,5000,100,5001,5001,4211,4405,5001,5001,4970,2958,0.099687,0.070618,0.010602,0.073051,0.004459,0.006365,0.005343,0.005705,0.002373,17791.508758,17791.508758,17791.508758,59146.066658,15419.063378
uncorr,5000,100,5001,5001,4211,4405,5001,5001,4970,2958,0.099687,0.070618,0.010602,0.073051,0.003246,0.004816,0.002790,0.007236,0.003841,23684.281349,23684.281349,23684.281349,79100.485215,18659.031780
uncorr,5000,100,5001,5001,4211,4405,5001,5001,4970,2958,0.099687,0.070618,0.010602,0.073051,0.005087,0.004739,0.002888,0.004105,0.003162,11656.444317,11656.444317,11656.444317,57480.521565,9191.392602
uncorr,5000,100,5001,5001,4211,4405,5001,5001,4970,2958,0.099687,0.070618,0.010602,0.073051,0.004865,0.008065,0.004837,0.005655,0.002095,22898.504421,22898.504421,22898.504421,66334.234431,18820.220630
uncorr,5000,100,5001,5001,4211,4405,5001,5001,4970,2958,0.099687,0.070618,0.010602,0.073051,0.004675,0.005167,0.003596,0.005879,0.002599,18492.550090,18492.550090,18492.550090,61049.211742,16541.450221
uncorr,5000,100,5001,5001,4211,4405,5001,5001,4970,2958,0.099687,0.070618,0.010602,0.073051,0.005088,0.008221,0.006499,0.008394,0.003564,19703.613916,19703.613916,19703.613916,68984.828403,17261.413031
uncorr,5000,100,5001,5001,4211,4405,5001,5001,4970,2958,0.099687,0.070618,0.010602,0.073051,0.004030,0.004881,0.002848,0.004084,0.002060,18561.487436,18561.487436,18561.487436,71304.177937,17445.070892
uncorr,5000,100,5001,5001,4211,4405,5001,5001,4970,2958,0.099687,0.070618,0.010602,0.073051,0.003203,0.004715,0.002817,0.004351,0.002134,22105.650046,22105.650046,22105.650046,72216.142782,17266.219921
uncorr,5000,100,5001,5001,4211,4405,5001,5001,4970,2958,0.099687,0.070618,0.010602,0.073051,0.004246,0.004704,0.002893,0.004330,0.002253,21082.691739,21082.691739,21082.691739,66852.486586,16720.920621
uncorr,5000,100,5001,5001,4211,4405,5001,5001,4970,2958,0.099687,0.070618,0.010602,0.073051,0.003448,0.006116,0.003560,0.004432,0.002252,15044.746647,15044.746647,15044.746647,60348.100066,11765.252187
uncorr,5000,100,5001,5001,4211,4405,5001,5001,4970,2958,0.099687,0.070618,0.010602,0.073051,0.003244,0.004719,0.002845,0.004398,0.002069,20271.822355,20271.822355,20271.822355,64267.776019,15020.708147
uncorr,5000,100,5001,5001,4211,4405,5001,5001,4970,2958,0.099687,0.070618,0.010602,0.073051,0.003405,0.004819,0.002904,0.004071,0.002078,26670.760706,26670.760706,26670.760706,80503.495241,21892.730174
uncorr,5000,100,5001,5001,4211,4405,5001,5001,4970,2958,0.099687,0.070618,0.010602,0.073051,0.004715,0.004824,0.002823,0.004577,0.002814,24849.373547,24849.373547,24849.373547,76924.110878,20315.461061
uncorr,5000,100,5001,5001,4211,4405,5001,5001,4970,2958,0.099687,0.070618,0.010602,0.073051,0.005890,0.007697,0.004250,0.004261,0.002668,22033.703481,22033.703481,22033.703481,71521.889632,17517.060229
uncorr,5000,100,5001,5001,4211,4405,5001,5001,4970,2958,0.099687,0.070618,0.010602,0.073051,0.003883,0.004826,0.002816,0.004089,0.002057,27104.538047,27104.538047,27104.538047,71440.921914,24072.498366
uncorr,5000,100,5001,5001,4211,4405,5001,5001,4970,2958,0.099687,0.070618,0.010602,0.073051,0.003215,0.004667,0.003080,0.004035,0.002079,22763.799790,22763.799790,22763.799790,60796.020730,18452.678893
uncorr,5000,100,5001,5001,4211,4405,5001,5001,4970,2958,0.099687,0.070618,0.010602,0.073051,0.003256,0.007281,0.002811,0.007083,0.002137,21150.660134,21150.660134,21150.660134,69047.840949,18296.244129
uncorr,5000,100,5001,5001,4211,4405,5001,5001,4970,2958,0.099687,0.070618,0.010602,0.073051,0.003210,0.004711,0.003605,0.004343,0.002122,16906.959964,16906.959964,16906.959964,57746.236785,14216.708526
uncorr,5000,100,5001,5001,4211,4405,5001,5001,4970,2958,0.099687,0.070618,0.010602,0.073051,0.007448,0.004842,0.002831,0.004433,0.002037,22563.103448,22563.103448,22563.103448,76320.999929,17486.165211
uncorr,5000,100,5001,5001,4211,4405,5001,5001,4970,2958,0.099687,0.070618,0.010602,0.073051,0.007059,0.004921,0.006745,0.007793,0.004276,14986.048673,14986.048673,14986.048673,55553.244027,12056.749480
uncorr,5000,100,5001,5001,4211,4405,5001,5001,4970,2958,0.099687,0.070618,0.010602,0.073051,0.006887,0.007172,0.005409,0.008028,0.002145,19163.276021,19163.276021,19163.276021,70318.602122,16981.327069
uncorr,5000,100,5001,5001,4211,4405,5001,5001,4970,2958,0.099687,0.070618,0.010602,0.073051,0.003239,0.005821,0.002883,0.004247,0.002322,17275.701840,17275.701840,17275.701840,53301.124214,15883.171930
uncorr,5000,100,5001,5001,4211,4405,5001,5001,4970,2958,0.099687,0.070618,0.010602,0.073051,0.005621,0.007488,0.003882,0.005250,0.002099,14884.032335,14884.032335,14884.032335,61609.573402,13250.626727
uncorr,5000,100,5001,5001,4211,4405,5001,5001,4970,2958,0.099687,0.070618,0.010602,0.073051,0.003398,0.004884,0.002876,0.004188,0.002078,15526.199291,15526.199291,15526.199291,57833.494994,11392.686046
uncorr,5000,100,5001,5001,4211,4405,5001,5001,4970,2958,0.099687,0.070618,0.010602,0.073051,0.003255,0.006329,0.007939,0.005287,0.002075,17540.801616,17540.801616,17540.801616,57287.292582,14956.234107
uncorr,5000,100,5001,5001,4211,4405,5001,5001,4970,2958,0.099687,0.070618,0.010602,0.073051,0.003430,0.007869,0.003669,0.004882,0.004553,22287.814109,22287.814109,22287.814109,68156.014701,18199.278241
uncorr,5000,100,5001,5001,4211,4405,5001,5001,4970,2958,0.099687,0.070618,0.010602,0.073051,0.004229,0.005279,0.004711,0.005911,0.003731,14063.926016,14063.926016,14063.926016,51167.569929,12258.913344
uncorr,5000,100,5001,5001,4211,4405,5001,5001,4970,2958,0.099687,0.070618,0.010602,0.073051,0.003806,0.004730,0.004269,0.004179,0.002910,19937.950913,19937.950913,19937.950913,61128.673587,17562.621407
uncorr,5000,100,5001,5001,4211,4405,5001,5001,4970,2958,0.099687,0.070618,0.010602,0.073051,0.006018,0.011623,0.003730,0.008734,0.002093,18481.754559,18481.754559,18481.754559,61884.446518,14203.561080
uncorr,5000,100,5001,5001,4211,4405,5001,5001,4970,2958,0.099687,0.070618,0.010602,0.073051,0.003640,0.006103,0.002894,0.004190,0.005927,15876.651057,15876.651057,15876.651057,62433.166497,12641.807028
uncorr,5000,100,5001,5001,4211,4405,5001,5001,4970,2958,0.099687,0.070618,0.010602,0.073051,0.003856,0.006721,0.003939,0.009746,0.002950,16380.150007,16380.150007,16380.150007,68440.244510,13806.235621
uncorr,5000,100,5001,5001,4211,4405,5001,5001,4970,2958,0.099687,0.070618,0.010602,0.073051,0.005703,0.005680,0.004603,0.008620,0.004029,25220.281488,25220.281488,25220.281488,83456.443552,20115.622392
uncorr,5000,100,5001,5001,4211,4405,5001,5001,4970,2958,0.099687,0.070618,0.010602,0.073051,0.007096,0.012369,0.005677,0.006786,0.007419,24433.563792,23801.434768,24433.563792,76475.992894,18901.284310
uncorr,5000,100,5001,5001,4211,4405,5001,5001,4970,2958,0.099687,0.070618,0.010602,0.073051,0.007150,0.008604,0.007339,0.008956,0.004085,16061.357186,16061.357186,16061.357186,61904.213040,14046.106491
uncorr,5000,100,5001,5001,4211,4405,5001,5001,4970,2958,0.099687,0.070618,0.010602,0.073051,0.004122,0.006351,0.003930,0.006069,0.003168,23214.600549,23078.531079,23214.600549,74375.068133,20010.062113
uncorr,5000,100,5001,5001,4211,4405,5001,5001,4970,2958,0.099687,0.070618,0.010602,0.073051,0.004704,0.009126,0.007450,0.005645,0.002727,21304.585308,21304.585308,21304.585308,67237.911791,18849.444264
uncorr,5000,100,5001,5001,4211,4405,5001,5001,4970,2958,0.099687,0.070618,0.010602,0.073051,0.007197,0.009678,0.004415,0.009704,0.004750,16377.893802,16377.893802,16377.893802,62414.318883,14105.916600
uncorr,5000,100,5001,5001,4211,4405,5001,5001,4970,2958,0.099687,0.070618,0.010602,0.073051,0.004782,0.007626,0.004811,0.010683,0.003217,18328.832198,18328.832198,18328.832198,62392.430211,14827.138419
uncorr,5000,100,5001,5001,4211,4405,5001,5001,4970,2958,0.099687,0.070618,0.010602,0.073051,0.005737,0.007272,0.005103,0.006092,0.002960,23294.049810,23294.049810,23294.049810,73388.388903,18663.297921
uncorr,5000,100,5001,5001,4211,4405,5001,5001,4970,2958,0.099687,0.070618,0.010602,0.073051,0.005186,0.009035,0.004818,0.005787,0.004610,23475.707795,23475.707795,23475.707795,75040.441932,20604.173838
uncorr,5000,100,5001,5001,4211,4405,5001,5001,4970,2958,0.099687,0.070618,0.010602,0.073051,0.005869,0.006657,0.003928,0.005255,0.003537,13176.149449,13176.149449,13176.149449,57017.641213,10263.585016
uncorr,5000,100,5001,5001,4211,4405,5001,5001,4970,2958,0.099687,0.070618,0.010602,0.073051,0.004183,0.007331,0.003571,0.005191,0.002590,17804.234643,17804.234643,17804.234643,58124.318850,15176.666838
uncorr,5000,100,5001,5001,4211,4405,5001,5001,4970,2958,0.099687,0.070618,0.010602,0.073051,0.004420,0.007516,0.003596,0.005206,0.004636,17356.724015,17356.724015,17356.724015,57088.295809,13587.676242
uncorr,5000,100,5001,5001,4211,4405,5001,5001,4970,2958,0.099687,0.070618,0.010602,0.073051,0.004956,0.006342,0.003538,0.005282,0.002643,19802.345328,19802.345328,19802.345328,68660.926780,16475.025709
uncorr,5000,100,5001,5001,4211,4405,5001,5001,4970,2958,0.099687,0.070618,0.010602,0.073051,0.003697,0.006000,0.003255,0.006126,0.002954,17379.578596,17379.578596,17379.578596,63504.495698,13808.218540
uncorr,5000,100,5001,5001,4211,4405,5001,5001,4970,2958,0.099687,0.070618,0.010602,0.073051,0.003589,0.005297,0.003501,0.004520,0.003970,18518.955586,18518.955586,18518.955586,66503.563095,16429.152923
uncorr,5000,100,5001,5001,4211,4405,5001,5001,4970,2958,0.099687,0.070618,0.010602,0.073051,0.004330,0.006423,0.003582,0.004728,0.002134,22746.089035,22746.089035,22746.089035,75096.461082,19736.173528
uncorr,5000,100,5001,5001,4211,4405,5001,5001,4970,2958,0.099687,0.070618,0.010602,0.073051,0.004544,0.005246,0.003102,0.004180,0.002208,17221.311373,17221.311373,17221.311373,58861.853621,16615.779244
uncorr,5000,100,5001,5001,4211,4405,5001,5001,4970,2958,0.099687,0.070618,0.010602,0.073051,0.003221,0.007482,0.003535,0.004615,0.002139,25683.771266,25683.771266,25683.771266,73454.819405,22202.577229
uncorr,5000,100,5001,5001,4211,4405,5001,5001,4970,2958,0.099687,0.070618,0.010602,0.073051,0.003235,0.004820,0.002821,0.004492,0.002554,19846.096999,19846.096999,19846.096999,79633.791817,19371.779037
uncorr,5000,100,5001,5001,4211,4405,5001,5001,4970,2958,0.099687,0.070618,0.010602,0.073051,0.006437,0.005126,0.003412,0.004262,0.002062,18911.630140,18911.630140,18911.630140,66587.500101,15727.301009
uncorr,5000,100,5001,5001,4211,4405,5001,5001,4970,2958,0.099687,0.070618,0.010602,0.073051,0.003386,0.005781,0.002908,0.004170,0.002115,29890.338648,29890.338648,29890.338648,79896.232020,26491.686887
uncorr,5000,100,5001,5001,4211,4405,5001,5001,4970,2958,0.099687,0.070618,0.010602,0.073051,0.003209,0.006836,0.003113,0.004241,0.002080,19414.688723,19414.688723,19414.688723,69265.631839,16681.569766
uncorr,5000,100,5001,5001,4211,4405,5001,5001,4970,2958,0.099687,0.070618,0.010602,0.073051,0.003937,0.005209,0.003175,0.004851,0.002485,24101.116139,24101.116139,24101.116139,75085.938893,20670.650012
uncorr,5000,100,5001,5001,4211,4405,5001,5001,4970,2958,0.099687,0.070618,0.010602,0.073051,0.005068,0.007839,0.002957,0.004332,0.002174,19484.113292,19484.113292,19484.113292,56312.174627,15868.388372
uncorr,5000,100,5001,5001,4211,4405,5001,5001,4970,2958,0.099687,0.070618,0.010602,0.073051,0.003416,0.004941,0.003931,0.004213,0.002159,22634.015605,22634.015605,22634.015605,66334.698373,18874.199072
uncorr,5000,100,5001,5001,4211,4405,5001,5001,4970,2958,0.099687,0.070618,0.010602,0.073051,0.004197,0.005539,0.002968,0.008353,0.002129,24230.584156,24230.584156,24230.584156,73202.838681,20766.128014
uncorr,5000,100,5001,5001,4211,4405,5001,5001,4970,2958,0.099687,0.070618,0.010602,0.073051,0.003458,0.005205,0.002930,0.004755,0.002501,17365.325175,17365.325175,17365.325175,65431.804944,15557.917837
uncorr,5000,100,5001,5001,4211,4405,5001,5001,4970,2958,0.099687,0.070618,0.010602,0.073051,0.003237,0.004831,0.002810,0.004274,0.002048,18196.413281,18196.413281,18196.413281,64961.105924,14615.660101
uncorr,5000,100,5001,5001,4211,4405,5001,5001,4970,2958,0.099687,0.070618,0.010602,0.073051,0.004679,0.004926,0.002813,0.004313,0.002016,23347.224877,23347.224877,23347.224877,76284.148469,21896.659961
uncorr,5000,100,5001,5001,4211,4405,5001,5001,4970,2958,0.099687,0.070618,0.010602,0.073051,0.003320,0.004652,0.003562,0.004580,0.002066,15292.084776,15292.084776,15292.084776,52396.276236,11895.137674
uncorr,5000,100,5001,5001,4211,4405,5001,5001,4970,2958,0.099687,0.070618,0.010602,0.073051,0.003234,0.005332,0.002809,0.005505,0.002045,16440.292262,16440.292262,16440.292262,65033.169218,13471.536531
uncorr,5000,100,5001,5001,4211,4405,5001,5001,4970,2958,0.099687,0.070618,0.010602,0.073051,0.003522,0.005341,0.002817,0.004434,0.002048,20945.483750,20945.483750,20945.483750,66029.909867,17468.596714
uncorr,5000,100,5001,5001,4211,4405,5001,5001,4970,2958,0.099687,0.070618,0.010602,0.073051,0.004904,0.004925,0.002832,0.004260,0.002038,29197.312579,29197.312579,29197.312579,73325.225557,24683.386233
uncorr,5000,100,5001,5001,4211,4405,5001,5001,4970,2958,0.099687,0.070618,0.010602,0.073051,0.004300,0.008938,0.003412,0.008056,0.002447,20030.375060,20030.375060,20030.375060,61819.063696,16792.078911
uncorr,5000,100,5001,5001,4211,4405,5001,5001,4970,2958,0.099687,0.070618,0.010602,0.073051,0.004830,0.005771,0.002838,0.008267,0.002173,17460.637770,17460.637770,17460.637770,62059.153315,14567.049271
uncorr,5000,100,5001,5001,4211,4405,5001,5001,4970,2958,0.099687,0.070618,0.010602,0.073051,0.003582,0.010022,0.003000,0.005232,0.002078,17639.653555,17639.653555,17639.653555,69603.389297,15668.993783
uncorr,5000,100,5001,5001,4211,4405,5001,5001,4970,2958,0.099687,0.070618,0.010602,0.073051,0.003778,0.005252,0.002876,0.004081,0.003017,21666.269474,21666.269474,21666.269474,65731.459693,20120.659979
uncorr,5000,100,5001,5001,4211,4405,5001,5001,4970,2958,0.099687,0.070618,0.010602,0.073051,0.005234,0.006768,0.005918,0.004102,0.004401,23751.417091,23751.417091,23751.417091,76564.481530,18563.738553
uncorr,5000,100,5001,5001,4211,4405,5001,5001,4970,2958,0.099687,0.070618,0.010602,0.073051,0.003375,0.005415,0.006107,0.004798,0.003053,16970.460221,16970.460221,16970.460221,63202.032435,12517.670493
uncorr,5000,100,5001,5001,4211,4405,5001,5001,4970,2958,0.099687,0.070618,0.010602,0.073051,0.004464,0.006383,0.004106,0.007968,0.002670,16784.025695,16784.025695,16784.025695,63917.780596,14372.301626
uncorr,5000,100,5001,5001,4211,4405,5001,5001,4970,2958,0.099687,0.070618,0.010602,0.073051,0.003397,0.008787,0.004084,0.004222,0.002113,21845.316153,21845.316153,21845.316153,64194.696922,18994.581129
uncorr,5000,100,5001,5001,4211,4405,5001,5001,4970,2958,0.099687,0.070618,0.010602,0.073051,0.004161,0.005025,0.003045,0.005231,0.002232,24595.860801,24595.860801,24595.860801,67588.645184,20106.801111
uncorr,5000,100,5001,5001,4211,4405,5001,5001,4970,2958,0.099687,0.070618,0.010602,0.073051,0.003430,0.006374,0.005042,0.006426,0.006543,23181.875505,23181.875505,23181.875505,66892.999365,19077.886562
uncorr,5000,100,5001,5001,4211,4405,5001,5001,4970,2958,0.099687,0.070618,0.010602,0.073051,0.004484,0.005730,0.002985,0.005939,0.002916,24004.735749,24004.735749,24004.735749,73880.284862,20870.479727
uncorr,5000,100,5001,5001,4211,4405,5001,5001,4970,2958,0.099687,0.070618,0.010602,0.073051,0.004147,0.005887,0.003154,0.004818,0.002250,20746.686132,20746.686132,20746.686132,64231.241210,17653.237189
uncorr,5000,100,5001,5001,4211,4405,5001,5001,4970,2958,0.099687,0.070618,0.010602,0.073051,0.003296,0.006042,0.005072,0.008542,0.004978,17179.190352,17179.190352,17179.190352,65387.761652,15105.033478
uncorr,5000,100,5001,5001,4211,4405,5001,5001,4970,2958,0.099687,0.070618,0.010602,0.073051,0.004521,0.008988,0.004765,0.004887,0.002030,21607.460775,21607.460775,21607.460775,61761.315160,18297.652664
uncorr,5000,100,5001,5001,4211,4405,5001,5001,4970,2958,0.099687,0.070618,0.010602,0.073051,0.003260,0.005102,0.003161,0.004742,0.002321,26766.886843,26766.886843,26766.886843,81165.454098,24093.761909
uncorr,5000,100,5001,5001,4211,4405,5001,5001,4970,2958,0.099687,0.070618,0.010602,0.073051,0.003434,0.004788,0.003526,0.006013,0.002132,14093.387830,14093.387830,14093.387830,57217.395424,11765.558984
uncorr,5000,100,5001,5001,4211,4405,5001,5001,4970,2958,0.099687,0.070618,0.010602,0.073051,0.003603,0.006812,0.003324,0.006051,0.003012,22228.202115,22228.202115,22228.202115,80937.289558,20181.243869
uncorr,5000,100,5001,5001,4211,4405,5001,5001,4970,2958,0.099687,0.070618,0.010602,0.073051,0.003721,0.005476,0.003073,0.004404,0.002981,20817.020751,20817.020751,20817.020751,64959.268180,17545.608409
uncorr,5000,100,5001,5001,4211,4405,5001,5001,4970,2958,0.099687,0.070618,0.010602,0.073051,0.003686,0.005013,0.003289,0.004303,0.002094,19968.897183,19968.897183,19968.897183,60649.576605,18275.805870
uncorr,5000,100,5001,5001,4211,4405,5001,5001,4970,2958,0.099687,0.070618,0.010602,0.073051,0.003968,0.004963,0.003090,0.006109,0.002117,17716.294487,17716.294487,17716.294487,60296.648833,13565.246404
uncorr,5000,100,5001,5001,4211,4405,5001,5001,4970,2958,0.099687,0.070618,0.010602,0.073051,0.003262,0.012504,0.008061,0.004548,0.002090,17724.608288,17724.608288,17724.608288,61957.374857,15489.851585
uncorr,5000,100,5001,5001,4211,4405,5001,5001,4970,2958,0.099687,0.070618,0.010602,0.073051,0.006309,0.004758,0.003116,0.005131,0.002216,14582.666889,14582.666889,14582.666889,51806.308610,12321.669269
uncorr,5000,100,5001,5001,4211,4405,5001,5001,4970,2958,0.099687,0.070618,0.010602,0.073051,0.004351,0.005136,0.002855,0.004213,0.002059,26020.994511,26020.994511,26020.994511,79929.259247,22086.030203
uncorr,5000,100,5001,5001,4211,4405,5001,5001,4970,2958,0.099687,0.070618,0.010602,0.073051,0.003547,0.004728,0.003701,0.004496,0.002069,18587.069173,18587.069173,18587.069173,68844.624142,15521.669034
uncorr,5000,100,5001,5001,4211,4405,5001,5001,4970,2958,0.099687,0.070618,0.010602,0.073051,0.005629,0.004823,0.002999,0.006918,0.002108,19760.883497,19760.883497,19760.883497,64423.607742,18679.485845
uncorr,5000,100,5001,5001,4211,4405,5001,5001,4970,2958,0.099687,0.070618,0.010602,0.073051,0.003333,0.005338,0.005040,0.004307,0.002263,22416.493541,22416.493541,22416.493541,67951.714385,18042.422403
uncorr,5000,100,5001,5001,4211,4405,5001,5001,4970,2958,0.099687,0.070618,0.010602,0.073051,0.005524,0.009937,0.004700,0.004527,0.004191,24592.085914,24592.085914,24592.085914,65550.324851,22727.803389
almost,5000,100,5001,5001,4211,4405,5001,5001,4970,2958,0.123790,0.069029,0.009093,0.057623,0.003460,0.004865,0.004815,0.004183,0.003968,7843.163200,7843.163200,7843.163200,49990.618649,7026.650792
almost,5000,100,5001,5001,4211,4405,5001,5001,4970,2958,0.123790,0.069029,0.009093,0.057623,0.003760,0.004854,0.002810,0.004052,0.002138,9460.930059,9460.930059,9460.930059,56439.395399,8108.326348
almost,5000,100,5001,5001,4211,4405,5001,5001,4970,2958,0.123790,0.069029,0.009093,0.057623,0.003242,0.004667,0.003124,0.004723,0.002074,8026.961140,8026.961140,8026.961140,52143.898230,7300.515819
almost,5000,100,5001,5001,4211,4405,5001,5001,4970,2958,0.123790,0.069029,0.009093,0.057623,0.003193,0.005157,0.002779,0.004091,0.002007,8875.327581,8875.327581,8875.327581,57830.954488,8811.652036
almost,5000,100,5001,5001,4211,4405,5001,5001,4970,2958,0.123790,0.069029,0.009093,0.057623,0.003978,0.004643,0.002858,0.004494,0.002091,7733.129299,7733.129299,7733.129299,53050.320112,7565.332786
almost,5000,100,5001,5001,4211,4405,5001,5001,4970,2958,0.123790,0.069029,0.009093,0.057623,0.003774,0.006488,0.002874,0.004078,0.002482,7140.081475,7140.081475,7140.081475,51621.623061,6140.313259
almost,5000,100,5001,5001,4211,4405,5001,5001,4970,2958,0.123790,0.069029,0.009093,0.057623,0.006126,0.005044,0.003714,0.007492,0.003166,10444.782807,10444.782807,10444.782807,60921.292481,10099.072554
almost,5000,100,5001,5001,4211,4405,5001,5001,4970,2958,0.123790,0.069029,0.009093,0.057623,0.003316,0.004766,0.003740,0.004571,0.002096,8427.335341,8427.335341,8427.335341,51021.438542,7327.758565
almost,5000,100,5001,5001,4211,4405,5001,5001,4970,2958,0.123790,0.069029,0.009093,0.057623,0.004740,0.004852,0.002819,0.007860,0.002343,8182.725137,8182.725137,8182.725137,57827.630833,7662.232621
almost,5000,100,5001,5001,4211,4405,5001,5001,4970,2958,0.123790,0.069029,0.009093,0.057623,0.003639,0.005591,0.004991,0.004784,0.003609,9584.058404,9584.058404,9584.058404,56288.917488,8354.070420
almost,5000,100,5001,5001,4211,4405,5001,5001,4970,2958,0.123790,0.069029,0.009093,0.057623,0.003291,0.005685,0.003634,0.004417,0.002381,10695.425695,10695.425695,10695.425695,57573.524834,10527.038165
almost,5000,100,5001,5001,4211,4405,5001,5001,4970,2958,0.123790,0.069029,0.009093,0.057623,0.004641,0.005804,0.004971,0.004250,0.005158,7699.442793,7699.442793,7699.442793,51353.239689,7083.978598
almost,5000,100,5001,5001,4211,4405,5001,5001,4970,2958,0.123790,0.069029,0.009093,0.057623,0.004957,0.005696,0.003559,0.007544,0.002372,7577.517891,7577.517891,7577.517891,53373.202440,7562.806712
almost,5000,100,5001,5001,4211,4405,5001,5001,4970,2958,0.123790,0.069029,0.009093,0.057623,0.004773,0.004992,0.003023,0.007040,0.002267,7529.275231,7529.275231,7529.275231,51334.232234,7109.454995
almost,5000,100,5001,5001,4211,4405,5001,5001,4970,2958,0.123790,0.069029,0.009093,0.057623,0.003291,0.007833,0.003436,0.006216,0.004187,8079.075253,8079.075253,8079.075253,52142.992362,6769.575008
almost,5000,100,5001,5001,4211,4405,5001,5001,4970,2958,0.123790,0.069029,0.009093,0.057623,0.003298,0.005749,0.002946,0.004402,0.002291,7485.220781,7485.220781,7485.220781,52725.517417,7023.291376
almost,5000,100,5001,5001,4211,4405,5001,5001,4970,2958,0.123790,0.069029,0.009093,0.057623,0.004536,0.004989,0.005418,0.004636,0.002161,7863.155886,7863.155886,7863.155886,52830.491492,7154.966840
almost,5000,100,5001,5001,4211,4405,5001,5001,4970,2958,0.123790,0.069029,0.009093,0.057623,0.006238,0.004949,0.003452,0.005517,0.002196,7453.044795,7453.044795,7453.044795,51488.547846,7414.526974
almost,5000,100,5001,5001,4211,4405,5001,5001,4970,2958,0.123790,0.069029,0.009093,0.057623,0.003883,0.006253,0.002924,0.005143,0.002470,8728.931256,8728.931256,8728.931256,54752.443020,7962.973007
almost,5000,100,5001,5001,4211,4405,5001,5001,4970,2958,0.123790,0.069029,0.009093,0.057623,0.003714,0.005862,0.003304,0.006774,0.002353,9436.388747,9436.388747,9436.388747,59440.484515,8815.680621
almost,5000,100,5001,5001,4211,4405,5001,5001,4970,2958,0.123790,0.069029,0.009093,0.057623,0.003863,0.007381,0.003685,0.004863,0.005276,8763.411277,8763.411277,8763.411277,55726.315882,7323.057826
almost,5000,100,5001,5001,4211,4405,5001,5001,4970,2958,0.123790,0.069029,0.009093,0.057623,0.003932,0.007344,0.003372,0.007267,0.002956,7546.498572,7546.498572,7546.498572,52494.855685,7153.523293
almost,5000,100,5001,5001,4211,4405,5001,5001,4970,2958,0.123790,0.069029,0.009093,0.057623,0.003979,0.006263,0.003216,0.004460,0.002274,6731.570186,6731.570186,6731.570186,44940.115810,6731.570186
almost,5000,100,5001,5001,4211,4405,5001,5001,4970,2958,0.123790,0.069029,0.009093,0.057623,0.003672,0.005012,0.006866,0.004688,0.002617,7230.867621,7230.867621,7230.867621,49796.058598,6304.822994
almost,5000,100,5001,5001,4211,4405,5001,5001,4970,2958,0.123790,0.069029,0.009093,0.057623,0.004847,0.004962,0.004559,0.004767,0.002120,8801.662915,8801.662915,8801.662915,52976.967784,8707.588158
almost,5000,100,5001,5001,4211,4405,5001,5001,4970,2958,0.123790,0.069029,0.009093,0.057623,0.004781,0.007717,0.003255,0.004499,0.002635,8417.379575,8417.379575,8417.379575,52841.966643,7725.205863
almost,5000,100,5001,5001,4211,4405,5001,5001,4970,2958,0.123790,0.069029,0.009093,0.057623,0.003273,0.004805,0.003180,0.004083,0.002067,7567.628127,7567.628127,7567.628127,52205.987619,6530.436010
almost,5000,100,5001,5001,4211,4405,5001,5001,4970,2958,0.123790,0.069029,0.009093,0.057623,0.003321,0.004799,0.002902,0.004089,0.002035,8709.393076,8709.393076,8709.393076,50298.307019,7201.258183
almost,5000,100,5001,5001,4211,4405,5001,5001,4970,2958,0.123790,0.069029,0.009093,0.057623,0.003209,0.004684,0.002806,0.004522,0.003003,7428.905723,7428.905723,7428.905723,51380.149735,6268.462134
almost,5000,100,5001,5001,4211,4405,5001,5001,4970,2958,0.123790,0.069029,0.009093,0.057623,0.008117,0.005257,0.002882,0.004188,0.002151,9659.360896,9659.360896,9659.360896,54641.011372,8648.872711
almost,5000,100,5001,5001,4211,4405,5001,5001,4970,2958,0.123790,0.069029,0.009093,0.057623,0.003695,0.004817,0.003523,0.004178,0.002043,7806.821469,7806.821469,7806.821469,46705.868211,7317.848086
almost,5000,100,5001,5001,4211,4405,5001,5001,4970,2958,0.123790,0.069029,0.009093,0.057623,0.003179,0.006321,0.002910,0.004074,0.005149,8182.643098,8182.643098,8182.643098,56390.052607,7587.186525
almost,5000,100,5001,5001,4211,4405,5001,5001,4970,2958,0.123790,0.069029,0.009093,0.057623,0.004729,0.005960,0.002907,0.004133,0.002092,8287.448376,8287.448376,8287.448376,48797.512825,6980.125278
almost,5000,100,5001,5001,4211,4405,5001,5001,4970,2958,0.123790,0.069029,0.009093,0.057623,0.003270,0.004780,0.003706,0.005285,0.002892,9359.616423,9359.616423,9359.616423,49370.004756,8027.969874
almost,5000,100,5001,5001,4211,4405,5001,5001,4970,2958,0.123790,0.069029,0.009093,0.057623,0.003832,0.004734,0.002781,0.004095,0.003399,9248.081527,9248.081527,9248.081527,62879.211968,8197.866606
almost,5000,100,5001,5001,4211,4405,5001,5001,4970,2958,0.123790,0.069029,0.009093,0.057623,0.003339,0.004670,0.003828,0.004055,0.002073,9700.688726,9700.688726,9700.688726,56533.674113,8494.859282
almost,5000,100,5001,5001,4211,4405,5001,5001,4970,2958,0.123790,0.069029,0.009093,0.057623,0.006739,0.004719,0.002898,0.005056,0.002099,8732.105691,8732.105691,8732.105691,58125.195130,8193.145381
almost,5000,100,5001,5001,4211,4405,5001,5001,4970,2958,0.123790,0.069029,0.009093,0.057623,0.003212,0.005809,0.002894,0.004070,0.002033,8846.432644,8846.432644,8846.432644,59816.402214,8222.611273
almost,5000,100,5001,5001,4211,4405,5001,5001,4970,2958,0.123790,0.069029,0.009093,0.057623,0.003745,0.004717,0.002859,0.006019,0.002094,10160.428318,10160.428318,10160.428318,51803.196742,7990.516248
almost,5000,100,5001,5001,4211,4405,5001,5001,4970,2958,0.123790,0.069029,0.009093,0.057623,0.003326,0.004868,0.003261,0.004040,0.002268,9034.385697,9034.385697,9034.385697,59833.082082,8897.947934
almost,5000,100,5001,5001,4211,4405,5001,5001,4970,2958,0.123790,0.069029,0.009093,0.057623,0.003535,0.004814,0.002824,0.004241,0.002105,8321.624478,8321.624478,8321.624478,55143.824469,7991.536845
almost,5000,100,5001,5001,4211,4405,5001,5001,4970,2958,0.123790,0.069029,0.009093,0.057623,0.003248,0.005927,0.003239,0.004106,0.002093,8924.907750,8924.907750,8924.907750,57244.462185,7320.112456
almost,5000,100,5001,5001,4211,4405,5001,5001,4970,2958,0.123790,0.069029,0.009093,0.057623,0.003232,0.005038,0.004025,0.004084,0.002379,8016.956428,8016.956428,8016.956428,52513.535574,7010.006535
almost,5000,100,5001,5001,4211,4405,5001,5001,4970,2958,0.123790,0.069029,0.009093,0.057623,0.003225,0.004737,0.002820,0.004085,0.003678,8551.734755,8551.734755,8551.734755,53262.578921,8184.593304
almost,5000,100,5001,5001,4211,4405,5001,5001,4970,2958,0.123790,0.069029,0.009093,0.057623,0.003253,0.004855,0.002845,0.004057,0.002062,7409.494904,7409.494904,7409.494904,54203.049302,6238.906521
almost,5000,100,5001,5001,4211,4405,5001,5001,4970,2958,0.123790,0.069029,0.009093,0.057623,0.003512,0.005089,0.002865,0.006038,0.002124,10460.857511,10460.857511,10460.857511,51616.966931,9480.369484
almost,5000,100,5001,5001,4211,4405,5001,5001,4970,2958,0.123790,0.069029,0.009093,0.057623,0.003232,0.006050,0.002926,0.004626,0.002113,8918.572121,8918.572121,8918.572121,51635.465411,7425.916277
almost,5000,100,5001,5001,4211,4405,5001,5001,4970,2958,0.123790,0.069029,0.009093,0.057623,0.003237,0.004796,0.005589,0.007127,0.004899,9845.700636,9845.700636,9845.700636,51210.274994,8206.024096
almost,5000,100,5001,5001,4211,4405,5001,5001,4970,2958,0.123790,0.069029,0.009093,0.057623,0.006863,0.008191,0.002866,0.004060,0.002197,7595.828451,7595.828451,7595.828451,50459.482216,7039.529778
almost,5000,100,5001,5001,4211,4405,5001,5001,4970,2958,0.123790,0.069029,0.009093,0.057623,0.003240,0.004947,0.004809,0.004063,0.002115,8254.876149,8254.876149,8254.876149,47472.113429,7492.268020
almost,5000,100,5001,5001,4211,4405,5001,5001,4970,2958,0.123790,0.069029,0.009093,0.057623,0.003551,0.004841,0.002840,0.004131,0.002553,7941.476210,7941.476210,7941.476210,52979.033673,7196.424073
almost,5000,100,5001,5001,4211,4405,5001,5001,4970,2958,0.123790,0.069029,0.009093,0.057623,0.003355,0.004633,0.003169,0.004045,0.002101,11023.525799,11023.525799,11023.525799,61728.002816,8014.810441
almost,5000,100,5001,5001,4211,4405,5001,5001,4970,2958,0.123790,0.069029,0.009093,0.057623,0.004098,0.004720,0.002908,0.004202,0.003038,10049.857749,10049.857749,10049.857749,57639.944234,9233.892506
almost,5000,100,5001,5001,4211,4405,5001,5001,4970,2958,0.123790,0.069029,0.009093,0.057623,0.003984,0.010555,0.002903,0.004278,0.002097,7778.870837,7778.870837,7778.870837,49142.213042,6915.018040
almost,5000,100,5001,5001,4211,4405,5001,5001,4970,2958,0.123790,0.069029,0.009093,0.057623,0.003438,0.005563,0.003414,0.004189,0.003611,8600.198730,8600.198730,8600.198730,53054.469568,7441.506126
almost,5000,100,5001,5001,4211,4405,5001,5001,4970,2958,0.123790,0.069029,0.009093,0.057623,0.006576,0.007484,0.006178,0.004334,0.002077,8185.689792,8185.689792,8185.689792,49734.127009,7304.160930
almost,5000,100,5001,5001,4211,4405,5001,5001,4970,2958,0.123790,0.069029,0.009093,0.057623,0.003836,0.006271,0.002958,0.004420,0.002119,8841.183881,8841.183881,8841.183881,47767.222362,8679.506431
almost,5000,100,5001,5001,4211,4405,5001,5001,4970,2958,0.123790,0.069029,0.009093,0.057623,0.003213,0.005034,0.002843,0.005794,0.002125,8813.060867,8813.060867,8813.060867,48172.732412,8292.556189
almost,5000,100,5001,5001,4211,4405,5001,5001,4970,2958,0.123790,0.069029,0.009093,0.057623,0.003509,0.004842,0.002825,0.004410,0.002068,9151.970063,9151.970063,9151.970063,55666.178448,7782.918436
almost,5000,100,5001,5001,4211,4405,5001,5001,4970,2958,0.123790,0.069029,0.009093,0.057623,0.005237,0.005055,0.004974,0.004329,0.002108,7999.518445,7999.518445,7999.518445,50875.097511,7453.419458
almost,5000,100,5001,5001,4211,4405,5001,5001,4970,2958,0.123790,0.069029,0.009093,0.057623,0.004185,0.004744,0.003500,0.004343,0.002065,8080.831530,8080.831530,8080.831530,57011.283916,7562.517206
almost,5000,100,5001,5001,4211,4405,5001,5001,4970,2958,0.123790,0.069029,0.009093,0.057623,0.003231,0.006227,0.002877,0.004388,0.002079,9081.681179,9081.681179,9081.681179,54440.800496,7949.912478
almost,5000,100,5001,5001,4211,4405,5001,5001,4970,2958,0.123790,0.069029,0.009093,0.057623,0.003203,0.004658,0.003114,0.005750,0.002037,8517.713626,8517.713626,8517.713626,53328.146981,7317.329612
almost,5000,100,5001,5001,4211,4405,5001,5001,4970,2958,0.123790,0.069029,0.009093,0.057623,0.003211,0.006909,0.003266,0.004585,0.002679,8117.357987,8117.357987,8117.357987,48607.232775,6918.678406
almost,5000,100,5001,5001,4211,4405,5001,5001,4970,2958,0.123790,0.069029,0.009093,0.057623,0.003226,0.005311,0.002850,0.004063,0.002403,7906.886440,7906.886440,7906.886440,49911.622245,6442.917741
almost,5000,100,5001,5001,4211,4405,5001,5001,4970,2958,0.123790,0.069029,0.009093,0.057623,0.004834,0.004802,0.002813,0.006232,0.002042,9028.684358,9028.684358,9028.684358,57258.664453,8205.621070
almost,5000,100,5001,5001,4211,4405,5001,5001,4970,2958,0.123790,0.069029,0.009093,0.057623,0.003259,0.006799,0.002828,0.004061,0.002188,8935.936604,8935.936604,8935.936604,51848.845815,7118.685821
almost,5000,100,5001,5001,4211,4405,5001,5001,4970,2958,0.123790,0.069029,0.009093,0.057623,0.003238,0.007083,0.005571,0.004333,0.002110,7710.758503,7710.758503,7710.758503,46375.397236,7599.204555
almost,5000,100,5001,5001,4211,4405,5001,5001,4970,2958,0.123790,0.069029,0.009093,0.057623,0.004198,0.004704,0.002819,0.006067,0.002017,8653.706488,8653.706488,8653.706488,51016.801206,8123.007114
almost,5000,100,5001,5001,4211,4405,5001,5001,4970,2958,0.123790,0.069029,0.009093,0.057623,0.003243,0.009643,0.002847,0.010824,0.004175,9461.111428,9461.111428,9461.111428,54076.050556,8688.253794
almost,5000,100,5001,5001,4211,4405,5001,5001,4970,2958,0.123790,0.069029,0.009093,0.057623,0.006728,0.007201,0.003580,0.004120,0.002276,9189.531179,9189.531179,9189.531179,58364.811375,8133.000550
almost,5000,100,5001,5001,4211,4405,5001,5001,4970,2958,0.123790,0.069029,0.009093,0.057623,0.003240,0.004823,0.004432,0.004310,0.003695,7429.696603,7429.696603,7429.696603,50699.195840,6213.306581
almost,5000,100,5001,5001,4211,4405,5001,5001,4970,2958,0.123790,0.069029,0.009093,0.057623,0.005372,0.006044,0.003432,0.005683,0.003121,8190.643999,8190.643999,8190.643999,49522.121640,7340.264725
almost,5000,100,5001,5001,4211,4405,5001,5001,4970,2958,0.123790,0.069029,0.009093,0.057623,0.003381,0.005006,0.002816,0.005275,0.002055,8412.935433,8412.935433,8412.935433,50352.392329,6302.568053
almost,5000,100,5001,5001,4211,4405,5001,5001,4970,2958,0.123790,0.069029,0.009093,0.057623,0.003622,0.006112,0.002854,0.004321,0.002176,10249.755427,10249.755427,10249.755427,54999.866701,8622.188230
almost,5000,100,5001,5001,4211,4405,5001,5001,4970,2958,0.123790,0.069029,0.009093,0.057623,0.003193,0.005001,0.002999,0.004617,0.002046,9175.791960,9175.791960,9175.791960,56783.468821,8846.153840
almost,5000,100,5001,5001,4211,4405,5001,5001,4970,2958,0.123790,0.069029,0.009093,0.057623,0.003653,0.004651,0.002825,0.004357,0.004459,9124.095470,9124.095470,9124.095470,54935.288211,7981.568846
almost,5000,100,5001,5001,4211,4405,5001,5001,4970,2958,0.123790,0.069029,0.009093,0.057623,0.003311,0.005119,0.003051,0.004068,0.002024,8119.336791,8119.336791,8119.336791,50570.633446,7197.337241
almost,5000,100,5001,5001,4211,4405,5001,5001,4970,2958,0.123790,0.069029,0.009093,0.057623,0.003589,0.009567,0.004066,0.004166,0.002076,8839.732362,8839.732362,8839.732362,53073.511787,6982.629619
almost,5000,100,5001,5001,4211,4405,5001,5001,4970,2958,0.123790,0.069029,0.009093,0.057623,0.003343,0.005659,0.005792,0.004577,0.002091,7619.317630,7619.317630,7619.317630,46170.924845,6061.973814
almost,5000,100,5001,5001,4211,4405,5001,5001,4970,2958,0.123790,0.069029,0.009093,0.057623,0.003281,0.008078,0.005006,0.004629,0.002152,8051.192610,8051.192610,8051.192610,48138.928959,7623.208551
almost,5000,100,5001,5001,4211,4405,5001,5001,4970,2958,0.123790,0.069029,0.009093,0.057623,0.003194,0.005271,0.005208,0.004125,0.002279,9451.588622,9451.588622,9451.588622,53081.908906,8791.416366
almost,5000,100,5001,5001,4211,4405,5001,5001,4970,2958,0.123790,0.069029,0.009093,0.057623,0.003641,0.004687,0.002911,0.004935,0.002071,7163.999425,7151.164414,7163.999425,44773.282136,6517.135682
almost,5000,100,5001,5001,4211,4405,5001,5001,4970,2958,0.123790,0.069029,0.009093,0.057623,0.003232,0.005015,0.002870,0.004057,0.002898,8013.721976,8013.721976,8013.721976,52091.711975,6577.930742
almost,5000,100,5001,5001,4211,4405,5001,5001,4970,2958,0.123790,0.069029,0.009093,0.057623,0.003700,0.004780,0.004177,0.004508,0.002060,9675.376103,9675.376103,9675.376103,56026.868163,9255.151255
almost,5000,100,5001,5001,4211,4405,5001,5001,4970,2958,0.123790,0.069029,0.009093,0.057623,0.003201,0.005149,0.002816,0.004189,0.002098,7657.011468,7657.011468,7657.011468,54991.488016,6594.167829
almost,5000,100,5001,5001,4211,4405,5001,5001,4970,2958,0.123790,0.069029,0.009093,0.057623,0.005488,0.009429,0.003254,0.004108,0.004656,8289.831512,8289.831512,8289.831512,55326.378278,8030.738779
almost,5000,100,5001,5001,4211,4405,5001,5001,4970,2958,0.123790,0.069029,0.009093,0.057623,0.004002,0.005513,0.002993,0.004490,0.002083,8625.079955,8625.079955,8625.079955,55249.354385,7613.105452
almost,5000,100,5001,5001,4211,4405,5001,5001,4970,2958,0.123790,0.069029,0.009093,0.057623,0.003212,0.005103,0.002857,0.005638,0.002055,8681.281899,8681.281899,8681.281899,53841.736627,8258.084100
almost,5000,100,5001,5001,4211,4405,5001,5001,4970,2958,0.123790,0.069029,0.009093,0.057623,0.005288,0.004790,0.002817,0.005902,0.002761,8838.158363,8838.158363,8838.158363,57834.023230,8174.254507
almost,5000,100,5001,5001,4211,4405,5001,5001,4970,2958,0.123790,0.069029,0.009093,0.057623,0.003258,0.008675,0.003047,0.004461,0.003003,7488.406470,7488.406470,7488.406470,47621.424326,6609.619053
almost,5000,100,5001,5001,4211,4405,5001,5001,4970,2958,0.123790,0.069029,0.009093,0.057623,0.003239,0.004833,0.002953,0.004190,0.002052,7438.243413,7438.243413,7438.243413,49537.278464,6671.804948
almost,5000,100,5001,5001,4211,4405,5001,5001,4970,2958,0.123790,0.069029,0.009093,0.057623,0.003988,0.006240,0.002987,0.006194,0.002086,7220.246301,7220.246301,7220.246301,52873.663307,7110.682075
almost,5000,100,5001,5001,4211,4405,5001,5001,4970,2958,0.123790,0.069029,0.009093,0.057623,0.003885,0.006690,0.002916,0.004193,0.002603,9225.124579,9225.124579,9225.124579,49773.741517,7693.662216
almost,5000,100,5001,5001,4211,4405,5001,5001,4970,2958,0.123790,0.069029,0.009093,0.057623,0.003284,0.004842,0.003497,0.004129,0.002073,8224.749822,8224.749822,8224.749822,50414.522401,6601.195471
almost,5000,100,5001,5001,4211,4405,5001,5001,4970,2958,0.123790,0.069029,0.009093,0.057623,0.003232,0.004835,0.002850,0.004059,0.003767,7877.489653,7877.489653,7877.489653,52472.408938,6807.978388
almost,5000,100,5001,5001,4211,4405,5001,5001,4970,2958,0.123790,0.069029,0.009093,0.057623,0.003207,0.004663,0.003108,0.004136,0.002080,9725.602379,9725.602379,9725.602379,54110.971117,8397.624340
almost,5000,100,5001,5001,4211,4405,5001,5001,4970,2958,0.123790,0.069029,0.009093,0.057623,0.003887,0.004934,0.002810,0.004175,0.002008,7614.501391,7614.501391,7614.501391,48925.441347,7021.147982
almost,5000,100,5001,5001,4211,4405,5001,5001,4970,2958,0.123790,0.069029,0.009093,0.057623,0.003217,0.004640,0.004489,0.004167,0.002078,8341.648234,8341.648234,8341.648234,51481.330421,7945.650860
almost,5000,100,5001,5001,4211,4405,5001,5001,4970,2958,0.123790,0.069029,0.009093,0.057623,0.003236,0.005005,0.002807,0.004068,0.002997,8501.741790,8501.741790,8501.741790,54807.068376,8320.153068
inv,5000,100,5001,5001,2774,2843,5001,5001,4872,445,0.130311,0.081079,0.015272,0.083844,0.005002,0.026474,0.003734,0.008027,0.000540,4031.588999,4031.588999,4031.588999,34508.003480,3174.916357
inv,5000,100,5001,5001,2774,2843,5001,5001,4872,445,0.130311,0.081079,0.015272,0.083844,0.003204,0.023486,0.005505,0.004349,0.000350,4396.561058,4396.561058,4396.561058,36348.493549,3706.333214
inv,5000,100,5001,5001,2774,2843,5001,5001,4872,445,0.130311,0.081079,0.015272,0.083844,0.004517,0.022951,0.002054,0.004949,0.000346,5300.017654,5300.017654,5300.017654,40474.200527,5180.850789
inv,5000,100,5001,5001,2774,2843,5001,5001,4872,445,0.130311,0.081079,0.015272,0.083844,0.003803,0.022071,0.003873,0.007504,0.000603,4131.475137,4131.475137,4131.475137,32577.520700,4118.803344
inv,5000,100,5001,5001,2774,2843,5001,5001,4872,445,0.130311,0.081079,0.015272,0.083844,0.008858,0.027512,0.002105,0.004317,0.000339,4582.292692,4582.292692,4582.292692,37049.258003,3824.606344
inv,5000,100,5001,5001,2774,2843,5001,5001,4872,445,0.130311,0.081079,0.015272,0.083844,0.003143,0.024371,0.004312,0.010830,0.000373,4537.146605,4537.146605,4537.146605,33276.926968,2729.306159
inv,5000,100,5001,5001,2774,2843,5001,5001,4872,445,0.130311,0.081079,0.015272,0.083844,0.005326,0.029168,0.002054,0.006041,0.000345,3301.610179,3301.610179,3301.610179,29934.802124,2492.091633
inv,5000,100,5001,5001,2774,2843,5001,5001,4872,445,0.130311,0.081079,0.015272,0.083844,0.004941,0.025838,0.002214,0.005192,0.000337,4490.762969,4490.762969,4490.762969,35588.844239,3852.561097
inv,5000,100,5001,5001,2774,2843,5001,5001,4872,445,0.130311,0.081079,0.015272,0.083844,0.004812,0.021549,0.002087,0.004695,0.000388,4359.980551,4359.980551,4359.980551,37189.105937,4176.426879
inv,5000,100,5001,5001,2774,2843,5001,5001,4872,445,0.130311,0.081079,0.015272,0.083844,0.003194,0.025041,0.003472,0.007571,0.000731,3606.060690,3606.060690,3606.060690,35611.203805,3428.724336
inv,5000,100,5001,5001,2774,2843,5001,5001,4872,445,0.130311,0.081079,0.015272,0.083844,0.004689,0.023043,0.002625,0.004961,0.000546,3806.476727,3806.476727,3806.476727,34058.905256,2953.943783
inv,5000,100,5001,5001,2774,2843,5001,5001,4872,445,0.130311,0.081079,0.015272,0.083844,0.003222,0.021572,0.003836,0.004362,0.000336,4610.995723,4610.995723,4610.995723,33398.900959,4473.833376
inv,5000,100,5001,5001,2774,2843,5001,5001,4872,445,0.130311,0.081079,0.015272,0.083844,0.007652,0.029891,0.002511,0.004752,0.000345,5459.976142,5459.976142,5459.976142,41681.199069,4245.264800
inv,5000,100,5001,5001,2774,2843,5001,5001,4872,445,0.130311,0.081079,0.015272,0.083844,0.003140,0.022015,0.004189,0.004434,0.000336,3668.341120,3668.341120,3668.341120,34016.864624,2795.335014
inv,5000,100,5001,5001,2774,2843,5001,5001,4872,445,0.130311,0.081079,0.015272,0.083844,0.003215,0.023794,0.002057,0.004291,0.000434,5592.738083,5592.738083,5592.738083,34201.669855,5441.485664
inv,5000,100,5001,5001,2774,2843,5001,5001,4872,445,0.130311,0.081079,0.015272,0.083844,0.003571,0.020697,0.002029,0.005100,0.000620,5623.978199,5623.978199,5623.978199,44087.503334,4984.598218
inv,5000,100,5001,5001,2774,2843,5001,5001,4872,445,0.130311,0.081079,0.015272,0.083844,0.003092,0.020714,0.002301,0.004630,0.000339,4808.812806,4808.812806,4808.812806,36940.530082,4118.547580
inv,5000,100,5001,5001,2774,2843,5001,5001,4872,445,0.130311,0.081079,0.015272,0.083844,0.003170,0.023285,0.002202,0.004315,0.000341,3668.674487,3668.674487,3668.674487,35478.773587,2694.836382
inv,5000,100,5001,5001,2774,2843,5001,5001,4872,445,0.130311,0.081079,0.015272,0.083844,0.003125,0.022063,0.002117,0.004290,0.000333,3736.181579,3736.181579,3736.181579,38312.304932,3736.181579
inv,5000,100,5001,5001,2774,2843,5001,5001,4872,445,0.130311,0.081079,0.015272,0.083844,0.004037,0.021200,0.002029,0.005972,0.000334,6003.886890,6003.886890,6003.886890,36822.862374,6003.886890
inv,5000,100,5001,5001,2774,2843,5001,5001,4872,445,0.130311,0.081079,0.015272,0.083844,0.003360,0.021677,0.003806,0.004415,0.000347,4228.477616,4228.477616,4228.477616,37746.512302,3855.985838
inv,5000,100,5001,5001,2774,2843,5001,5001,4872,445,0.130311,0.081079,0.015272,0.083844,0.003525,0.025857,0.002910,0.006457,0.000357,4561.672971,4561.672971,4561.672971,35950.984544,4561.672971
inv,5000,100,5001,5001,2774,2843,5001,5001,4872,445,0.130311,0.081079,0.015272,0.083844,0.003497,0.023461,0.002794,0.004648,0.000496,6067.365307,6067.365307,6067.365307,39997.691547,4247.532398
inv,5000,100,5001,5001,2774,2843,5001,5001,4872,445,0.130311,0.081079,0.015272,0.083844,0.004137,0.023295,0.003697,0.006203,0.000346,4634.106214,4634.106214,4634.106214,34322.115918,4624.532603
inv,5000,100,5001,5001,2774,2843,5001,5001,4872,445,0.130311,0.081079,0.015272,0.083844,0.003735,0.023410,0.002117,0.004350,0.000340,3795.638862,3795.638862,3795.638862,37786.794543,3795.638862
inv,5000,100,5001,5001,2774,2843,5001,5001,4872,445,0.130311,0.081079,0.015272,0.083844,0.005141,0.020361,0.002055,0.004442,0.000363,4033.113928,4033.113928,4033.113928,35688.234052,4033.113928
inv,5000,100,5001,5001,2774,2843,5001,5001,4872,445,0.130311,0.081079,0.015272,0.083844,0.003529,0.020409,0.002074,0.008481,0.000397,3844.804449,3844.804449,3844.804449,35289.741237,3844.804449
inv,5000,100,5001,5001,2774,2843,5001,5001,4872,445,0.130311,0.081079,0.015272,0.083844,0.003158,0.021604,0.002275,0.005314,0.000347,4793.686397,4793.686397,4793.686397,34241.626385,3491.243551
inv,5000,100,5001,5001,2774,2843,5001,5001,4872,445,0.130311,0.081079,0.015272,0.083844,0.003778,0.022131,0.002156,0.004842,0.000334,3968.518159,3968.518159,3968.518159,40803.451145,3904.228239
inv,5000,100,5001,5001,2774,2843,5001,5001,4872,445,0.130311,0.081079,0.015272,0.083844,0.003579,0.026803,0.003695,0.007943,0.000666,4041.280088,4041.280088,4041.280088,33561.657096,3396.725552
inv,5000,100,5001,5001,2774,2843,5001,5001,4872,445,0.130311,0.081079,0.015272,0.083844,0.003693,0.023698,0.003983,0.004418,0.000339,5098.396179,5098.396179,5098.396179,41342.439000,4919.696264
inv,5000,100,5001,5001,2774,2843,5001,5001,4872,445,0.130311,0.081079,0.015272,0.083844,0.006071,0.027340,0.005226,0.006072,0.000341,6289.597905,6289.597905,6289.597905,40294.510107,6289.597905
inv,5000,100,5001,5001,2774,2843,5001,5001,4872,445,0.130311,0.081079,0.015272,0.083844,0.004373,0.021352,0.002115,0.004568,0.001311,4959.661895,4959.661895,4959.661895,44469.784239,4248.377735
inv,5000,100,5001,5001,2774,2843,5001,5001,4872,445,0.130311,0.081079,0.015272,0.083844,0.003670,0.022219,0.002088,0.005586,0.000336,3913.307601,3913.307601,3913.307601,35119.011386,3865.437216
inv,5000,100,5001,5001,2774,2843,5001,5001,4872,445,0.130311,0.081079,0.015272,0.083844,0.003136,0.020200,0.003683,0.011963,0.000372,4275.551419,4275.551419,4275.551419,38416.990760,3528.871153
inv,5000,100,5001,5001,2774,2843,5001,5001,4872,445,0.130311,0.081079,0.015272,0.083844,0.003135,0.021537,0.002068,0.005584,0.000814,4462.326214,4462.326214,4462.326214,35734.603280,4462.326214
inv,5000,100,5001,5001,2774,2843,5001,5001,4872,445,0.130311,0.081079,0.015272,0.083844,0.003299,0.023665,0.004138,0.006334,0.000334,3979.921543,3979.921543,3979.921543,38413.536513,3979.921543
inv,5000,100,5001,5001,2774,2843,5001,5001,4872,445,0.130311,0.081079,0.015272,0.083844,0.003459,0.020144,0.003596,0.004707,0.000386,4190.256456,4190.256456,4190.256456,34664.902630,3260.689905
inv,5000,100,5001,5001,2774,2843,5001,5001,4872,445,0.130311,0.081079,0.015272,0.083844,0.003121,0.031937,0.002106,0.004454,0.000340,5868.852262,5868.852262,5868.852262,36488.583788,5471.052396
inv,5000,100,5001,5001,2774,2843,5001,5001,4872,445,0.130311,0.081079,0.015272,0.083844,0.003298,0.029683,0.003145,0.007864,0.000565,3648.002161,3648.002161,3648.002161,31652.084114,2568.644987
inv,5000,100,5001,5001,2774,2843,5001,5001,4872,445,0.130311,0.081079,0.015272,0.083844,0.004729,0.023622,0.002113,0.004278,0.000348,6524.048855,6524.048855,6524.048855,41131.645730,6524.048855
inv,5000,100,5001,5001,2774,2843,5001,5001,4872,445,0.130311,0.081079,0.015272,0.083844,0.003330,0.023611,0.002010,0.007997,0.000402,4128.656914,4128.656914,4128.656914,35296.192536,2985.333914
inv,5000,100,5001,5001,2774,2843,5001,5001,4872,445,0.130311,0.081079,0.015272,0.083844,0.004396,0.023504,0.002054,0.006012,0.000893,3704.468869,3704.468869,3704.468869,34225.493038,3263.694865
inv,5000,100,5001,5001,2774,2843,5001,5001,4872,445,0.130311,0.081079,0.015272,0.083844,0.005684,0.024140,0.002611,0.005086,0.000343,3478.267581,3478.267581,3478.267581,33340.752207,3016.097348
inv,5000,100,5001,5001,2774,2843,5001,5001,4872,445,0.130311,0.081079,0.015272,0.083844,0.003461,0.023380,0.002077,0.004591,0.000457,4774.512480,4774.512480,4774.512480,37344.549105,3487.183619
inv,5000,100,5001,5001,2774,2843,5001,5001,4872,445,0.130311,0.081079,0.015272,0.083844,0.003925,0.021312,0.002070,0.004573,0.000348,5608.437417,5608.437417,5608.437417,35971.352694,4512.411749
inv,5000,100,5001,5001,2774,2843,5001,5001,4872,445,0.130311,0.081079,0.015272,0.083844,0.003522,0.026129,0.003581,0.004347,0.000337,5066.919538,5066.919538,5066.919538,40779.300183,3705.632640
inv,5000,100,5001,5001,2774,2843,5001,5001,4872,445,0.130311,0.081079,0.015272,0.083844,0.005524,0.023871,0.002766,0.009206,0.000343,4004.639288,4004.639288,4004.639288,32219.317851,3574.635188
inv,5000,100,5001,5001,2774,2843,5001,5001,4872,445,0.130311,0.081079,0.015272,0.083844,0.004303,0.024127,0.002456,0.004332,0.000337,4799.794399,4799.794399,4799.794399,41624.798938,4642.605392
inv,5000,100,5001,5001,2774,2843,5001,5001,4872,445,0.130311,0.081079,0.015272,0.083844,0.003152,0.025344,0.002067,0.004342,0.000338,4108.956174,4108.956174,4108.956174,31826.781991,3438.828722
inv,5000,100,5001,5001,2774,2843,5001,5001,4872,445,0.130311,0.081079,0.015272,0.083844,0.006048,0.024920,0.002106,0.006000,0.000344,4157.548724,4157.548724,4157.548724,39868.686156,3452.838816
inv,5000,100,5001,5001,2774,2843,5001,5001,4872,445,0.130311,0.081079,0.015272,0.083844,0.003332,0.021838,0.002428,0.004383,0.000335,5518.972239,5518.972239,5518.972239,37741.140038,5518.972239
inv,5000,100,5001,5001,2774,2843,5001,5001,4872,445,0.130311,0.081079,0.015272,0.083844,0.003173,0.020812,0.002204,0.005419,0.000346,4597.892933,4597.892933,4597.892933,39067.836234,4337.546983
inv,5000,100,5001,5001,2774,2843,5001,5001,4872,445,0.130311,0.081079,0.015272,0.083844,0.003253,0.022415,0.002067,0.004692,0.000344,4130.579352,4130.579352,4130.579352,40013.853311,4115.821098
inv,5000,100,5001,5001,2774,2843,5001,5001,4872,445,0.130311,0.081079,0.015272,0.083844,0.003975,0.021816,0.003093,0.005714,0.000343,4234.621882,4234.621882,4234.621882,35586.979593,4234.621882
inv,5000,100,5001,5001,2774,2843,5001,5001,4872,445,0.130311,0.081079,0.015272,0.083844,0.003228,0.022049,0.003523,0.005049,0.000345,4369.702588,4369.702588,4369.702588,40122.884994,4336.204632
inv,5000,100,5001,5001,2774,2843,5001,5001,4872,445,0.130311,0.081079,0.015272,0.083844,0.003141,0.022484,0.002094,0.004461,0.000336,5115.591399,5115.591399,5115.591399,43880.997932,4637.615109
inv,5000,100,5001,5001,2774,2843,5001,5001,4872,445,0.130311,0.081079,0.015272,0.083844,0.003216,0.026835,0.002103,0.004731,0.000346,5059.419336,5059.419336,5059.419336,39600.412427,5055.885791
inv,5000,100,5001,5001,2774,2843,5001,5001,4872,445,0.130311,0.081079,0.015272,0.083844,0.004900,0.029976,0.002136,0.004330,0.000339,4366.303686,4366.303686,4366.303686,32679.649638,4077.743927
inv,5000,100,5001,5001,2774,2843,5001,5001,4872,445,0.130311,0.081079,0.015272,0.083844,0.003482,0.021031,0.002084,0.004241,0.000339,4267.871756,4267.871756,4267.871756,36814.360947,3815.795823
inv,5000,100,5001,5001,2774,2843,5001,5001,4872,445,0.130311,0.081079,0.015272,0.083844,0.005758,0.026406,0.003666,0.004424,0.000335,3998.389000,3998.389000,3998.389000,40239.666571,3998.389000
inv,5000,100,5001,5001,2774,2843,5001,5001,4872,445,0.130311,0.081079,0.015272,0.083844,0.003663,0.029744,0.004060,0.004445,0.000335,5348.817647,5348.817647,5348.817647,37716.315528,5348.817647
inv,5000,100,5001,5001,2774,2843,5001,5001,4872,445,0.130311,0.081079,0.015272,0.083844,0.003295,0.022343,0.002080,0.004286,0.000339,4842.529086,4842.529086,4842.529086,34019.842091,3602.940520
inv,5000,100,5001,5001,2774,2843,5001,5001,4872,445,0.130311,0.081079,0.015272,0.083844,0.004788,0.022770,0.002210,0.004308,0.000334,4934.387984,4934.387984,4934.387984,37541.194511,4220.985001
inv,5000,100,5001,5001,2774,2843,5001,5001,4872,445,0.130311,0.081079,0.015272,0.083844,0.004610,0.023409,0.003719,0.004394,0.000337,5367.957868,5367.957868,5367.957868,41004.715067,4998.825437
inv,5000,100,5001,5001,2774,2843,5001,5001,4872,445,0.130311,0.081079,0.015272,0.083844,0.003936,0.030013,0.002391,0.006792,0.000567,4895.597702,4895.597702,4895.597702,33190.457843,4535.870590
inv,5000,100,5001,5001,2774,2843,5001,5001,4872,445,0.130311,0.081079,0.015272,0.083844,0.003933,0.023089,0.002168,0.004395,0.000337,3696.164894,3696.164894,3696.164894,34627.998590,3643.440129
inv,5000,100,5001,5001,2774,2843,5001,5001,4872,445,0.130311,0.081079,0.015272,0.083844,0.003223,0.021554,0.002043,0.004362,0.000345,4514.781451,4514.781451,4514.781451,34545.006965,4514.781451
inv,5000,100,5001,5001,2774,2843,5001,5001,4872,445,0.130311,0.081079,0.015272,0.083844,0.003249,0.028588,0.002923,0.004947,0.000389,4250.311410,4250.311410,4250.311410,34495.124992,2975.808628
inv,5000,100,5001,5001,2774,2843,5001,5001,4872,445,0.130311,0.081079,0.015272,0.083844,0.003172,0.020967,0.002052,0.004331,0.000336,4571.741556,4571.741556,4571.741556,31303.755555,4571.741556
inv,5000,100,5001,5001,2774,2843,5001,5001,4872,445,0.130311,0.081079,0.015272,0.083844,0.003353,0.021385,0.002011,0.004263,0.000336,4905.776571,4905.776571,4905.776571,36227.381670,4657.955491
inv,5000,100,5001,5001,2774,2843,5001,5001,4872,445,0.130311,0.081079,0.015272,0.083844,0.003140,0.027298,0.004838,0.005814,0.000344,4008.496090,4008.496090,4008.496090,31483.042132,3698.491320
inv,5000,100,5001,5001,2774,2843,5001,5001,4872,445,0.130311,0.081079,0.015272,0.083844,0.003274,0.023369,0.002270,0.006241,0.000349,3468.508290,3468.508290,3468.508290,31898.147066,2478.304332
inv,5000,100,5001,5001,2774,2843,5001,5001,4872,445,0.130311,0.081079,0.015272,0.083844,0.003954,0.021219,0.002099,0.004530,0.000349,4464.371347,4464.371347,4464.371347,41085.981616,3437.776577
inv,5000,100,5001,5001,2774,2843,5001,5001,4872,445,0.130311,0.081079,0.015272,0.083844,0.003327,0.021168,0.002076,0.004492,0.000377,4250.363710,4250.363710,4250.363710,36045.654101,3832.153530
inv,5000,100,5001,5001,2774,2843,5001,5001,4872,445,0.130311,0.081079,0.015272,0.083844,0.003220,0.021325,0.002113,0.005746,0.000438,3991.746623,3991.746623,3991.746623,34099.286099,3495.452271
inv,5000,100,5001,5001,2774,2843,5001,5001,4872,445,0.130311,0.081079,0.015272,0.083844,0.005003,0.021502,0.003430,0.004461,0.000348,4587.127469,4587.127469,4587.127469,32089.793978,3563.195744
inv,5000,100,5001,5001,2774,2843,5001,5001,4872,445,0.130311,0.081079,0.015272,0.083844,0.003133,0.020765,0.002096,0.004279,0.000337,4704.526823,4704.526823,4704.526823,37644.872867,3936.904290
inv,5000,100,5001,5001,2774,2843,5001,5001,4872,445,0.130311,0.081079,0.015272,0.083844,0.003458,0.024172,0.002084,0.005949,0.000898,5110.960202,5110.960202,5110.960202,41152.020740,5110.960202
inv,5000,100,5001,5001,2774,2843,5001,5001,4872,445,0.130311,0.081079,0.015272,0.083844,0.003134,0.026642,0.005636,0.013542,0.000792,4748.771214,4748.771214,4748.771214,35652.828116,4145.443595
inv,5000,100,5001,5001,2774,2843,5001,5001,4872,445,0.130311,0.081079,0.015272,0.083844,0.004525,0.027855,0.002085,0.005291,0.000581,3961.581502,3961.581502,3961.581502,34429.208266,3759.125613
inv,5000,100,5001,5001,2774,2843,5001,5001,4872,445,0.130311,0.081079,0.015272,0.083844,0.004661,0.027891,0.002078,0.004716,0.000351,5196.166959,5196.166959,5196.166959,42268.850564,4315.554960
inv,5000,100,5001,5001,2774,2843,5001,5001,4872,445,0.130311,0.081079,0.015272,0.083844,0.003128,0.021821,0.004128,0.008377,0.000345,3901.051811,3901.051811,3901.051811,31910.761163,3548.967283
inv,5000,100,5001,5001,2774,2843,5001,5001,4872,445,0.130311,0.081079,0.015272,0.083844,0.004293,0.020815,0.002073,0.006252,0.000348,4736.359295,4736.359295,4736.359295,37321.233470,3474.135116
inv,5000,100,5001,5001,2774,2843,5001,5001,4872,445,0.130311,0.081079,0.015272,0.083844,0.003185,0.019969,0.002254,0.005720,0.000348,3689.780079,3689.780079,3689.780079,38349.198428,3465.840354
inv,5000,100,5001,5001,2774,2843,5001,5001,4872,445,0.130311,0.081079,0.015272,0.083844,0.003110,0.020753,0.002796,0.004302,0.000337,4187.257187,4187.257187,4187.257187,35867.608998,3998.583368
inv,5000,100,5001,5001,2774,2843,5001,5001,4872,445,0.130311,0.081079,0.015272,0.083844,0.003112,0.021709,0.002066,0.004283,0.000336,5395.215461,5395.215461,5395.215461,40442.970256,5048.066361
inv,5000,100,5001,5001,2774,2843,5001,5001,4872,445,0.130311,0.081079,0.015272,0.083844,0.003667,0.021265,0.002026,0.004379,0.000344,4581.960671,4581.960671,4581.960671,39750.498216,4058.898802
inv,5000,100,5001,5001,2774,2843,5001,5001,4872,445,0.130311,0.081079,0.015272,0.083844,0.005448,0.020842,0.002029,0.004772,0.000685,5601.924124,5601.924124,5601.924124,39986.723761,5601.924124
inv,5000,100,5001,5001,2774,2843,5001,5001,4872,445,0.130311,0.081079,0.015272,0.083844,0.006531,0.022967,0.002257,0.009829,0.000352,4003.550479,4003.550479,4003.550479,35505.086617,4003.550479
inv,5000,100,5001,5001,2774,2843,5001,5001,4872,445,0.130311,0.081079,0.015272,0.083844,0.003548,0.024842,0.002257,0.008847,0.000792,4438.511154,4438.511154,4438.511154,37007.377309,3977.761214
inv,5000,100,5001,5001,2774,2843,5001,5001,4872,445,0.130311,0.081079,0.015272,0.083844,0.003257,0.022512,0.002652,0.004329,0.000338,5228.520050,5228.520050,5228.520050,44007.579767,4711.094730
inv,5000,100,5001,5001,2774,2843,5001,5001,4872,445,0.130311,0.081079,0.015272,0.083844,0.003666,0.021577,0.002069,0.004303,0.000334,3312.903118,3312.903118,3312.903118,31296.730241,3293.889546
inv,5000,100,5001,5001,2774,2843,5001,5001,4872,445,0.130311,0.081079,0.015272,0.083844,0.003215,0.020659,0.002075,0.004705,0.000715,4512.835030,4512.835030,4512.835030,36640.059400,3412.262899
inv,5000,100,5001,5001,2774,2843,5001,5001,4872,445,0.130311,0.081079,0.015272,0.083844,0.003224,0.020660,0.002070,0.006488,0.000338,4751.133690,4751.133690,4751.133690,37288.362077,3838.536345
inv,5000,100,5001,5001,2774,2843,5001,5001,4872,445,0.130311,0.081079,0.015272,0.083844,0.003256,0.020304,0.003800,0.006249,0.000343,4403.153485,4403.153485,4403.153485,39574.609270,4365.244249
inv,5000,100,5001,5001,2774,2843,5001,5001,4872,445,0.130311,0.081079,0.015272,0.083844,0.004186,0.023346,0.002111,0.007208,0.000379,5114.515647,5114.515647,5114.515647,35349.479321,4531.379652
inv,5000,100,5001,5001,2774,2843,5001,5001,4872,445,0.130311,0.081079,0.015272,0.083844,0.003147,0.023965,0.003996,0.007251,0.000599,5600.858404,5600.858404,5600.858404,36069.409702,5600.858404
inv,5000,100,5001,5001,2774,2843,5001,5001,4872,445,0.130311,0.081079,0.015272,0.083844,0.007449,0.024735,0.002523,0.004274,0.000337,4850.798246,4850.798246,4850.798246,38435.684709,4841.726386
inv,5000,100,5001,5001,2774,2843,5001,5001,4872,445,0.130311,0.081079,0.015272,0.083844,0.003472,0.022675,0.002182,0.004532,0.000343,4475.074653,4475.074653,4475.074653,40142.804710,4452.692609
str,5000,100,5001,5001,4223,4301,5001,5001,4970,2963,0.088368,0.059181,0.008502,0.057510,0.003227,0.005736,0.002870,0.006130,0.003615,9767.387554,9767.387554,9767.387554,53755.729520,7957.274647
str,5000,100,5001,5001,4223,4301,5001,5001,4970,2963,0.088368,0.059181,0.008502,0.057510,0.003459,0.008931,0.005248,0.008835,0.003750,7880.033785,7880.033785,7880.033785,47200.083726,7286.167860
str,5000,100,5001,5001,4223,4301,5001,5001,4970,2963,0.088368,0.059181,0.008502,0.057510,0.005458,0.007219,0.005361,0.006511,0.002092,7966.686779,7966.686779,7966.686779,55914.777181,7501.541273
str,5000,100,5001,5001,4223,4301,5001,5001,4970,2963,0.088368,0.059181,0.008502,0.057510,0.003490,0.006183,0.002896,0.005765,0.002320,7602.539013,7602.539013,7602.539013,47685.068256,6228.234357
str,5000,100,5001,5001,4223,4301,5001,5001,4970,2963,0.088368,0.059181,0.008502,0.057510,0.005612,0.007266,0.004475,0.007815,0.002091,8855.926028,8855.926028,8855.926028,54020.015756,8145.183320
str,5000,100,5001,5001,4223,4301,5001,5001,4970,2963,0.088368,0.059181,0.008502,0.057510,0.004218,0.005773,0.002811,0.010233,0.002903,8069.666008,8069.666008,8069.666008,45343.760189,6709.906399
str,5000,100,5001,5001,4223,4301,5001,5001,4970,2963,0.088368,0.059181,0.008502,0.057510,0.003565,0.006474,0.002816,0.004454,0.002137,9224.509374,9224.509374,9224.509374,57738.316948,8497.316640
str,5000,100,5001,5001,4223,4301,5001,5001,4970,2963,0.088368,0.059181,0.008502,0.057510,0.003549,0.005422,0.003284,0.006805,0.002122,8359.606531,8359.606531,8359.606531,55618.917994,6849.054578
str,5000,100,5001,5001,4223,4301,5001,5001,4970,2963,0.088368,0.059181,0.008502,0.057510,0.003844,0.006629,0.002891,0.004889,0.004866,8287.685390,8287.685390,8287.685390,47142.031141,7257.950358
str,5000,100,5001,5001,4223,4301,5001,5001,4970,2963,0.088368,0.059181,0.008502,0.057510,0.005635,0.007366,0.006155,0.006033,0.002133,8480.603392,8480.603392,8480.603392,44090.732281,6979.160109
str,5000,100,5001,5001,4223,4301,5001,5001,4970,2963,0.088368,0.059181,0.008502,0.057510,0.003247,0.007258,0.006047,0.007570,0.005867,9193.752100,9193.752100,9193.752100,62030.327151,8821.743883
str,5000,100,5001,5001,4223,4301,5001,5001,4970,2963,0.088368,0.059181,0.008502,0.057510,0.005416,0.006795,0.004964,0.006143,0.002080,8756.095434,8756.095434,8756.095434,49701.488453,8037.685435
str,5000,100,5001,5001,4223,4301,5001,5001,4970,2963,0.088368,0.059181,0.008502,0.057510,0.003255,0.006917,0.002874,0.004242,0.002069,7348.757474,7348.757474,7348.757474,46982.168458,6524.505409
str,5000,100,5001,5001,4223,4301,5001,5001,4970,2963,0.088368,0.059181,0.008502,0.057510,0.003453,0.005478,0.004236,0.004182,0.002044,8992.217815,8992.217815,8992.217815,54117.450457,8130.217126
str,5000,100,5001,5001,4223,4301,5001,5001,4970,2963,0.088368,0.059181,0.008502,0.057510,0.003481,0.005941,0.002797,0.004203,0.003628,8613.755504,8613.755504,8613.755504,52403.068203,7384.664052
str,5000,100,5001,5001,4223,4301,5001,5001,4970,2963,0.088368,0.059181,0.008502,0.057510,0.003332,0.005393,0.004798,0.005097,0.002076,7471.572889,7465.718683,7471.572889,48623.665982,6302.011493
str,5000,100,5001,5001,4223,4301,5001,5001,4970,2963,0.088368,0.059181,0.008502,0.057510,0.003329,0.005572,0.002844,0.004200,0.002279,8479.854266,8479.854266,8479.854266,61015.226807,8385.061308
str,5000,100,5001,5001,4223,4301,5001,5001,4970,2963,0.088368,0.059181,0.008502,0.057510,0.003460,0.005403,0.002795,0.004053,0.002433,10659.174202,10659.174202,10659.174202,55508.794387,8914.990062
str,5000,100,5001,5001,4223,4301,5001,5001,4970,2963,0.088368,0.059181,0.008502,0.057510,0.004112,0.005552,0.003019,0.004211,0.002112,8688.776444,8688.776444,8688.776444,52839.213099,7894.840184
str,5000,100,5001,5001,4223,4301,5001,5001,4970,2963,0.088368,0.059181,0.008502,0.057510,0.003256,0.005603,0.003018,0.004076,0.002040,9776.870672,9776.870672,9776.870672,55683.343369,8780.886095
str,5000,100,5001,5001,4223,4301,5001,5001,4970,2963,0.088368,0.059181,0.008502,0.057510,0.003285,0.009010,0.002972,0.004566,0.002101,9192.670486,9192.670486,9192.670486,56981.690278,8119.438549
str,5000,100,5001,5001,4223,4301,5001,5001,4970,2963,0.088368,0.059181,0.008502,0.057510,0.003248,0.006886,0.003274,0.004133,0.002065,8052.961412,8052.961412,8052.961412,51853.187669,7479.718540
str,5000,100,5001,5001,4223,4301,5001,5001,4970,2963,0.088368,0.059181,0.008502,0.057510,0.004449,0.005644,0.002878,0.006984,0.003376,9259.703393,9259.703393,9259.703393,49081.812938,7362.451993
str,5000,100,5001,5001,4223,4301,5001,5001,4970,2963,0.088368,0.059181,0.008502,0.057510,0.005065,0.016550,0.004764,0.006386,0.003998,7489.703606,7489.703606,7489.703606,50011.007434,6956.911013
str,5000,100,5001,5001,4223,4301,5001,5001,4970,2963,0.088368,0.059181,0.008502,0.057510,0.005272,0.006985,0.003303,0.004622,0.004544,7695.155492,7695.155492,7695.155492,48661.094433,6430.372564
str,5000,100,5001,5001,4223,4301,5001,5001,4970,2963,0.088368,0.059181,0.008502,0.057510,0.003255,0.007575,0.003710,0.004365,0.002326,7511.373043,7511.373043,7511.373043,49009.102451,7154.253197
str,5000,100,5001,5001,4223,4301,5001,5001,4970,2963,0.088368,0.059181,0.008502,0.057510,0.004242,0.005413,0.002897,0.005782,0.002029,8439.523729,8439.523729,8439.523729,51857.506455,7328.485561
str,5000,100,5001,5001,4223,4301,5001,5001,4970,2963,0.088368,0.059181,0.008502,0.057510,0.003234,0.008219,0.002960,0.005651,0.003794,7492.688060,7492.688060,7492.688060,56353.627658,7461.563608
str,5000,100,5001,5001,4223,4301,5001,5001,4970,2963,0.088368,0.059181,0.008502,0.057510,0.004906,0.005589,0.002891,0.004126,0.002076,7599.262006,7599.262006,7599.262006,50137.199970,6534.454712
str,5000,100,5001,5001,4223,4301,5001,5001,4970,2963,0.088368,0.059181,0.008502,0.057510,0.004301,0.005611,0.002807,0.004973,0.002029,10063.476433,10034.069638,10063.476433,55418.128118,8915.294666
str,5000,100,5001,5001,4223,4301,5001,5001,4970,2963,0.088368,0.059181,0.008502,0.057510,0.003452,0.007848,0.002814,0.004492,0.002220,9360.049764,9360.049764,9360.049764,56208.775563,7972.378136
str,5000,100,5001,5001,4223,4301,5001,5001,4970,2963,0.088368,0.059181,0.008502,0.057510,0.004847,0.006618,0.002900,0.004150,0.004312,7657.237446,7657.237446,7657.237446,51177.407219,7170.910148
str,5000,100,5001,5001,4223,4301,5001,5001,4970,2963,0.088368,0.059181,0.008502,0.057510,0.003761,0.005463,0.003495,0.007530,0.002337,7479.158377,7479.158377,7479.158377,51290.868100,6175.316650
str,5000,100,5001,5001,4223,4301,5001,5001,4970,2963,0.088368,0.059181,0.008502,0.057510,0.005282,0.006751,0.002819,0.006429,0.002078,7206.770180,7206.770180,7206.770180,44082.288298,5905.938699
str,5000,100,5001,5001,4223,4301,5001,5001,4970,2963,0.088368,0.059181,0.008502,0.057510,0.003279,0.006257,0.002967,0.004052,0.002059,8273.038590,8273.038590,8273.038590,53615.587047,7303.053012
str,5000,100,5001,5001,4223,4301,5001,5001,4970,2963,0.088368,0.059181,0.008502,0.057510,0.004587,0.005416,0.002796,0.007275,0.002940,7838.859316,7838.859316,7838.859316,51903.515798,6535.788128
str,5000,100,5001,5001,4223,4301,5001,5001,4970,2963,0.088368,0.059181,0.008502,0.057510,0.003343,0.007918,0.002875,0.004106,0.002251,8149.960235,8149.960235,8149.960235,55140.073544,6977.892162
str,5000,100,5001,5001,4223,4301,5001,5001,4970,2963,0.088368,0.059181,0.008502,0.057510,0.003232,0.006013,0.004981,0.004152,0.002029,10275.272816,10275.272816,10275.272816,58903.827723,9540.806661
str,5000,100,5001,5001,4223,4301,5001,5001,4970,2963,0.088368,0.059181,0.008502,0.057510,0.003236,0.005964,0.002778,0.004060,0.003979,9442.967190,9442.967190,9442.967190,57185.540035,9085.164893
str,5000,100,5001,5001,4223,4301,5001,5001,4970,2963,0.088368,0.059181,0.008502,0.057510,0.003228,0.005472,0.003349,0.004110,0.002025,8263.174143,8263.174143,8263.174143,52516.764543,7180.742423
str,5000,100,5001,5001,4223,4301,5001,5001,4970,2963,0.088368,0.059181,0.008502,0.057510,0.003218,0.007924,0.002811,0.004131,0.002030,9025.895968,9025.895968,9025.895968,55383.195353,8078.694672
str,5000,100,5001,5001,4223,4301,5001,5001,4970,2963,0.088368,0.059181,0.008502,0.057510,0.003361,0.005440,0.004268,0.004327,0.002064,9814.539719,9814.539719,9814.539719,51068.686011,8478.217462
str,5000,100,5001,5001,4223,4301,5001,5001,4970,2963,0.088368,0.059181,0.008502,0.057510,0.003287,0.005755,0.002813,0.004131,0.003518,7454.211420,7454.211420,7454.211420,51268.903458,6872.424685
str,5000,100,5001,5001,4223,4301,5001,5001,4970,2963,0.088368,0.059181,0.008502,0.057510,0.003428,0.005492,0.002915,0.004051,0.002167,8978.150539,8978.150539,8978.150539,59543.469096,7845.389819
str,5000,100,5001,5001,4223,4301,5001,5001,4970,2963,0.088368,0.059181,0.008502,0.057510,0.003225,0.010913,0.006172,0.008409,0.003143,9593.977185,9593.977185,9593.977185,53812.414501,8277.086343
str,5000,100,5001,5001,4223,4301,5001,5001,4970,2963,0.088368,0.059181,0.008502,0.057510,0.003492,0.006790,0.002995,0.004078,0.002256,9978.467401,9978.467401,9978.467401,54368.132370,8114.684271
str,5000,100,5001,5001,4223,4301,5001,5001,4970,2963,0.088368,0.059181,0.008502,0.057510,0.003828,0.008418,0.005231,0.004194,0.002094,9344.407961,9344.407961,9344.407961,60599.636121,8565.539419
str,5000,100,5001,5001,4223,4301,5001,5001,4970,2963,0.088368,0.059181,0.008502,0.057510,0.004860,0.007547,0.005091,0.005462,0.002060,9647.228738,9647.228738,9647.228738,61293.182856,9195.815228
str,5000,100,5001,5001,4223,4301,5001,5001,4970,2963,0.088368,0.059181,0.008502,0.057510,0.005353,0.005589,0.002826,0.005348,0.004428,7576.723293,7576.723293,7576.723293,51476.991703,6689.293755
str,5000,100,5001,5001,4223,4301,5001,5001,4970,2963,0.088368,0.059181,0.008502,0.057510,0.004410,0.006006,0.002809,0.004055,0.002039,8071.659055,8071.659055,8071.659055,50725.715681,7043.812839
str,5000,100,5001,5001,4223,4301,5001,5001,4970,2963,0.088368,0.059181,0.008502,0.057510,0.005553,0.005537,0.003196,0.007365,0.002088,9790.289918,9790.289918,9790.289918,59454.645569,8372.978219
str,5000,100,5001,5001,4223,4301,5001,5001,4970,2963,0.088368,0.059181,0.008502,0.057510,0.003708,0.006126,0.002766,0.004932,0.002091,8043.614577,8043.614577,8043.614577,52836.970031,7433.165793
str,5000,100,5001,5001,4223,4301,5001,5001,4970,2963,0.088368,0.059181,0.008502,0.057510,0.003288,0.005421,0.004665,0.004085,0.002107,7478.667388,7478.667388,7478.667388,47003.813489,7350.384394
str,5000,100,5001,5001,4223,4301,5001,5001,4970,2963,0.088368,0.059181,0.008502,0.057510,0.003229,0.005830,0.002762,0.004036,0.003774,8661.958772,8661.958772,8661.958772,52596.202696,8153.936164
str,5000,100,5001,5001,4223,4301,5001,5001,4970,2963,0.088368,0.059181,0.008502,0.057510,0.004260,0.005563,0.004696,0.004101,0.002027,8663.275037,8663.275037,8663.275037,56550.532637,8094.871938
str,5000,100,5001,5001,4223,4301,5001,5001,4970,2963,0.088368,0.059181,0.008502,0.057510,0.004832,0.005470,0.002800,0.004157,0.002488,10552.098229,10552.098229,10552.098229,58156.272510,8281.850938
str,5000,100,5001,5001,4223,4301,5001,5001,4970,2963,0.088368,0.059181,0.008502,0.057510,0.003223,0.006154,0.003157,0.004059,0.002029,7412.387807,7412.387807,7412.387807,52190.158456,6678.489775
str,5000,100,5001,5001,4223,4301,5001,5001,4970,2963,0.088368,0.059181,0.008502,0.057510,0.003306,0.005604,0.002815,0.004816,0.002109,6990.784340,6990.784340,6990.784340,47424.822995,6876.376864
str,5000,100,5001,5001,4223,4301,5001,5001,4970,2963,0.088368,0.059181,0.008502,0.057510,0.003235,0.008497,0.005508,0.005845,0.003426,8947.492750,8947.492750,8947.492750,52426.407744,7885.863115
str,5000,100,5001,5001,4223,4301,5001,5001,4970,2963,0.088368,0.059181,0.008502,0.057510,0.005302,0.006344,0.002806,0.004247,0.002045,9060.092533,9060.092533,9060.092533,53723.585153,7582.412513
str,5000,100,5001,5001,4223,4301,5001,5001,4970,2963,0.088368,0.059181,0.008502,0.057510,0.004224,0.005952,0.002790,0.004159,0.002058,9754.518333,9754.518333,9754.518333,53330.826821,8131.904074
str,5000,100,5001,5001,4223,4301,5001,5001,4970,2963,0.088368,0.059181,0.008502,0.057510,0.003675,0.006810,0.002892,0.004455,0.002040,8375.951907,8375.951907,8375.951907,57268.809006,6639.019240
str,5000,100,5001,5001,4223,4301,5001,5001,4970,2963,0.088368,0.059181,0.008502,0.057510,0.003286,0.005462,0.002833,0.005738,0.002031,8169.422469,8169.422469,8169.422469,45825.927681,7024.755878
str,5000,100,5001,5001,4223,4301,5001,5001,4970,2963,0.088368,0.059181,0.008502,0.057510,0.003409,0.008626,0.002889,0.004410,0.002296,9310.499003,9310.499003,9310.499003,53507.777811,8565.777316
str,5000,100,5001,5001,4223,4301,5001,5001,4970,2963,0.088368,0.059181,0.008502,0.057510,0.003664,0.006720,0.003002,0.004082,0.002059,9075.977666,9075.977666,9075.977666,50614.847381,7682.717272
str,5000,100,5001,5001,4223,4301,5001,5001,4970,2963,0.088368,0.059181,0.008502,0.057510,0.003395,0.007564,0.002768,0.005580,0.002209,9692.052436,9692.052436,9692.052436,56148.092934,8971.285437
str,5000,100,5001,5001,4223,4301,5001,5001,4970,2963,0.088368,0.059181,0.008502,0.057510,0.003239,0.006736,0.004521,0.004187,0.002121,8280.449127,8280.449127,8280.449127,52059.899450,7161.157478
str,5000,100,5001,5001,4223,4301,5001,5001,4970,2963,0.088368,0.059181,0.008502,0.057510,0.003552,0.005485,0.002801,0.006110,0.003913,8216.141272,8216.141272,8216.141272,49436.529393,7629.634338
str,5000,100,5001,5001,4223,4301,5001,5001,4970,2963,0.088368,0.059181,0.008502,0.057510,0.005280,0.007498,0.005737,0.005287,0.002152,8599.112052,8599.112052,8599.112052,51622.295998,6809.378069
str,5000,100,5001,5001,4223,4301,5001,5001,4970,2963,0.088368,0.059181,0.008502,0.057510,0.003305,0.008846,0.002947,0.004479,0.003946,9373.979404,9373.979404,9373.979404,53933.942749,7589.486472
str,5000,100,5001,5001,4223,4301,5001,5001,4970,2963,0.088368,0.059181,0.008502,0.057510,0.004001,0.009903,0.003284,0.004152,0.004016,8660.181498,8660.181498,8660.181498,50710.024460,7173.773376
str,5000,100,5001,5001,4223,4301,5001,5001,4970,2963,0.088368,0.059181,0.008502,0.057510,0.003247,0.005507,0.002972,0.004305,0.002036,9937.515685,9937.515685,9937.515685,54148.443275,8998.138319
str,5000,100,5001,5001,4223,4301,5001,5001,4970,2963,0.088368,0.059181,0.008502,0.057510,0.003223,0.007862,0.003572,0.004159,0.002031,8654.704033,8654.704033,8654.704033,52579.091405,7335.283020
str,5000,100,5001,5001,4223,4301,5001,5001,4970,2963,0.088368,0.059181,0.008502,0.057510,0.003379,0.005428,0.004749,0.007335,0.002563,8535.716420,8535.716420,8535.716420,55041.286579,7760.070364
str,5000,100,5001,5001,4223,4301,5001,5001,4970,2963,0.088368,0.059181,0.008502,0.057510,0.004120,0.007235,0.003381,0.008728,0.003345,9728.024492,9728.024492,9728.024492,54692.207815,8474.720813
str,5000,100,5001,5001,4223,4301,5001,5001,4970,2963,0.088368,0.059181,0.008502,0.057510,0.003683,0.005759,0.003466,0.005510,0.002941,7399.834673,7399.834673,7399.834673,44682.004732,6162.169044
str,5000,100,5001,5001,4223,4301,5001,5001,4970,2963,0.088368,0.059181,0.008502,0.057510,0.003591,0.005894,0.002880,0.005804,0.002059,7978.077587,7978.077587,7978.077587,52298.260971,6862.103173
str,5000,100,5001,5001,4223,4301,5001,5001,4970,2963,0.088368,0.059181,0.008502,0.057510,0.003334,0.006192,0.002995,0.004998,0.003347,8438.848813,8438.848813,8438.848813,49908.087840,7340.391514
str,5000,100,5001,5001,4223,4301,5001,5001,4970,2963,0.088368,0.059181,0.008502,0.057510,0.004404,0.008482,0.004914,0.005172,0.002253,8994.003788,8994.003788,8994.003788,51269.479121,8029.849159
str,5000,100,5001,5001,4223,4301,5001,5001,4970,2963,0.088368,0.059181,0.008502,0.057510,0.004027,0.006595,0.003065,0.004069,0.002121,7375.079954,7375.079954,7375.079954,48652.757124,6766.726070
str,5000,100,5001,5001,4223,4301,5001,5001,4970,2963,0.088368,0.059181,0.008502,0.057510,0.004646,0.006160,0.002842,0.008056,0.004013,8452.563739,8452.563739,8452.563739,54031.418717,8358.690449
str,5000,100,5001,5001,4223,4301,5001,5001,4970,2963,0.088368,0.059181,0.008502,0.057510,0.003730,0.006331,0.002818,0.005783,0.002115,10472.630035,10472.630035,10472.630035,61056.618784,8858.634902
str,5000,100,5001,5001,4223,4301,5001,5001,4970,2963,0.088368,0.059181,0.008502,0.057510,0.003215,0.005422,0.004868,0.004048,0.004908,9108.612225,9108.612225,9108.612225,49579.503664,7221.130570
str,5000,100,5001,5001,4223,4301,5001,5001,4970,2963,0.088368,0.059181,0.008502,0.057510,0.006240,0.008293,0.003497,0.004170,0.002034,8871.893918,8871.893918,8871.893918,56244.930641,7389.155109
str,5000,100,5001,5001,4223,4301,5001,5001,4970,2963,0.088368,0.059181,0.008502,0.057510,0.003645,0.005438,0.002796,0.005392,0.003666,8615.106603,8615.106603,8615.106603,55451.917597,8456.416639
str,5000,100,5001,5001,4223,4301,5001,5001,4970,2963,0.088368,0.059181,0.008502,0.057510,0.003344,0.005581,0.004609,0.004105,0.002112,8021.211141,8021.211141,8021.211141,53130.476445,7276.372777
str,5000,100,5001,5001,4223,4301,5001,5001,4970,2963,0.088368,0.059181,0.008502,0.057510,0.004068,0.007496,0.002974,0.004372,0.002043,7904.242946,7904.242946,7904.242946,47231.166240,7532.371214
str,5000,100,5001,5001,4223,4301,5001,5001,4970,2963,0.088368,0.059181,0.008502,0.057510,0.003212,0.007348,0.002883,0.004068,0.002614,7464.302338,7464.302338,7464.302338,45592.081313,6012.413057
str,5000,100,5001,5001,4223,4301,5001,5001,4970,2963,0.088368,0.059181,0.008502,0.057510,0.003613,0.005499,0.003511,0.004533,0.002099,9368.482469,9368.482469,9368.482469,51376.006916,9069.369196
str,5000,100,5001,5001,4223,4301,5001,5001,4970,2963,0.088368,0.059181,0.008502,0.057510,0.003214,0.005773,0.003225,0.004159,0.003323,8095.806464,8095.806464,8095.806464,58750.483533,7207.154378
str,5000,100,5001,5001,4223,4301,5001,5001,4970,2963,0.088368,0.059181,0.008502,0.057510,0.003292,0.005878,0.002935,0.004049,0.002148,7700.883406,7700.883406,7700.883406,50483.552092,7177.203813
str,5000,100,5001,5001,4223,4301,5001,5001,4970,2963,0.088368,0.059181,0.008502,0.057510,0.003217,0.007744,0.002877,0.004101,0.002065,8976.308239,8976.308239,8976.308239,53238.914954,7595.513829
str,5000,100,5001,5001,4223,4301,5001,5001,4970,2963,0.088368,0.059181,0.008502,0.057510,0.003247,0.005810,0.002865,0.005336,0.002059,9216.817989,9216.817989,9216.817989,57968.930361,7297.035723
str,5000,100,5001,5001,4223,4301,5001,5001,4970,2963,0.088368,0.059181,0.008502,0.057510,0.003385,0.005525,0.002835,0.004451,0.002063,7873.310201,7873.310201,7873.310201,47396.132542,6774.387017
str,5000,100,5001,5001,4223,4301,5001,5001,4970,2963,0.088368,0.059181,0.008502,0.057510,0.003695,0.005380,0.002847,0.005648,0.003480,8117.627955,8117.627955,8117.627955,50934.067690,7833.362082
str,5000,100,5001,5001,4223,4301,5001,5001,4970,2963,0.088368,0.059181,0.008502,0.057510,0.003952,0.006080,0.002800,0.004801,0.002066,7325.092861,7325.092861,7325.092861,51256.419409,6996.770533
str,5000,100,5001,5001,4223,4301,5001,5001,4970,2963,0.088368,0.059181,0.008502,0.057510,0.004139,0.008618,0.002887,0.004130,0.002448,9541.966086,9541.966086,9541.966086,60447.143738,8646.546662
str,5000,100,5001,5001,4223,4301,5001,5001,4970,2963,0.088368,0.059181,0.008502,0.057510,0.003452,0.005446,0.002892,0.007416,0.002061,9604.432421,9604.432421,9604.432421,53427.579646,8162.386977
str,5000,100,5001,5001,4223,4301,5001,5001,4970,2963,0.088368,0.059181,0.008502,0.057510,0.003206,0.005511,0.002803,0.006428,0.004374,8057.081913,8057.081913,8057.081913,52035.823348,7366.329586
str,5000,100,5001,5001,4223,4301,5001,5001,4970,2963,0.088368,0.059181,0.008502,0.057510,0.003240,0.005593,0.003053,0.004119,0.002041,8715.470415,8715.470415,8715.470415,51966.101337,7297.351891
weak,5000,100,5001,5001,4211,4405,5001,5001,4970,2958,0.108191,0.069819,0.011042,0.072968,0.003182,0.005274,0.002853,0.004087,0.002029,6508.809510,6508.809510,6508.809510,44646.829392,6257.556170
weak,5000,100,5001,5001,4211,4405,5001,5001,4970,2958,0.108191,0.069819,0.011042,0.072968,0.003846,0.005137,0.002820,0.004524,0.002307,6755.140889,6755.140889,6755.140889,50231.246451,6498.300803
weak,5000,100,5001,5001,4211,4405,5001,5001,4970,2958,0.108191,0.069819,0.011042,0.072968,0.003205,0.004672,0.004744,0.004100,0.002088,6096.753991,6096.753991,6096.753991,43236.984852,6095.835575
weak,5000,100,5001,5001,4211,4405,5001,5001,4970,2958,0.108191,0.069819,0.011042,0.072968,0.003215,0.005663,0.002831,0.005189,0.007272,7919.587566,7919.587566,7919.587566,39156.478914,7919.493870
weak,5000,100,5001,5001,4211,4405,5001,5001,4970,2958,0.108191,0.069819,0.011042,0.072968,0.005007,0.007241,0.003543,0.005188,0.005030,6349.938523,6349.938523,6349.938523,40441.715834,6130.811466
weak,5000,100,5001,5001,4211,4405,5001,5001,4970,2958,0.108191,0.069819,0.011042,0.072968,0.003325,0.005103,0.006551,0.004177,0.003080,5655.219901,5655.219901,5655.219901,45924.854234,5655.150272
weak,5000,100,5001,5001,4211,4405,5001,5001,4970,2958,0.108191,0.069819,0.011042,0.072968,0.005419,0.005346,0.002911,0.004269,0.002082,5821.421577,5821.421577,5821.421577,40004.702243,5821.394451
weak,5000,100,5001,5001,4211,4405,5001,5001,4970,2958,0.108191,0.069819,0.011042,0.072968,0.004347,0.005034,0.002801,0.004172,0.002047,5362.831600,5362.831600,5362.831600,40465.402597,4894.562385
weak,5000,100,5001,5001,4211,4405,5001,5001,4970,2958,0.108191,0.069819,0.011042,0.072968,0.003803,0.004668,0.008823,0.005751,0.002235,5036.807963,5036.807963,5036.807963,37584.431278,4863.216878
weak,5000,100,5001,5001,4211,4405,5001,5001,4970,2958,0.108191,0.069819,0.011042,0.072968,0.003230,0.005263,0.002826,0.008966,0.003956,7621.189100,7621.189100,7621.189100,41979.723860,7620.481802
weak,5000,100,5001,5001,4211,4405,5001,5001,4970,2958,0.108191,0.069819,0.011042,0.072968,0.004677,0.008044,0.004757,0.004171,0.002063,6138.803707,6138.803707,6138.803707,40916.924668,6138.336656
weak,5000,100,5001,5001,4211,4405,5001,5001,4970,2958,0.108191,0.069819,0.011042,0.072968,0.003633,0.004805,0.003041,0.007704,0.002206,5948.487749,5948.487749,5948.487749,35874.518541,5858.750336
weak,5000,100,5001,5001,4211,4405,5001,5001,4970,2958,0.108191,0.069819,0.011042,0.072968,0.003374,0.005610,0.005247,0.007908,0.002060,5688.031380,5688.031380,5688.031380,45467.524551,5687.909865
weak,5000,100,5001,5001,4211,4405,5001,5001,4970,2958,0.108191,0.069819,0.011042,0.072968,0.003226,0.005116,0.004396,0.004063,0.002029,6687.604888,6687.604888,6687.604888,43505.030290,6058.230357
weak,5000,100,5001,5001,4211,4405,5001,5001,4970,2958,0.108191,0.069819,0.011042,0.072968,0.003740,0.007405,0.007646,0.004186,0.002051,5411.548698,5411.548698,5411.548698,41019.953150,5228.783441
weak,5000,100,5001,5001,4211,4405,5001,5001,4970,2958,0.108191,0.069819,0.011042,0.072968,0.003648,0.004793,0.002824,0.004067,0.003369,7424.963899,7424.963899,7424.963899,47556.403945,7424.814265
weak,5000,100,5001,5001,4211,4405,5001,5001,4970,2958,0.108191,0.069819,0.011042,0.072968,0.003256,0.004636,0.003114,0.006298,0.002032,7280.665238,7280.665238,7280.665238,44877.688207,7280.481664
weak,5000,100,5001,5001,4211,4405,5001,5001,4970,2958,0.108191,0.069819,0.011042,0.072968,0.003224,0.007022,0.003042,0.004059,0.003531,6355.524862,6355.524862,6355.524862,44116.440773,5252.476674
weak,5000,100,5001,5001,4211,4405,5001,5001,4970,2958,0.108191,0.069819,0.011042,0.072968,0.003313,0.004817,0.004965,0.004127,0.002003,5418.041966,5418.041966,5418.041966,40983.990948,5157.999759
weak,5000,100,5001,5001,4211,4405,5001,5001,4970,2958,0.108191,0.069819,0.011042,0.072968,0.003318,0.005306,0.002909,0.010192,0.003532,7344.553075,7344.553075,7344.553075,40243.389378,6759.777004
weak,5000,100,5001,5001,4211,4405,5001,5001,4970,2958,0.108191,0.069819,0.011042,0.072968,0.004831,0.008512,0.004907,0.010623,0.002160,6061.512768,6061.512768,6061.512768,38034.872164,5930.835708
weak,5000,100,5001,5001,4211,4405,5001,5001,4970,2958,0.108191,0.069819,0.011042,0.072968,0.003337,0.005321,0.002825,0.004179,0.002043,6786.109522,6786.109522,6786.109522,45112.870056,6020.790194
weak,5000,100,5001,5001,4211,4405,5001,5001,4970,2958,0.108191,0.069819,0.011042,0.072968,0.003771,0.005371,0.003417,0.004422,0.002104,7501.804458,7501.804458,7501.804458,49149.904648,7501.665789
weak,5000,100,5001,5001,4211,4405,5001,5001,4970,2958,0.108191,0.069819,0.011042,0.072968,0.004807,0.004998,0.002827,0.007509,0.002050,5735.976864,5735.976864,5735.976864,40324.317041,5023.961512
weak,5000,100,5001,5001,4211,4405,5001,5001,4970,2958,0.108191,0.069819,0.011042,0.072968,0.003195,0.004705,0.002817,0.005664,0.003093,6690.239920,6690.239920,6690.239920,46708.411376,6266.780244
weak,5000,100,5001,5001,4211,4405,5001,5001,4970,2958,0.108191,0.069819,0.011042,0.072968,0.005966,0.009669,0.005391,0.008561,0.002148,6441.675218,6441.675218,6441.675218,45878.012103,6135.112705
weak,5000,100,5001,5001,4211,4405,5001,5001,4970,2958,0.108191,0.069819,0.011042,0.072968,0.004022,0.008589,0.004744,0.006179,0.002044,5785.123902,5785.123902,5785.123902,45616.453525,5784.325167
weak,5000,100,5001,5001,4211,4405,5001,5001,4970,2958,0.108191,0.069819,0.011042,0.072968,0.003211,0.005678,0.002876,0.004069,0.002018,5577.688046,5577.688046,5577.688046,39261.171404,5016.827898
weak,5000,100,5001,5001,4211,4405,5001,5001,4970,2958,0.108191,0.069819,0.011042,0.072968,0.004272,0.005089,0.002831,0.004503,0.002028,6028.479093,6010.063709,6028.479093,45757.417473,5941.793095
weak,5000,100,5001,5001,4211,4405,5001,5001,4970,2958,0.108191,0.069819,0.011042,0.072968,0.003211,0.005925,0.005595,0.007175,0.003883,6817.560576,6817.560576,6817.560576,43531.892719,6817.465559
weak,5000,100,5001,5001,4211,4405,5001,5001,4970,2958,0.108191,0.069819,0.011042,0.072968,0.005236,0.004798,0.003487,0.004074,0.002052,6400.995246,6400.995246,6400.995246,43763.255585,6400.526080
weak,5000,100,5001,5001,4211,4405,5001,5001,4970,2958,0.108191,0.069819,0.011042,0.072968,0.003657,0.004701,0.002821,0.004608,0.003042,5566.126204,5566.126204,5566.126204,42817.961688,5565.018941
weak,5000,100,5001,5001,4211,4405,5001,5001,4970,2958,0.108191,0.069819,0.011042,0.072968,0.003237,0.004647,0.003017,0.004128,0.002030,8093.489993,8093.489993,8093.489993,53452.916020,6816.423434
weak,5000,100,5001,5001,4211,4405,5001,5001,4970,2958,0.108191,0.069819,0.011042,0.072968,0.003214,0.008067,0.002880,0.004310,0.002062,7142.817950,7142.817950,7142.817950,46573.865686,7063.664494
weak,5000,100,5001,5001,4211,4405,5001,5001,4970,2958,0.108191,0.069819,0.011042,0.072968,0.003972,0.004713,0.004590,0.004276,0.002064,6612.819375,6612.819375,6612.819375,47281.584706,6504.141551
weak,5000,100,5001,5001,4211,4405,5001,5001,4970,2958,0.108191,0.069819,0.011042,0.072968,0.003353,0.005199,0.002823,0.004102,0.003065,7975.481970,7975.481970,7975.481970,46280.935636,7794.758751
weak,5000,100,5001,5001,4211,4405,5001,5001,4970,2958,0.108191,0.069819,0.011042,0.072968,0.003734,0.004694,0.002988,0.004423,0.002065,6965.424169,6965.424169,6965.424169,50109.726048,6965.005576
weak,5000,100,5001,5001,4211,4405,5001,5001,4970,2958,0.108191,0.069819,0.011042,0.072968,0.003218,0.005895,0.004053,0.004295,0.002072,5753.941438,5753.941438,5753.941438,39197.135294,5140.150778
weak,5000,100,5001,5001,4211,4405,5001,5001,4970,2958,0.108191,0.069819,0.011042,0.072968,0.003378,0.014018,0.004540,0.004552,0.002091,4794.674492,4794.674492,4794.674492,35212.879232,4610.073408
weak,5000,100,5001,5001,4211,4405,5001,5001,4970,2958,0.108191,0.069819,0.011042,0.072968,0.005341,0.007100,0.002863,0.006124,0.002099,6726.850898,6726.850898,6726.850898,40360.834378,6725.865217
weak,5000,100,5001,5001,4211,4405,5001,5001,4970,2958,0.108191,0.069819,0.011042,0.072968,0.003238,0.006293,0.005333,0.004231,0.002427,5963.068164,5963.068164,5963.068164,42431.504925,5734.426366
weak,5000,100,5001,5001,4211,4405,5001,5001,4970,2958,0.108191,0.069819,0.011042,0.072968,0.003379,0.004697,0.002850,0.005474,0.002638,5930.588181,5930.588181,5930.588181,39747.559077,5656.504980
weak,5000,100,5001,5001,4211,4405,5001,5001,4970,2958,0.108191,0.069819,0.011042,0.072968,0.003195,0.005088,0.002835,0.004048,0.002017,5154.804474,5154.804474,5154.804474,40975.664613,5058.945103
weak,5000,100,5001,5001,4211,4405,5001,5001,4970,2958,0.108191,0.069819,0.011042,0.072968,0.003335,0.009840,0.005495,0.009393,0.003864,7111.072366,7111.072366,7111.072366,48563.957041,6724.183960
weak,5000,100,5001,5001,4211,4405,5001,5001,4970,2958,0.108191,0.069819,0.011042,0.072968,0.006701,0.010300,0.003470,0.004113,0.002020,6227.400107,6227.400107,6227.400107,38547.602784,6226.243088
weak,5000,100,5001,5001,4211,4405,5001,5001,4970,2958,0.108191,0.069819,0.011042,0.072968,0.004863,0.004729,0.002785,0.009190,0.002057,5936.557552,5936.557552,5936.557552,45638.444042,5936.523874
weak,5000,100,5001,5001,4211,4405,5001,5001,4970,2958,0.108191,0.069819,0.011042,0.072968,0.005212,0.004698,0.002857,0.004155,0.002416,8487.895261,8487.895261,8487.895261,46127.212252,7915.107266
weak,5000,100,5001,5001,4211,4405,5001,5001,4970,2958,0.108191,0.069819,0.011042,0.072968,0.003222,0.004653,0.004459,0.004146,0.002019,6700.542149,6700.542149,6700.542149,46467.042420,6009.719978
weak,5000,100,5001,5001,4211,4405,5001,5001,4970,2958,0.108191,0.069819,0.011042,0.072968,0.003227,0.013247,0.004416,0.004521,0.002083,5885.938383,5885.938383,5885.938383,41240.456239,5885.561235
weak,5000,100,5001,5001,4211,4405,5001,5001,4970,2958,0.108191,0.069819,0.011042,0.072968,0.003328,0.005253,0.002906,0.004330,0.002809,5853.661875,5853.661875,5853.661875,41003.559716,4867.477461
weak,5000,100,5001,5001,4211,4405,5001,5001,4970,2958,0.108191,0.069819,0.011042,0.072968,0.003554,0.004647,0.003044,0.004158,0.002069,5316.027181,5316.027181,5316.027181,39182.158390,4554.799500
weak,5000,100,5001,5001,4211,4405,5001,5001,4970,2958,0.108191,0.069819,0.011042,0.072968,0.003202,0.006321,0.003067,0.004099,0.002139,5765.927761,5765.927761,5765.927761,44498.564454,5763.671922
weak,5000,100,5001,5001,4211,4405,5001,5001,4970,2958,0.108191,0.069819,0.011042,0.072968,0.003178,0.004928,0.002775,0.005682,0.002057,6664.710129,6664.710129,6664.710129,47617.619958,6663.827990
weak,5000,100,5001,5001,4211,4405,5001,5001,4970,2958,0.108191,0.069819,0.011042,0.072968,0.003402,0.005237,0.002810,0.004487,0.002150,8140.884125,8140.884125,8140.884125,48653.603305,7674.311205
weak,5000,100,5001,5001,4211,4405,5001,5001,4970,2958,0.108191,0.069819,0.011042,0.072968,0.005427,0.005052,0.002866,0.006694,0.003752,7140.161675,7140.161675,7140.161675,44980.393174,7139.820035
weak,5000,100,5001,5001,4211,4405,5001,5001,4970,2958,0.108191,0.069819,0.011042,0.072968,0.005519,0.011450,0.005545,0.004163,0.003721,7750.317729,7750.317729,7750.317729,43373.649066,6236.800483
weak,5000,100,5001,5001,4211,4405,5001,5001,4970,2958,0.108191,0.069819,0.011042,0.072968,0.003561,0.004710,0.006563,0.004811,0.002032,5930.943254,5930.943254,5930.943254,37529.281690,5844.894684
weak,5000,100,5001,5001,4211,4405,5001,5001,4970,2958,0.108191,0.069819,0.011042,0.072968,0.007678,0.004736,0.002812,0.005732,0.002078,7538.751803,7538.751803,7538.751803,45021.609848,6674.129666
weak,5000,100,5001,5001,4211,4405,5001,5001,4970,2958,0.108191,0.069819,0.011042,0.072968,0.003233,0.008043,0.003697,0.004650,0.002589,8196.699104,8196.699104,8196.699104,47074.976027,8196.181845
weak,5000,100,5001,5001,4211,4405,5001,5001,4970,2958,0.108191,0.069819,0.011042,0.072968,0.005487,0.005623,0.003148,0.004101,0.002033,6195.841593,6195.841593,6195.841593,42593.611944,6111.156292
weak,5000,100,5001,5001,4211,4405,5001,5001,4970,2958,0.108191,0.069819,0.011042,0.072968,0.004817,0.007365,0.008076,0.007800,0.002423,6426.573088,6426.573088,6426.573088,45313.063426,6426.167636
weak,5000,100,5001,5001,4211,4405,5001,5001,4970,2958,0.108191,0.069819,0.011042,0.072968,0.004354,0.004731,0.006964,0.004355,0.002046,6326.993225,6326.993225,6326.993225,41244.007234,5734.572723
weak,5000,100,5001,5001,4211,4405,5001,5001,4970,2958,0.108191,0.069819,0.011042,0.072968,0.006412,0.004743,0.002997,0.006524,0.002059,7243.403371,7243.403371,7243.403371,45340.302568,6042.599789
weak,5000,100,5001,5001,4211,4405,5001,5001,4970,2958,0.108191,0.069819,0.011042,0.072968,0.003202,0.005043,0.003386,0.004135,0.002022,6609.267707,6609.267707,6609.267707,39426.072458,5935.670657
weak,5000,100,5001,5001,4211,4405,5001,5001,4970,2958,0.108191,0.069819,0.011042,0.072968,0.003661,0.004776,0.002808,0.007095,0.004070,5236.218972,5236.218972,5236.218972,37310.054935,5235.948200
weak,5000,100,5001,5001,4211,4405,5001,5001,4970,2958,0.108191,0.069819,0.011042,0.072968,0.008913,0.008136,0.005679,0.006423,0.003953,5177.919142,5177.919142,5177.919142,40516.246040,4643.265154
weak,5000,100,5001,5001,4211,4405,5001,5001,4970,2958,0.108191,0.069819,0.011042,0.072968,0.003263,0.007375,0.002889,0.006244,0.002083,5029.289721,5029.289721,5029.289721,36848.115328,4719.196771
weak,5000,100,5001,5001,4211,4405,5001,5001,4970,2958,0.108191,0.069819,0.011042,0.072968,0.004646,0.006564,0.005196,0.005524,0.002474,5967.427457,5967.427457,5967.427457,43532.403584,5431.816248
weak,5000,100,5001,5001,4211,4405,5001,5001,4970,2958,0.108191,0.069819,0.011042,0.072968,0.004421,0.004782,0.003080,0.004260,0.002005,6221.770287,6221.770287,6221.770287,44113.478176,6221.267906
weak,5000,100,5001,5001,4211,4405,5001,5001,4970,2958,0.108191,0.069819,0.011042,0.072968,0.003256,0.004873,0.005501,0.008461,0.002119,6787.372451,6787.372451,6787.372451,42333.294427,6125.651142
weak,5000,100,5001,5001,4211,4405,5001,5001,4970,2958,0.108191,0.069819,0.011042,0.072968,0.003210,0.004673,0.003434,0.005511,0.002017,6537.980988,6537.980988,6537.980988,41757.664292,6355.515744
weak,5000,100,5001,5001,4211,4405,5001,5001,4970,2958,0.108191,0.069819,0.011042,0.072968,0.003367,0.005167,0.002893,0.004065,0.002364,7047.026143,7047.026143,7047.026143,42052.916136,5351.955093
weak,5000,100,5001,5001,4211,4405,5001,5001,4970,2958,0.108191,0.069819,0.011042,0.072968,0.004726,0.004708,0.002799,0.004309,0.002016,6774.320719,6774.320719,6774.320719,41115.173106,6774.153651
weak,5000,100,5001,5001,4211,4405,5001,5001,4970,2958,0.108191,0.069819,0.011042,0.072968,0.003232,0.004960,0.004337,0.004076,0.002083,6217.721450,6217.721450,6217.721450,43870.873486,6217.519962
weak,5000,100,5001,5001,4211,4405,5001,5001,4970,2958,0.108191,0.069819,0.011042,0.072968,0.003792,0.004713,0.002771,0.004414,0.002914,7925.695075,7925.695075,7925.695075,52186.131746,7026.231581
weak,5000,100,5001,5001,4211,4405,5001,5001,4970,2958,0.108191,0.069819,0.011042,0.072968,0.003217,0.004830,0.003444,0.004073,0.002097,6288.211706,6288.211706,6288.211706,45700.157617,5999.568357
weak,5000,100,5001,5001,4211,4405,5001,5001,4970,2958,0.108191,0.069819,0.011042,0.072968,0.003246,0.006420,0.002778,0.004078,0.002038,5814.228351,5814.228351,5814.228351,44812.071877,5682.689910
weak,5000,100,5001,5001,4211,4405,5001,5001,4970,2958,0.108191,0.069819,0.011042,0.072968,0.003229,0.004661,0.002792,0.008765,0.002070,5140.423183,5140.423183,5140.423183,39519.929766,4795.981469
weak,5000,100,5001,5001,4211,4405,5001,5001,4970,2958,0.108191,0.069819,0.011042,0.072968,0.003206,0.005250,0.003037,0.004123,0.002938,6505.290362,6505.290362,6505.290362,46446.291139,6068.425308
weak,5000,100,5001,5001,4211,4405,5001,5001,4970,2958,0.108191,0.069819,0.011042,0.072968,0.003873,0.004692,0.003387,0.007293,0.003509,5211.128320,5211.128320,5211.128320,41002.522648,4446.143028
weak,5000,100,5001,5001,4211,4405,5001,5001,4970,2958,0.108191,0.069819,0.011042,0.072968,0.004872,0.004765,0.002823,0.005718,0.002068,10190.275375,10190.275375,10190.275375,49521.993721,10190.167961
weak,5000,100,5001,5001,4211,4405,5001,5001,4970,2958,0.108191,0.069819,0.011042,0.072968,0.003293,0.006814,0.003179,0.004061,0.002140,6110.745616,6110.745616,6110.745616,43128.535865,5903.137065
weak,5000,100,5001,5001,4211,4405,5001,5001,4970,2958,0.108191,0.069819,0.011042,0.072968,0.003176,0.005094,0.002811,0.010218,0.003753,6420.867961,6420.867961,6420.867961,39193.109130,6294.030809
weak,5000,100,5001,5001,4211,4405,5001,5001,4970,2958,0.108191,0.069819,0.011042,0.072968,0.006173,0.006266,0.004370,0.006941,0.003056,5595.847578,5595.847578,5595.847578,41589.359131,5547.042161
weak,5000,100,5001,5001,4211,4405,5001,5001,4970,2958,0.108191,0.069819,0.011042,0.072968,0.003474,0.004828,0.005211,0.009364,0.004485,6090.986520,6090.986520,6090.986520,40666.337826,6071.133444
weak,5000,100,5001,5001,4211,4405,5001,5001,4970,2958,0.108191,0.069819,0.011042,0.072968,0.003420,0.004709,0.002965,0.005834,0.002068,4986.280293,4986.280293,4986.280293,34527.478546,4406.807777
weak,5000,100,5001,5001,4211,4405,5001,5001,4970,2958,0.108191,0.069819,0.011042,0.072968,0.003456,0.006761,0.002919,0.004087,0.002023,6019.862221,6019.862221,6019.862221,44883.504995,6019.297329
weak,5000,100,5001,5001,4211,4405,5001,5001,4970,2958,0.108191,0.069819,0.011042,0.072968,0.005064,0.006862,0.003750,0.004294,0.002043,7220.340873,7220.340873,7220.340873,45039.431296,6030.672954
weak,5000,100,5001,5001,4211,4405,5001,5001,4970,2958,0.108191,0.069819,0.011042,0.072968,0.005479,0.004737,0.002847,0.010309,0.002083,6387.225188,6387.225188,6387.225188,38403.186172,6347.430634
weak,5000,100,5001,5001,4211,4405,5001,5001,4970,2958,0.108191,0.069819,0.011042,0.072968,0.003230,0.006519,0.002833,0.004144,0.002329,7087.344589,7087.344589,7087.344589,46571.406999,7086.808777
weak,5000,100,5001,5001,4211,4405,5001,5001,4970,2958,0.108191,0.069819,0.011042,0.072968,0.006250,0.006973,0.013043,0.004189,0.002068,5974.333919,5974.333919,5974.333919,40216.075262,5885.827287
weak,5000,100,5001,5001,4211,4405,5001,5001,4970,2958,0.108191,0.069819,0.011042,0.072968,0.005567,0.006987,0.002862,0.007212,0.002111,6154.403150,6154.403150,6154.403150,43331.213392,5850.916019
weak,5000,100,5001,5001,4211,4405,5001,5001,4970,2958,0.108191,0.069819,0.011042,0.072968,0.003203,0.004874,0.003249,0.004180,0.002004,5520.437414,5520.437414,5520.437414,39360.524118,4929.088757
weak,5000,100,5001,5001,4211,4405,5001,5001,4970,2958,0.108191,0.069819,0.011042,0.072968,0.003702,0.005136,0.003985,0.005860,0.002110,5875.053438,5875.053438,5875.053438,42942.379225,5874.547690
weak,5000,100,5001,5001,4211,4405,5001,5001,4970,2958,0.108191,0.069819,0.011042,0.072968,0.003268,0.004840,0.002960,0.004288,0.002093,6457.305836,6457.305836,6457.305836,44784.870255,6277.923278
weak,5000,100,5001,5001,4211,4405,5001,5001,4970,2958,0.108191,0.069819,0.011042,0.072968,0.003411,0.005740,0.002830,0.004236,0.002121,6074.148747,6074.148747,6074.148747,42434.659071,6072.935460
weak,5000,100,5001,5001,4211,4405,5001,5001,4970,2958,0.108191,0.069819,0.011042,0.072968,0.003553,0.004803,0.002828,0.004153,0.002062,5544.073880,5544.073880,5544.073880,40148.714543,5464.486733
weak,5000,100,5001,5001,4211,4405,5001,5001,4970,2958,0.108191,0.069819,0.011042,0.072968,0.003199,0.004735,0.002981,0.004113,0.002016,4816.263291,4816.263291,4816.263291,39585.654455,4538.317838
weak,5000,100,5001,5001,4211,4405,5001,5001,4970,2958,0.108191,0.069819,0.011042,0.072968,0.004348,0.004968,0.002859,0.004207,0.002032,6819.025432,6819.025432,6819.025432,43899.413246,6818.678374
weak,5000,100,5001,5001,4211,4405,5001,5001,4970,2958,0.108191,0.069819,0.011042,0.072968,0.003336,0.004670,0.002981,0.004157,0.002028,5260.861822,5260.861822,5260.861822,37677.522949,4945.367419
