typename,time_original,time_columOpt_prealloc,time_columOpt_prealloc_V1,time_fminknap,resOpt_v1,resOpt,resFmin
-tsize: 50001, s_size: 48543, n: 100, capac: 50000
uncorr,0.000000,0.090163,0.097106,0.000018,232219.711097,232219.711097,232219.711097
uncorr,0.000000,0.109456,0.107265,0.000010,198345.326860,198345.326860,198345.326860
uncorr,0.000000,0.100695,0.091262,0.000010,281804.265999,281804.265999,281804.265999
uncorr,0.000000,0.090004,0.091173,0.000007,225455.798664,225455.798664,225455.798664
uncorr,0.000000,0.090414,0.108030,0.000012,219848.046259,219848.046259,219848.046259
uncorr,0.000000,0.089721,0.091056,0.000010,220365.848233,220365.848233,220365.848233
uncorr,0.000000,0.091831,0.091748,0.000009,312535.316998,312535.316998,312535.316998
uncorr,0.000000,0.091724,0.092766,0.000012,239331.852120,239331.852120,239331.852120
uncorr,0.000000,0.089898,0.092003,0.000012,229871.013943,229871.013943,229871.013943
uncorr,0.000000,0.089688,0.090724,0.000010,180650.705989,180650.705989,180650.705989
uncorr,0.000001,0.093617,0.101756,0.000021,189190.760074,189190.760074,189190.760074
uncorr,0.000000,0.091366,0.089934,0.000011,214341.752097,214341.752097,214341.752097
uncorr,0.000001,0.091406,0.100348,0.000015,241798.750046,241798.750046,241798.750046
uncorr,0.000001,0.100022,0.104997,0.000011,272422.023612,272422.023612,272422.023612
uncorr,0.000000,0.097980,0.096855,0.000008,248896.149517,248896.149517,248896.149517
uncorr,0.000000,0.090290,0.138037,0.000011,279651.161910,279651.161910,279651.161910
uncorr,0.000001,0.111351,0.112128,0.000008,214647.597735,214647.597735,214647.597735
uncorr,0.000000,0.125021,0.117177,0.000010,276708.906483,276708.906483,276708.906483
uncorr,0.000000,0.125779,0.104589,0.000009,233438.668772,233438.668772,233438.668772
uncorr,0.000000,0.091221,0.099608,0.000010,291469.406075,291469.406075,291469.406075
uncorr,0.000000,0.090347,0.090547,0.000016,264828.558935,264828.558935,264828.558935
uncorr,0.000000,0.090436,0.089976,0.000012,253521.835476,253521.835476,253521.835476
uncorr,0.000000,0.091245,0.090356,0.000010,252986.858981,252986.858981,252986.858981
uncorr,0.000001,0.091054,0.090635,0.000007,291234.233929,291234.233929,291234.233929
uncorr,0.000000,0.098289,0.092362,0.000008,223962.785951,223962.785951,223962.785951
uncorr,0.000000,0.089863,0.090869,0.000016,251260.745753,251260.745753,251260.745753
uncorr,0.000000,0.092196,0.104085,0.000020,233713.644525,233713.644525,233713.644525
uncorr,0.000000,0.102227,0.090980,0.000011,222945.841960,222945.841960,222945.841960
uncorr,0.000000,0.090604,0.123082,0.000008,244608.678112,244608.678112,244608.678112
uncorr,0.000000,0.105990,0.099677,0.000009,197697.354630,197697.354630,197697.354630
uncorr,0.000000,0.095583,0.091764,0.000008,179357.838990,179357.838990,179357.838990
uncorr,0.000000,0.092351,0.090707,0.000012,230869.047124,230869.047124,230869.047124
uncorr,0.000001,0.089998,0.123065,0.000011,264212.744697,264212.744697,264212.744697
uncorr,0.000000,0.110210,0.090933,0.000013,197634.568918,197634.568918,197634.568918
uncorr,0.000001,0.105233,0.091146,0.000007,238793.195335,238793.195335,238793.195335
uncorr,0.000000,0.094377,0.091129,0.000009,232538.079836,232538.079836,232538.079836
uncorr,0.000001,0.091184,0.090920,0.000012,318623.237812,318623.237812,318623.237812
uncorr,0.000000,0.091796,0.091955,0.000010,235447.046112,235447.046112,235447.046112
uncorr,0.000000,0.095117,0.092691,0.000008,250204.622235,250204.622235,250204.622235
uncorr,0.000000,0.095763,0.091288,0.000009,238986.691958,238986.691958,238986.691958
uncorr,0.000001,0.093394,0.091330,0.000013,205958.087150,205958.087150,205958.087150
uncorr,0.000000,0.091616,0.090888,0.000014,264152.070301,264152.070301,264152.070301
uncorr,0.000000,0.089690,0.121766,0.000016,240813.816153,240813.816153,240813.816153
uncorr,0.000001,0.141502,0.113409,0.000010,293155.274488,293155.274488,293155.274488
uncorr,0.000000,0.114894,0.117858,0.000015,275756.259731,275756.259731,275756.259731
uncorr,0.000000,0.117721,0.103584,0.000009,217190.480547,217190.480547,217190.480547
uncorr,0.000000,0.090107,0.098017,0.000011,271565.189285,271565.189285,271565.189285
uncorr,0.000000,0.100964,0.090384,0.000012,252405.030588,252405.030588,252405.030588
uncorr,0.000000,0.090352,0.090420,0.000010,242146.268267,242146.268267,242146.268267
uncorr,0.000000,0.092671,0.090325,0.000011,229754.347814,229754.347814,229754.347814
uncorr,0.000000,0.090228,0.091907,0.000009,253964.797725,253964.797725,253964.797725
uncorr,0.000001,0.119383,0.122735,0.000010,251943.749100,251943.749100,251943.749100
uncorr,0.000000,0.104088,0.102829,0.000015,279782.817549,279782.817549,279782.817549
uncorr,0.000000,0.098584,0.100695,0.000008,245640.474240,245640.474240,245640.474240
uncorr,0.000001,0.097983,0.090920,0.000012,219712.294462,219712.294462,219712.294462
uncorr,0.000000,0.095092,0.091672,0.000011,249484.667547,249484.667547,249484.667547
uncorr,0.000000,0.094259,0.090948,0.000008,232928.045644,232928.045644,232928.045644
uncorr,0.000000,0.090109,0.090407,0.000010,213339.948072,213339.948072,213339.948072
uncorr,0.000001,0.091055,0.091427,0.000016,248331.229811,248331.229811,248331.229811
uncorr,0.000000,0.090390,0.092876,0.000009,253563.809559,253563.809559,253563.809559
uncorr,0.000000,0.093302,0.093348,0.000011,255871.434424,255871.434424,255871.434424
uncorr,0.000000,0.090413,0.090179,0.000009,276496.011399,276496.011399,276496.011399
uncorr,0.000000,0.090460,0.090758,0.000014,238587.181179,238587.181179,238587.181179
uncorr,0.000000,0.091722,0.092340,0.000010,207549.420154,207549.420154,207549.420154
uncorr,0.000000,0.090207,0.091190,0.000010,234371.290419,234371.290419,234371.290419
uncorr,0.000000,0.089558,0.091707,0.000007,276947.468925,276947.468925,276947.468925
uncorr,0.000000,0.089679,0.093317,0.000016,219809.907655,219809.907655,219809.907655
uncorr,0.000000,0.090329,0.091859,0.000009,214625.273288,214625.273288,214625.273288
uncorr,0.000000,0.090357,0.090733,0.000008,220175.302759,220175.302759,220175.302759
uncorr,0.000000,0.090510,0.089999,0.000008,270492.411873,270492.411873,270492.411873
uncorr,0.000000,0.091787,0.090405,0.000017,252190.390337,252190.390337,252190.390337
uncorr,0.000000,0.091339,0.090339,0.000010,247538.863781,247538.863781,247538.863781
uncorr,0.000001,0.091652,0.093737,0.000007,198134.306468,198134.306468,198134.306468
uncorr,0.000001,0.090631,0.091709,0.000012,226288.441038,226288.441038,226288.441038
uncorr,0.000000,0.089755,0.094590,0.000011,233244.665714,233244.665714,233244.665714
uncorr,0.000000,0.093316,0.092220,0.000009,220925.730406,220925.730406,220925.730406
uncorr,0.000001,0.092124,0.090739,0.000013,266170.962747,266170.962747,266170.962747
uncorr,0.000001,0.091642,0.090774,0.000009,211689.640722,211689.640722,211689.640722
uncorr,0.000000,0.090560,0.093356,0.000009,279990.504662,279990.504662,279990.504662
uncorr,0.000000,0.090621,0.091428,0.000014,251845.132305,251845.132305,251845.132305
uncorr,0.000000,0.089903,0.089932,0.000010,221281.782387,221281.782387,221281.782387
uncorr,0.000000,0.090488,0.090573,0.000007,219330.411093,219330.411093,219330.411093
uncorr,0.000000,0.092011,0.090678,0.000014,257312.110943,257312.110943,257312.110943
uncorr,0.000000,0.090171,0.090672,0.000010,277132.176696,277132.176696,277132.176696
uncorr,0.000000,0.089514,0.091066,0.000011,275278.676261,275278.676261,275278.676261
uncorr,0.000001,0.089900,0.090669,0.000009,262327.261738,262327.261738,262327.261738
uncorr,0.000000,0.089870,0.090337,0.000009,281374.391396,281374.391396,281374.391396
uncorr,0.000000,0.090961,0.093748,0.000022,226005.646401,226005.646401,226005.646401
uncorr,0.000000,0.089782,0.091373,0.000011,164740.657267,164740.657267,164740.657267
uncorr,0.000000,0.091694,0.091565,0.000011,236139.345259,236139.345259,236139.345259
uncorr,0.000001,0.089527,0.090277,0.000016,240325.644879,240325.644879,240325.644879
uncorr,0.000000,0.089967,0.111451,0.000012,205515.580004,205515.580004,205515.580004
uncorr,0.000000,0.090960,0.090257,0.000009,280197.405432,280197.405432,280197.405432
uncorr,0.000000,0.089897,0.092138,0.000008,215956.895271,215956.895271,215956.895271
uncorr,0.000000,0.091152,0.092163,0.000014,243708.566529,243708.566529,243708.566529
uncorr,0.000000,0.093013,0.091325,0.000012,250551.821436,250551.821436,250551.821436
uncorr,0.000000,0.096129,0.092008,0.000010,256080.605917,256080.605917,256080.605917
uncorr,0.000001,0.089894,0.091157,0.000011,219536.879368,219536.879368,219536.879368
uncorr,0.000000,0.090946,0.091165,0.000011,237417.081205,237417.081205,237417.081205
uncorr,0.000000,0.090348,0.114087,0.000013,247239.188049,247239.188049,247239.188049
-tsize: 50001, s_size: 49390, n: 100, capac: 50000
almost,0.000001,0.050857,0.043990,0.000008,115793.549098,115793.549098,115793.549098
almost,0.000000,0.043221,0.051396,0.000010,118430.681514,118430.681514,118430.681514
almost,0.000000,0.057108,0.043754,0.000017,124887.070424,124887.070424,124887.070424
almost,0.000000,0.042987,0.043620,0.000007,116187.202941,116187.202941,116187.202941
almost,0.000000,0.042791,0.045269,0.000010,92157.619158,92157.619158,92157.619158
almost,0.000001,0.042963,0.043699,0.000008,122559.058874,122559.058874,122559.058874
almost,0.000001,0.043073,0.043508,0.000009,123420.686031,123420.686031,123420.686031
almost,0.000000,0.043167,0.047625,0.000014,127289.367405,127289.367405,127289.367405
almost,0.000000,0.043143,0.043527,0.000008,128138.989256,128138.989256,128138.989256
almost,0.000000,0.043589,0.043295,0.000011,124751.880421,124751.880421,124751.880421
almost,0.000000,0.045336,0.044504,0.000010,109404.829772,109404.829772,109404.829772
almost,0.000001,0.043448,0.042854,0.000012,122336.739109,122336.739109,122336.739109
almost,0.000001,0.053321,0.045155,0.000013,128235.060705,128235.060705,128235.060705
almost,0.000000,0.042954,0.043476,0.000007,124436.503302,124436.503302,124436.503302
almost,0.000000,0.044145,0.043472,0.000014,125586.042412,125586.042412,125586.042412
almost,0.000000,0.043160,0.043194,0.000010,128984.660621,128984.660621,128984.660621
almost,0.000000,0.043374,0.042925,0.000011,110698.309096,110698.309096,110698.309096
almost,0.000000,0.042487,0.043163,0.000012,110324.353347,110324.353347,110324.353347
almost,0.000000,0.043281,0.045170,0.000016,109477.980390,109477.980390,109477.980390
almost,0.000000,0.042983,0.043328,0.000012,136252.980197,136252.980197,136252.980197
almost,0.000000,0.042886,0.042861,0.000011,124677.958243,124677.958243,124677.958243
almost,0.000000,0.043199,0.043252,0.000018,122277.442332,122277.442332,122277.442332
almost,0.000000,0.042784,0.046833,0.000009,116666.161381,116666.161381,116666.161381
almost,0.000000,0.042596,0.043294,0.000009,101231.839288,101231.839288,101231.839288
almost,0.000000,0.044096,0.043240,0.000010,115017.753705,115017.753705,115017.753705
almost,0.000001,0.043151,0.043997,0.000010,99398.080998,99398.080998,99398.080998
almost,0.000000,0.044027,0.043851,0.000017,118388.954045,118388.954045,118388.954045
almost,0.000000,0.043532,0.043467,0.000007,111050.772747,111050.772747,111050.772747
almost,0.000000,0.042908,0.043148,0.000016,125074.281018,125074.281018,125074.281018
almost,0.000000,0.042857,0.042674,0.000008,119087.016638,119087.016638,119087.016638
almost,0.000000,0.042994,0.043048,0.000010,109615.673554,109615.673554,109615.673554
almost,0.000000,0.043941,0.043245,0.000013,131530.782913,131530.782913,131530.782913
almost,0.000000,0.042684,0.045569,0.000011,132634.582614,132634.582614,132634.582614
almost,0.000000,0.042570,0.042916,0.000011,119196.804037,119196.804037,119196.804037
almost,0.000000,0.043405,0.065689,0.000009,130689.661511,130689.661511,130689.661511
almost,0.000000,0.043871,0.043693,0.000010,110378.891921,110378.891921,110378.891921
almost,0.000001,0.043627,0.043061,0.000010,117097.796869,117097.796869,117097.796869
almost,0.000001,0.042652,0.042951,0.000028,137501.161283,137501.161283,137501.161283
almost,0.000000,0.043200,0.043059,0.000012,125864.837007,125864.837007,125864.837007
almost,0.000000,0.042899,0.043395,0.000008,114047.092822,114047.092822,114047.092822
almost,0.000000,0.044783,0.043168,0.000010,111551.924310,111551.924310,111551.924310
almost,0.000000,0.042757,0.043009,0.000012,110501.121921,110501.121921,110501.121921
almost,0.000000,0.043161,0.043859,0.000011,123592.751936,123592.751936,123592.751936
almost,0.000000,0.042659,0.047301,0.000015,115675.603694,115675.603694,115675.603694
almost,0.000000,0.043045,0.043344,0.000008,106668.930004,106668.930004,106668.930004
almost,0.000000,0.043229,0.043177,0.000010,141148.711456,141148.711456,141148.711456
almost,0.000000,0.042798,0.043363,0.000013,111792.468024,111792.468024,111792.468024
almost,0.000001,0.043094,0.052937,0.000014,130381.249938,130381.249938,130381.249938
almost,0.000000,0.042925,0.043230,0.000010,133301.676322,133301.676322,133301.676322
almost,0.000000,0.042919,0.043047,0.000012,115523.820799,115523.820799,115523.820799
almost,0.000000,0.042937,0.043518,0.000010,110359.781272,110359.781272,110359.781272
almost,0.000000,0.062269,0.046071,0.000008,129017.964832,129017.964832,129017.964832
almost,0.000000,0.051962,0.044252,0.000012,122965.993304,122965.993304,122965.993304
almost,0.000000,0.053188,0.043888,0.000010,139432.762166,139432.762166,139432.762166
almost,0.000000,0.045917,0.043289,0.000011,111782.480427,111782.480427,111782.480427
almost,0.000000,0.050715,0.043999,0.000012,136867.071741,136867.071741,136867.071741
almost,0.000000,0.042957,0.043564,0.000011,116875.961456,116875.961456,116875.961456
almost,0.000000,0.042875,0.043976,0.000014,110452.214354,110452.214354,110452.214354
almost,0.000000,0.042881,0.043345,0.000013,116909.656418,116909.656418,116909.656418
almost,0.000001,0.049776,0.053007,0.000015,131544.411776,131544.411776,131544.411776
almost,0.000001,0.043283,0.043309,0.000011,143215.674486,143215.674486,143215.674486
almost,0.000000,0.043258,0.045285,0.000011,95947.075770,95947.075770,95947.075770
almost,0.000000,0.044003,0.042901,0.000011,126562.255732,126562.255732,126562.255732
almost,0.000000,0.042801,0.044512,0.000014,110719.901512,110719.901512,110719.901512
almost,0.000000,0.042761,0.043091,0.000011,123536.732323,123536.732323,123536.732323
almost,0.000000,0.042811,0.043290,0.000014,123390.687430,123390.687430,123390.687430
almost,0.000000,0.043443,0.043106,0.000009,123368.884463,123368.884463,123368.884463
almost,0.000000,0.042868,0.045613,0.000014,118991.629301,118991.629301,118991.629301
almost,0.000000,0.044904,0.043592,0.000010,125844.373087,125844.373087,125844.373087
almost,0.000000,0.042856,0.043695,0.000010,102023.052686,102023.052686,102023.052686
almost,0.000000,0.043248,0.043133,0.000009,121268.896188,121268.896188,121268.896188
almost,0.000000,0.042836,0.044345,0.000011,97524.771142,97524.771142,97524.771142
almost,0.000000,0.045586,0.043789,0.000011,135774.805158,135774.805158,135774.805158
almost,0.000000,0.042759,0.042881,0.000014,127360.826713,127360.826713,127360.826713
almost,0.000000,0.043148,0.043617,0.000008,119082.891818,119082.891818,119082.891818
almost,0.000000,0.044287,0.043388,0.000013,124555.803243,124555.803243,124555.803243
almost,0.000001,0.044992,0.044092,0.000014,109936.336724,109936.336724,109936.336724
almost,0.000000,0.043167,0.043279,0.000014,125635.118734,125635.118734,125635.118734
almost,0.000000,0.042911,0.043014,0.000011,120577.572232,120577.572232,120577.572232
almost,0.000000,0.042632,0.043394,0.000015,113502.456875,113502.456875,113502.456875
almost,0.000000,0.042935,0.044076,0.000025,123340.352129,123340.352129,123340.352129
almost,0.000000,0.043191,0.043872,0.000009,127915.394425,127915.394425,127915.394425
almost,0.000001,0.043050,0.044091,0.000013,141455.574123,141455.574123,141455.574123
almost,0.000000,0.043051,0.044174,0.000006,137144.232550,137144.232550,137144.232550
almost,0.000001,0.042951,0.044601,0.000009,131665.172731,131665.172731,131665.172731
almost,0.000001,0.043058,0.043711,0.000010,142545.335228,142545.335228,142545.335228
almost,0.000000,0.042770,0.043429,0.000008,116867.379798,116867.379798,116867.379798
almost,0.000000,0.042963,0.043295,0.000013,129440.001147,129475.791737,129475.791737
almost,0.000000,0.042803,0.042987,0.000010,132877.231017,132877.231017,132877.231017
almost,0.000000,0.043251,0.043078,0.000012,129835.987205,129835.987205,129835.987205
almost,0.000000,0.042860,0.045052,0.000011,109229.316813,109229.316813,109229.316813
almost,0.000000,0.042754,0.046206,0.000010,129519.740622,129519.740622,129519.740622
almost,0.000000,0.043370,0.042828,0.000012,116871.636827,116871.636827,116871.636827
almost,0.000000,0.045666,0.043452,0.000011,112799.833902,112799.833902,112799.833902
almost,0.000001,0.043740,0.043710,0.000013,110655.029010,110655.029010,110655.029010
almost,0.000001,0.042705,0.043468,0.000007,131981.651183,131981.651183,131981.651183
almost,0.000000,0.047041,0.043069,0.000013,133873.676757,133873.676757,133873.676757
almost,0.000000,0.042671,0.044524,0.000010,110910.899506,110910.899506,110910.899506
almost,0.000000,0.044917,0.043293,0.000009,119281.408509,119281.408509,119281.408509
almost,0.000000,0.056021,0.044765,0.000013,126773.431588,126773.431588,126773.431588
-tsize: 50001, s_size: 44197, n: 100, capac: 50000
inv,0.000000,0.681595,0.695898,0.000009,109028.333845,109028.333845,109028.333845
inv,0.000000,0.701526,0.674028,0.000015,155297.856316,155297.856316,155297.856316
inv,0.000000,0.681443,0.675164,0.000008,111731.904105,111731.904105,111731.904105
inv,0.000000,0.672989,0.678590,0.000015,118254.641003,118254.641003,118254.641003
inv,0.000000,0.681187,0.672793,0.000010,151657.340891,151657.340891,151657.340891
inv,0.000000,0.673373,0.672979,0.000015,118702.441168,118702.441168,118702.441168
inv,0.000000,0.674499,0.668543,0.000012,126839.761408,126839.761408,126839.761408
inv,0.000000,0.669732,0.671261,0.000017,147144.607708,147144.607708,147144.607708
inv,0.000000,0.669707,0.672835,0.000010,126102.400966,126102.400966,126102.400966
inv,0.000000,0.674085,0.670509,0.000010,126503.025134,126503.025134,126503.025134
inv,0.000000,0.674217,0.671978,0.000010,155813.087753,155813.087753,155813.087753
inv,0.000000,0.672219,0.669848,0.000011,122939.946051,122939.946051,122939.946051
inv,0.000000,0.673396,0.671962,0.000011,170471.831220,170471.831220,170471.831220
inv,0.000001,0.683421,0.670689,0.000019,147905.566568,147905.566568,147905.566568
inv,0.000000,0.702242,0.696836,0.000007,165579.642416,165579.642416,165579.642416
inv,0.000000,0.680312,0.677360,0.000014,149067.168019,149067.168019,149067.168019
inv,0.000001,0.669921,0.669102,0.000046,123733.294825,123733.294825,123733.294825
inv,0.000001,0.687807,0.669061,0.000022,119857.110732,119857.110732,119857.110732
inv,0.000000,0.669382,0.669745,0.000018,172851.563500,172851.563500,172851.563500
inv,0.000000,0.673653,0.669579,0.000008,142826.752737,142826.752737,142826.752737
inv,0.000001,0.670419,0.680134,0.000010,137949.193440,137949.193440,137949.193440
inv,0.000000,0.695109,0.671265,0.000014,128711.850561,128711.850561,128711.850561
inv,0.000000,0.672380,0.674089,0.000013,108622.799651,108622.799651,108622.799651
inv,0.000001,0.673620,0.669854,0.000011,91877.618579,91877.618579,91877.618579
inv,0.000000,0.672288,0.668679,0.000014,143769.304896,143769.304896,143769.304896
inv,0.000000,0.671006,0.671364,0.000011,109782.082403,109782.082403,109782.082403
inv,0.000000,0.670131,0.672863,0.000009,163985.081348,163985.081348,163985.081348
inv,0.000000,0.683253,0.669310,0.000009,160885.550989,160885.550989,160885.550989
inv,0.000000,0.669665,0.672055,0.000011,92274.411289,92274.411289,92274.411289
inv,0.000000,0.671322,0.685593,0.000007,121186.386700,121186.386700,121186.386700
inv,0.000000,0.674782,0.668461,0.000010,167189.647114,167189.647114,167189.647114
inv,0.000000,0.670461,0.668971,0.000018,123600.400283,123600.400283,123600.400283
inv,0.000000,0.672942,0.670923,0.000010,142569.592321,142569.592321,142569.592321
inv,0.000000,0.670870,0.674570,0.000011,137390.166837,137390.166837,137390.166837
inv,0.000000,0.671401,0.671193,0.000009,151796.295655,151796.295655,151796.295655
inv,0.000000,0.671002,0.670732,0.000010,121191.989611,121191.989611,121191.989611
inv,0.000000,0.672464,0.669045,0.000021,112614.899553,112614.899553,112614.899553
inv,0.000000,0.671486,0.671874,0.000012,161461.358942,161461.358942,161461.358942
inv,0.000001,0.669700,0.671244,0.000012,161006.070945,161006.070945,161006.070945
inv,0.000000,0.704521,0.733402,0.000008,135925.085032,135925.085032,135925.085032
inv,0.000000,0.762083,0.793517,0.000008,116156.405436,116156.405436,116156.405436
inv,0.000000,0.711113,0.716283,0.000015,122774.902904,122774.902904,122774.902904
inv,0.000000,0.745795,0.718315,0.000010,102958.753055,102958.753055,102958.753055
inv,0.000000,0.692395,0.689031,0.000013,115168.073321,115168.073321,115168.073321
inv,0.000001,0.687254,0.673546,0.000009,101198.505261,101198.505261,101198.505261
inv,0.000001,0.766033,0.839435,0.000015,131970.782921,131970.782921,131970.782921
inv,0.000000,0.822194,0.741951,0.000010,135962.267015,135962.267015,135962.267015
inv,0.000000,0.800323,0.778011,0.000024,146006.679084,146006.679084,146006.679084
inv,0.000000,0.714327,0.692123,0.000012,126162.820644,126162.820644,126162.820644
inv,0.000000,0.688327,0.680484,0.000007,135349.937176,135349.937176,135349.937176
inv,0.000000,0.678323,0.679661,0.000008,168810.955037,168810.955037,168810.955037
inv,0.000000,0.678006,0.677575,0.000014,117259.896493,117259.896493,117259.896493
inv,0.000001,0.674393,0.675678,0.000080,144568.592932,144568.592932,144568.592932
inv,0.000000,0.675430,0.674967,0.000032,109258.669793,109258.669793,109258.669793
inv,0.000000,0.677327,0.682336,0.000025,112310.189991,112310.189991,112310.189991
inv,0.000000,0.684847,0.695913,0.000016,114625.233031,114625.233031,114625.233031
inv,0.000000,0.683708,0.687750,0.000007,141980.819624,141980.819624,141980.819624
inv,0.000000,0.692839,0.680028,0.000013,163126.346682,163126.346682,163126.346682
inv,0.000001,0.677689,0.673314,0.000023,153357.697252,153357.697252,153357.697252
inv,0.000000,0.677197,0.673122,0.000009,132268.933051,132268.933051,132268.933051
inv,0.000000,0.675468,0.676836,0.000029,138656.338598,138656.338598,138656.338598
inv,0.000000,0.678917,0.679659,0.000013,128454.551660,128454.551660,128454.551660
inv,0.000000,0.676961,0.752476,0.000007,130576.283954,130576.283954,130576.283954
inv,0.000000,0.730642,0.678730,0.000016,167036.986899,167036.986899,167036.986899
inv,0.000000,0.677097,0.675060,0.000016,116361.377611,116361.377611,116361.377611
inv,0.000000,0.685093,0.674830,0.000009,102270.375870,102270.375870,102270.375870
inv,0.000000,0.685944,0.696559,0.000013,128119.302984,128119.302984,128119.302984
inv,0.000000,0.674750,0.686917,0.000009,108377.093898,108377.093898,108377.093898
inv,0.000000,0.687104,0.688041,0.000009,115012.138142,115012.138142,115012.138142
inv,0.000000,0.676943,0.675602,0.000020,157182.628182,157182.628182,157182.628182
inv,0.000001,0.678569,0.672797,0.000009,137679.319237,137679.319237,137679.319237
inv,0.000000,0.676604,0.674063,0.000011,81267.672048,81267.672048,81267.672048
inv,0.000000,0.677133,0.674802,0.000017,141922.257526,141922.257526,141922.257526
inv,0.000001,0.672511,0.673302,0.000014,128156.578185,128156.578185,128156.578185
inv,0.000001,0.681835,0.676836,0.000010,125169.157492,125169.157492,125169.157492
inv,0.000000,0.676485,0.676828,0.000010,103629.716733,103629.716733,103629.716733
inv,0.000000,0.677376,0.687272,0.000008,119077.145495,119077.145495,119077.145495
inv,0.000001,0.673865,0.680041,0.000009,116163.120842,116163.120842,116163.120842
inv,0.000000,0.677554,0.673284,0.000011,141489.137332,141489.137332,141489.137332
inv,0.000000,0.677575,0.690199,0.000013,119888.664746,119888.664746,119888.664746
inv,0.000001,0.676335,0.674121,0.000011,141401.190798,141401.190798,141401.190798
inv,0.000000,0.676405,0.692363,0.000011,104445.889668,104445.889668,104445.889668
inv,0.000000,0.676751,0.680509,0.000009,120437.743424,120437.743424,120437.743424
inv,0.000000,0.674231,0.708652,0.000011,158703.533389,158703.533389,158703.533389
inv,0.000000,0.683140,0.695403,0.000013,128541.263567,128541.263567,128541.263567
inv,0.000000,0.687459,0.685720,0.000014,107240.953843,107240.953843,107240.953843
inv,0.000001,0.706490,0.686698,0.000012,137178.255110,137178.255110,137178.255110
inv,0.000000,0.679344,0.696167,0.000007,133673.351086,133673.351086,133673.351086
inv,0.000000,0.694759,0.678559,0.000020,106622.668911,106622.668911,106622.668911
inv,0.000000,0.687020,0.676000,0.000007,112061.658111,112061.658111,112061.658111
inv,0.000000,0.699140,0.721149,0.000012,137522.185699,137522.185699,137522.185699
inv,0.000000,0.693713,0.675538,0.000009,137143.663266,137143.663266,137143.663266
inv,0.000000,0.677799,0.679233,0.000011,150737.974789,150737.974789,150737.974789
inv,0.000000,0.676409,0.677985,0.000009,143230.927240,143230.927240,143230.927240
inv,0.000000,0.684226,0.695312,0.000012,128807.249694,128807.249694,128807.249694
inv,0.000000,0.677264,0.678451,0.000012,112515.988333,112515.988333,112515.988333
inv,0.000000,0.675134,0.674837,0.000013,167240.136669,167240.136669,167240.136669
inv,0.000000,0.677874,0.683710,0.000010,141687.633693,141687.633693,141687.633693
inv,0.000000,0.673288,0.678307,0.000009,187974.525175,187974.525175,187974.525175
inv,0.000000,0.684851,0.674164,0.000026,133015.121187,133015.121187,133015.121187
-tsize: 50001, s_size: 48781, n: 100, capac: 50000
str,0.000000,0.056520,0.055842,0.000009,106796.138213,106796.138213,106796.138213
str,0.000000,0.055822,0.056472,0.000010,108316.501404,108316.501404,108316.501404
str,0.000000,0.055898,0.056038,0.000011,126102.248606,126102.248606,126102.248606
str,0.000000,0.062212,0.056663,0.000012,124176.425696,124176.425696,124176.425696
str,0.000000,0.057395,0.064001,0.000008,103226.184192,103226.184192,103226.184192
str,0.000000,0.057325,0.057542,0.000015,105818.335400,105818.335400,105818.335400
str,0.000001,0.060785,0.056227,0.000011,123732.643923,123732.643923,123732.643923
str,0.000001,0.056066,0.056265,0.000023,98260.928656,98260.928656,98260.928656
str,0.000000,0.058053,0.056636,0.000012,126581.753738,126581.753738,126581.753738
str,0.000000,0.056781,0.061149,0.000008,116133.463010,116133.463010,116133.463010
str,0.000000,0.055722,0.055909,0.000010,118418.221928,118418.221928,118418.221928
str,0.000000,0.056405,0.057859,0.000012,132803.428283,132803.428283,132803.428283
str,0.000001,0.055923,0.059538,0.000012,128850.399138,128850.399138,128850.399138
str,0.000000,0.056648,0.055680,0.000012,100414.941849,100414.941849,100414.941849
str,0.000001,0.056295,0.055846,0.000015,113822.025890,113822.025890,113822.025890
str,0.000000,0.057702,0.055838,0.000006,122287.714117,122287.714117,122287.714117
str,0.000000,0.057784,0.055532,0.000013,113235.835139,113235.835139,113235.835139
str,0.000000,0.056004,0.056880,0.000007,114028.461626,114028.461626,114028.461626
str,0.000000,0.055909,0.056519,0.000013,106434.198678,106434.198678,106434.198678
str,0.000001,0.060838,0.056881,0.000011,109692.787529,109692.787529,109692.787529
str,0.000000,0.055600,0.056332,0.000012,133534.204652,133534.204652,133534.204652
str,0.000000,0.055657,0.056113,0.000014,129200.173360,129200.173360,129200.173360
str,0.000000,0.056693,0.060014,0.000011,107557.668077,107557.668077,107557.668077
str,0.000001,0.055906,0.056714,0.000010,118473.413012,118473.413012,118473.413012
str,0.000001,0.057034,0.055985,0.000026,116351.980824,116351.980824,116351.980824
str,0.000000,0.056027,0.060296,0.000012,122332.168270,122332.168270,122332.168270
str,0.000000,0.056274,0.055586,0.000012,124171.870822,124171.870822,124171.870822
str,0.000000,0.056029,0.059541,0.000013,108134.422222,108134.422222,108134.422222
str,0.000000,0.055884,0.057498,0.000015,106595.233857,106595.233857,106595.233857
str,0.000001,0.056802,0.056771,0.000009,109814.588624,109814.588624,109814.588624
str,0.000000,0.056055,0.056549,0.000010,112067.721028,112067.721028,112067.721028
str,0.000000,0.055822,0.056080,0.000009,101817.373478,101817.373478,101817.373478
str,0.000000,0.059913,0.055857,0.000007,116817.014153,116817.014153,116817.014153
str,0.000000,0.055796,0.055873,0.000012,127233.785835,127233.785835,127233.785835
str,0.000000,0.056288,0.055515,0.000008,126549.514589,126549.514589,126549.514589
str,0.000000,0.057431,0.063809,0.000009,129312.191492,129312.191492,129312.191492
str,0.000000,0.056562,0.055796,0.000010,114228.658925,114228.658925,114228.658925
str,0.000000,0.056734,0.056082,0.000010,131779.371863,131779.371863,131779.371863
str,0.000000,0.055684,0.060739,0.000008,114773.312665,114773.312665,114773.312665
str,0.000000,0.057116,0.063127,0.000010,124708.582372,124708.582372,124708.582372
str,0.000000,0.056083,0.055970,0.000011,89009.086549,89009.086549,89009.086549
str,0.000000,0.057811,0.057737,0.000015,120457.670321,120457.670321,120457.670321
str,0.000000,0.056645,0.058189,0.000012,98415.702776,98415.702776,98415.702776
str,0.000000,0.056415,0.056318,0.000017,105664.270698,105664.270698,105664.270698
str,0.000000,0.055788,0.056044,0.000011,124435.876104,124435.876104,124435.876104
str,0.000000,0.060587,0.063809,0.000010,108244.435918,108244.435918,108244.435918
str,0.000000,0.060407,0.066204,0.000015,132260.918909,132260.918909,132260.918909
str,0.000001,0.064170,0.056691,0.000008,103004.658748,103004.658748,103004.658748
str,0.000000,0.060033,0.055980,0.000011,119957.410908,119957.410908,119957.410908
str,0.000000,0.062722,0.067745,0.000013,124582.156609,124582.156609,124582.156609
str,0.000000,0.056037,0.078397,0.000010,121518.674422,121518.674422,121518.674422
str,0.000001,0.061866,0.055967,0.000015,110269.678743,110269.678743,110269.678743
str,0.000001,0.062321,0.056438,0.000011,121027.599526,121027.599526,121027.599526
str,0.000000,0.057449,0.056475,0.000016,132485.178937,132485.178937,132485.178937
str,0.000000,0.059608,0.058500,0.000011,115610.144831,115610.144831,115610.144831
str,0.000000,0.056128,0.057912,0.000010,99410.786271,99410.786271,99410.786271
str,0.000000,0.056912,0.055908,0.000012,104168.496296,104168.496296,104168.496296
str,0.000001,0.055638,0.057955,0.000015,104511.013582,104511.013582,104511.013582
str,0.000001,0.055741,0.057521,0.000014,109470.689152,109470.689152,109470.689152
str,0.000000,0.058560,0.055686,0.000012,132890.400813,132890.400813,132890.400813
str,0.000001,0.055622,0.061035,0.000012,98960.722430,98960.722430,98960.722430
str,0.000000,0.056309,0.055910,0.000010,137204.726460,137204.726460,137204.726460
str,0.000000,0.056397,0.057833,0.000014,139564.226542,139564.226542,139564.226542
str,0.000000,0.057226,0.055748,0.000014,104957.668483,104957.668483,104957.668483
str,0.000001,0.067087,0.055610,0.000011,104469.083578,104469.083578,104469.083578
str,0.000001,0.057945,0.055533,0.000014,117264.797830,117264.797830,117264.797830
str,0.000000,0.057783,0.055742,0.000009,128815.896443,128815.896443,128815.896443
str,0.000000,0.062689,0.060717,0.000008,104133.090839,104133.090839,104133.090839
str,0.000000,0.058626,0.056722,0.000021,110520.992102,110520.992102,110520.992102
str,0.000000,0.058166,0.055605,0.000008,125689.447046,125689.447046,125689.447046
str,0.000000,0.059828,0.057429,0.000017,100621.769374,100621.769374,100621.769374
str,0.000001,0.056711,0.055610,0.000013,108934.378107,108934.378107,108934.378107
str,0.000000,0.055682,0.057340,0.000016,124284.657150,124284.657150,124284.657150
str,0.000000,0.055990,0.060331,0.000014,96261.381458,96261.381458,96261.381458
str,0.000001,0.055928,0.060573,0.000010,112551.124772,112551.124772,112551.124772
str,0.000001,0.055981,0.055573,0.000015,117656.608968,117656.608968,117656.608968
str,0.000000,0.057851,0.059718,0.000014,120838.730566,120838.730566,120838.730566
str,0.000000,0.058430,0.055927,0.000015,123854.078709,123854.078709,123854.078709
str,0.000000,0.055988,0.055492,0.000010,104811.481708,104811.481708,104811.481708
str,0.000000,0.055820,0.056906,0.000011,128736.514381,128736.514381,128736.514381
str,0.000001,0.061157,0.056151,0.000009,115801.228958,115801.228958,115801.228958
str,0.000000,0.056637,0.056561,0.000012,128330.008016,128330.008016,128330.008016
str,0.000000,0.055761,0.056124,0.000008,143971.962293,143971.962293,143971.962293
str,0.000001,0.064845,0.056167,0.000009,132779.978999,132779.978999,132779.978999
str,0.000000,0.055692,0.055476,0.000013,118035.894171,118035.894171,118035.894171
str,0.000000,0.055898,0.055552,0.000010,123215.483281,123215.483281,123215.483281
str,0.000000,0.055640,0.061836,0.000008,115248.011763,115248.011763,115248.011763
str,0.000000,0.055637,0.056072,0.000010,98431.358242,98431.358242,98431.358242
str,0.000000,0.059482,0.056049,0.000013,123647.122135,123647.122135,123647.122135
str,0.000001,0.058715,0.065207,0.000012,121348.956484,121348.956484,121348.956484
str,0.000000,0.056469,0.055676,0.000009,110831.622988,110831.622988,110831.622988
str,0.000000,0.060024,0.055697,0.000011,118479.379919,118625.952404,118625.952404
str,0.000000,0.056000,0.055793,0.000010,108742.732751,108742.732751,108742.732751
str,0.000000,0.059205,0.058234,0.000024,95121.843335,95121.843335,95121.843335
str,0.000000,0.056188,0.055887,0.000019,124653.799091,124653.799091,124653.799091
str,0.000001,0.060390,0.071182,0.000013,131205.457596,131205.457596,131205.457596
str,0.000000,0.070293,0.086878,0.000011,109482.997183,109482.997183,109482.997183
str,0.000000,0.059758,0.056710,0.000012,131562.770625,131562.770625,131562.770625
str,0.000000,0.057638,0.057433,0.000009,137370.221898,137370.221898,137370.221898
str,0.000000,0.059923,0.057435,0.000009,112265.958366,112265.958366,112265.958366
-tsize: 50001, s_size: 46250, n: 100, capac: 50000
weak,0.000000,0.073579,0.076727,0.000011,66908.813908,66908.813908,66908.813908
weak,0.000000,0.074271,0.074633,0.000011,117035.256890,117035.256890,117035.256890
weak,0.000001,0.074141,0.075471,0.000006,136543.038969,136543.038969,136543.038969
weak,0.000001,0.073878,0.077634,0.000009,82890.232786,82890.232786,82890.232786
weak,0.000000,0.072940,0.074807,0.000007,88803.586074,88803.586074,88803.586074
weak,0.000000,0.072767,0.072178,0.000009,66347.403149,66347.403149,66347.403149
weak,0.000000,0.076508,0.072502,0.000019,86884.936512,86884.936512,86884.936512
weak,0.000000,0.082562,0.072747,0.000015,117943.300024,117943.300024,117943.300024
weak,0.000000,0.072839,0.075609,0.000011,110817.795487,110817.795487,110817.795487
weak,0.000000,0.073546,0.072454,0.000016,138548.831757,138548.831757,138548.831757
weak,0.000000,0.074524,0.072327,0.000016,88995.529148,88995.529148,88995.529148
weak,0.000000,0.072448,0.077186,0.000010,109020.411988,109020.411988,109020.411988
weak,0.000000,0.073722,0.074807,0.000011,91359.313682,91359.313682,91359.313682
weak,0.000000,0.074587,0.072566,0.000012,99727.910463,99727.910463,99727.910463
weak,0.000000,0.076700,0.072992,0.000014,77910.952224,77910.952224,77910.952224
weak,0.000000,0.073057,0.073653,0.000011,92946.673766,92946.673766,92946.673766
weak,0.000000,0.073727,0.073023,0.000017,61705.758208,61705.758208,61705.758208
weak,0.000001,0.076652,0.072674,0.000012,70173.530750,70173.530750,70173.530750
weak,0.000001,0.073368,0.074153,0.000010,90396.701193,90396.701193,90396.701193
weak,0.000000,0.074012,0.077419,0.000011,64479.413960,64479.413960,64479.413960
weak,0.000001,0.073245,0.072401,0.000010,65827.050289,65827.050289,65827.050289
weak,0.000000,0.072583,0.074548,0.000011,109706.776073,109706.776073,109706.776073
weak,0.000000,0.078828,0.074016,0.000012,72396.894642,72396.894642,72396.894642
weak,0.000000,0.074990,0.072588,0.000010,86803.001600,86803.001600,86803.001600
weak,0.000000,0.073737,0.073026,0.000013,102264.713517,102264.713517,102264.713517
weak,0.000000,0.077919,0.072677,0.000020,109371.181988,109371.181988,109371.181988
weak,0.000001,0.073501,0.073079,0.000015,91697.444746,91697.444746,91697.444746
weak,0.000000,0.074072,0.077458,0.000012,54962.960039,54962.960039,54962.960039
weak,0.000000,0.072608,0.072723,0.000007,90125.730789,90125.730789,90125.730789
weak,0.000000,0.072930,0.072233,0.000009,116500.810451,116500.810451,116500.810451
weak,0.000000,0.076061,0.073177,0.000008,82723.600868,82723.600868,82723.600868
weak,0.000000,0.072564,0.072997,0.000016,136639.622284,136639.622284,136639.622284
weak,0.000000,0.073199,0.072369,0.000039,97735.159214,97735.159214,97735.159214
weak,0.000000,0.077832,0.073575,0.000012,99749.606868,99749.606868,99749.606868
weak,0.000000,0.073390,0.072477,0.000011,116772.779238,116772.779238,116772.779238
weak,0.000000,0.072703,0.076091,0.000012,107131.959687,107131.959687,107131.959687
weak,0.000000,0.073562,0.074384,0.000017,95328.711194,95328.711194,95328.711194
weak,0.000001,0.073147,0.072806,0.000009,85598.227139,85598.227139,85598.227139
weak,0.000000,0.074125,0.076831,0.000009,101092.813177,101092.813177,101092.813177
weak,0.000000,0.079534,0.078851,0.000010,82029.259307,82029.259307,82029.259307
weak,0.000000,0.073721,0.076856,0.000009,82695.615020,82695.615020,82695.615020
weak,0.000000,0.078474,0.074574,0.000009,101723.144613,101723.144613,101723.144613
weak,0.000000,0.074780,0.072748,0.000016,100619.548026,100619.548026,100619.548026
weak,0.000000,0.072812,0.077939,0.000011,91870.904735,91870.904735,91870.904735
weak,0.000001,0.085362,0.085639,0.000009,131267.308620,131267.308620,131267.308620
weak,0.000000,0.092755,0.080261,0.000009,114326.238254,114326.238254,114326.238254
weak,0.000000,0.087819,0.074177,0.000010,122183.011735,122183.011735,122183.011735
weak,0.000000,0.078657,0.073091,0.000015,94549.490128,94549.490128,94549.490128
weak,0.000001,0.072831,0.078118,0.000010,91984.726518,91984.726518,91984.726518
weak,0.000000,0.074609,0.077730,0.000009,78061.362506,78061.362506,78061.362506
weak,0.000000,0.073436,0.073092,0.000009,119631.130995,119631.130995,119631.130995
weak,0.000000,0.076463,0.073340,0.000009,109431.893485,109431.893485,109431.893485
weak,0.000000,0.074508,0.073462,0.000009,115017.697401,115017.697401,115017.697401
weak,0.000000,0.072957,0.075066,0.000017,109859.224770,109859.224770,109859.224770
weak,0.000000,0.078430,0.073835,0.000007,85472.433900,85472.433900,85472.433900
weak,0.000000,0.074700,0.072785,0.000008,75331.034432,75331.034432,75331.034432
weak,0.000000,0.074021,0.077280,0.000008,73758.880288,73758.880288,73758.880288
weak,0.000001,0.073197,0.072552,0.000008,104953.719535,104953.719535,104953.719535
weak,0.000001,0.074301,0.072717,0.000009,109208.236691,109208.236691,109208.236691
weak,0.000000,0.072539,0.073415,0.000013,87825.481294,87825.481294,87825.481294
weak,0.000001,0.072796,0.072555,0.000013,107267.463713,107267.463713,107267.463713
weak,0.000001,0.075200,0.072226,0.000014,105400.184051,105400.184051,105400.184051
weak,0.000001,0.079399,0.072339,0.000010,110013.624794,110013.624794,110013.624794
weak,0.000000,0.074036,0.075069,0.000008,111161.459422,111161.459422,111161.459422
weak,0.000001,0.074170,0.076376,0.000010,74974.269421,74974.269421,74974.269421
weak,0.000000,0.073471,0.072353,0.000013,81383.700402,81383.700402,81383.700402
weak,0.000000,0.073691,0.074460,0.000010,60578.808820,60578.808820,60578.808820
weak,0.000000,0.075285,0.073495,0.000020,70656.885936,70656.885936,70656.885936
weak,0.000000,0.072557,0.073844,0.000010,103591.847649,103591.847649,103591.847649
weak,0.000000,0.072681,0.072962,0.000013,62964.226225,62964.226225,62964.226225
weak,0.000000,0.077672,0.072392,0.000011,88206.126090,88206.126090,88206.126090
weak,0.000000,0.073582,0.072328,0.000012,107393.764701,107393.764701,107393.764701
weak,0.000000,0.074390,0.078562,0.000015,77359.623737,77359.623737,77359.623737
weak,0.000000,0.073409,0.072422,0.000009,120231.018733,120231.018733,120231.018733
weak,0.000000,0.075679,0.072052,0.000019,106051.333157,106051.333157,106051.333157
weak,0.000000,0.074463,0.078624,0.000015,73338.357873,73338.357873,73338.357873
weak,0.000001,0.073612,0.072746,0.000012,77996.438524,77996.438524,77996.438524
weak,0.000001,0.074226,0.073015,0.000016,91757.434712,91757.434712,91757.434712
weak,0.000000,0.079894,0.072694,0.000007,85542.075396,85542.075396,85542.075396
weak,0.000000,0.075242,0.073337,0.000013,105343.972388,105343.972388,105343.972388
weak,0.000000,0.073930,0.077282,0.000013,101555.351453,101555.351453,101555.351453
weak,0.000000,0.074027,0.073281,0.000010,84240.929086,84240.929086,84240.929086
weak,0.000001,0.073172,0.073467,0.000008,76215.063701,76215.063701,76215.063701
weak,0.000000,0.072745,0.078103,0.000014,112737.353765,112737.353765,112737.353765
weak,0.000000,0.073662,0.072898,0.000012,84552.942619,84552.942619,84552.942619
weak,0.000000,0.072875,0.072795,0.000011,125607.779100,125607.779100,125607.779100
weak,0.000000,0.076895,0.073869,0.000013,96994.002854,96994.002854,96994.002854
weak,0.000000,0.073027,0.072644,0.000008,114074.317000,114074.317000,114074.317000
weak,0.000000,0.072702,0.077250,0.000016,80840.833479,80840.833479,80840.833479
weak,0.000000,0.074374,0.072745,0.000007,97187.191217,97187.191217,97187.191217
weak,0.000001,0.078053,0.081765,0.000012,92228.523266,92228.523266,92228.523266
weak,0.000000,0.074276,0.079333,0.000010,139910.739260,139910.739260,139910.739260
weak,0.000000,0.074816,0.075309,0.000010,85165.858310,85165.858310,85165.858310
weak,0.000000,0.073530,0.072821,0.000010,73595.069041,73595.069041,73595.069041
weak,0.000001,0.081345,0.074965,0.000009,127155.460197,127155.460197,127155.460197
weak,0.000000,0.084704,0.096990,0.000016,134181.956461,134181.956461,134181.956461
weak,0.000001,0.077174,0.076239,0.000011,65603.792885,65603.792885,65603.792885
weak,0.000000,0.075362,0.078458,0.000008,88379.954955,88379.954955,88379.954955
weak,0.000001,0.074077,0.074943,0.000014,123555.657011,123555.657011,123555.657011
weak,0.000001,0.117323,0.073054,0.000014,128317.285020,128317.285020,128317.285020
